[a1] 57 total runs (freq x patch x horizon)
[a1] === run 1/57: freq=hourly patch=2 horizon=5d ===
[a1_hourly_p2_5d] epoch 001/060 val_loss=365.79246826 best_val_loss=365.79246826 bad_epochs=0/8 epoch_time=00:00:04 eta=00:04:05
[a1_hourly_p2_5d] epoch 002/060 val_loss=81.65227051 best_val_loss=81.65227051 bad_epochs=0/8 epoch_time=00:00:04 eta=00:03:59
[a1_hourly_p2_5d] epoch 003/060 val_loss=75.44979782 best_val_loss=75.44979782 bad_epochs=0/8 epoch_time=00:00:04 eta=00:03:53
[a1_hourly_p2_5d] epoch 004/060 val_loss=67.06797485 best_val_loss=67.06797485 bad_epochs=0/8 epoch_time=00:00:04 eta=00:03:49
[a1_hourly_p2_5d] epoch 005/060 val_loss=59.78771019 best_val_loss=59.78771019 bad_epochs=0/8 epoch_time=00:00:04 eta=00:03:44
[a1_hourly_p2_5d] epoch 006/060 val_loss=58.07241974 best_val_loss=58.07241974 bad_epochs=0/8 epoch_time=00:00:04 eta=00:03:41
[a1_hourly_p2_5d] epoch 007/060 val_loss=55.42362556 best_val_loss=55.42362556 bad_epochs=0/8 epoch_time=00:00:04 eta=00:03:37
[a1_hourly_p2_5d] epoch 008/060 val_loss=52.15923233 best_val_loss=52.15923233 bad_epochs=0/8 epoch_time=00:00:04 eta=00:03:33
[a1_hourly_p2_5d] epoch 009/060 val_loss=61.58972015 best_val_loss=52.15923233 bad_epochs=1/8 epoch_time=00:00:04 eta=00:03:30
[a1_hourly_p2_5d] epoch 010/060 val_loss=45.33855362 best_val_loss=45.33855362 bad_epochs=0/8 epoch_time=00:00:04 eta=00:03:26
[a1_hourly_p2_5d] epoch 011/060 val_loss=45.12179604 best_val_loss=45.12179604 bad_epochs=0/8 epoch_time=00:00:04 eta=00:03:22
[a1_hourly_p2_5d] epoch 012/060 val_loss=44.14780884 best_val_loss=44.14780884 bad_epochs=0/8 epoch_time=00:00:04 eta=00:03:18
[a1_hourly_p2_5d] epoch 013/060 val_loss=40.91414452 best_val_loss=40.91414452 bad_epochs=0/8 epoch_time=00:00:04 eta=00:03:14
[a1_hourly_p2_5d] epoch 014/060 val_loss=50.94877777 best_val_loss=40.91414452 bad_epochs=1/8 epoch_time=00:00:04 eta=00:03:11
[a1_hourly_p2_5d] epoch 015/060 val_loss=43.99702454 best_val_loss=40.91414452 bad_epochs=2/8 epoch_time=00:00:04 eta=00:03:07
[a1_hourly_p2_5d] epoch 016/060 val_loss=33.49766159 best_val_loss=33.49766159 bad_epochs=0/8 epoch_time=00:00:04 eta=00:03:03
[a1_hourly_p2_5d] epoch 017/060 val_loss=37.19012604 best_val_loss=33.49766159 bad_epochs=1/8 epoch_time=00:00:04 eta=00:02:59
[a1_hourly_p2_5d] epoch 018/060 val_loss=31.72363243 best_val_loss=31.72363243 bad_epochs=0/8 epoch_time=00:00:04 eta=00:02:55
[a1_hourly_p2_5d] epoch 019/060 val_loss=26.20132465 best_val_loss=26.20132465 bad_epochs=0/8 epoch_time=00:00:04 eta=00:02:51
[a1_hourly_p2_5d] epoch 020/060 val_loss=27.45294418 best_val_loss=26.20132465 bad_epochs=1/8 epoch_time=00:00:04 eta=00:02:47
[a1_hourly_p2_5d] epoch 021/060 val_loss=26.70804291 best_val_loss=26.20132465 bad_epochs=2/8 epoch_time=00:00:04 eta=00:02:44
[a1_hourly_p2_5d] epoch 022/060 val_loss=61.36305237 best_val_loss=26.20132465 bad_epochs=3/8 epoch_time=00:00:04 eta=00:02:40
[a1_hourly_p2_5d] epoch 023/060 val_loss=27.01714039 best_val_loss=26.20132465 bad_epochs=4/8 epoch_time=00:00:04 eta=00:02:36
[a1_hourly_p2_5d] epoch 024/060 val_loss=27.12000618 best_val_loss=26.20132465 bad_epochs=5/8 epoch_time=00:00:04 eta=00:02:31
[a1_hourly_p2_5d] epoch 025/060 val_loss=22.12451115 best_val_loss=22.12451115 bad_epochs=0/8 epoch_time=00:00:04 eta=00:02:27
[a1_hourly_p2_5d] epoch 026/060 val_loss=28.20098629 best_val_loss=22.12451115 bad_epochs=1/8 epoch_time=00:00:04 eta=00:02:23
[a1_hourly_p2_5d] epoch 027/060 val_loss=19.64844894 best_val_loss=19.64844894 bad_epochs=0/8 epoch_time=00:00:04 eta=00:02:19
[a1_hourly_p2_5d] epoch 028/060 val_loss=22.60577316 best_val_loss=19.64844894 bad_epochs=1/8 epoch_time=00:00:04 eta=00:02:15
[a1_hourly_p2_5d] epoch 029/060 val_loss=21.56535263 best_val_loss=19.64844894 bad_epochs=2/8 epoch_time=00:00:04 eta=00:02:11
[a1_hourly_p2_5d] epoch 030/060 val_loss=31.86874084 best_val_loss=19.64844894 bad_epochs=3/8 epoch_time=00:00:04 eta=00:02:07
[a1_hourly_p2_5d] epoch 031/060 val_loss=34.96558876 best_val_loss=19.64844894 bad_epochs=4/8 epoch_time=00:00:04 eta=00:02:03
[a1_hourly_p2_5d] epoch 032/060 val_loss=20.03800468 best_val_loss=19.64844894 bad_epochs=5/8 epoch_time=00:00:04 eta=00:01:59
[a1_hourly_p2_5d] epoch 033/060 val_loss=22.49325218 best_val_loss=19.64844894 bad_epochs=6/8 epoch_time=00:00:04 eta=00:01:54
[a1_hourly_p2_5d] epoch 034/060 val_loss=19.69228382 best_val_loss=19.64844894 bad_epochs=7/8 epoch_time=00:00:04 eta=00:01:50
[a1_hourly_p2_5d] epoch 035/060 val_loss=17.57424908 best_val_loss=17.57424908 bad_epochs=0/8 epoch_time=00:00:04 eta=00:01:46
[a1_hourly_p2_5d] epoch 036/060 val_loss=15.97995777 best_val_loss=15.97995777 bad_epochs=0/8 epoch_time=00:00:04 eta=00:01:42
[a1_hourly_p2_5d] epoch 037/060 val_loss=15.18142433 best_val_loss=15.18142433 bad_epochs=0/8 epoch_time=00:00:04 eta=00:01:38
[a1_hourly_p2_5d] epoch 038/060 val_loss=20.70794411 best_val_loss=15.18142433 bad_epochs=1/8 epoch_time=00:00:04 eta=00:01:34
[a1_hourly_p2_5d] epoch 039/060 val_loss=15.54227028 best_val_loss=15.18142433 bad_epochs=2/8 epoch_time=00:00:04 eta=00:01:29
[a1_hourly_p2_5d] epoch 040/060 val_loss=18.08254738 best_val_loss=15.18142433 bad_epochs=3/8 epoch_time=00:00:04 eta=00:01:25
[a1_hourly_p2_5d] epoch 041/060 val_loss=18.38693523 best_val_loss=15.18142433 bad_epochs=4/8 epoch_time=00:00:04 eta=00:01:21
[a1_hourly_p2_5d] epoch 042/060 val_loss=14.50833311 best_val_loss=14.50833311 bad_epochs=0/8 epoch_time=00:00:04 eta=00:01:17
[a1_hourly_p2_5d] epoch 043/060 val_loss=14.86144648 best_val_loss=14.50833311 bad_epochs=1/8 epoch_time=00:00:04 eta=00:01:13
[a1_hourly_p2_5d] epoch 044/060 val_loss=17.61016483 best_val_loss=14.50833311 bad_epochs=2/8 epoch_time=00:00:04 eta=00:01:08
[a1_hourly_p2_5d] epoch 045/060 val_loss=18.10547752 best_val_loss=14.50833311 bad_epochs=3/8 epoch_time=00:00:04 eta=00:01:04
[a1_hourly_p2_5d] epoch 046/060 val_loss=18.36419106 best_val_loss=14.50833311 bad_epochs=4/8 epoch_time=00:00:04 eta=00:01:00
[a1_hourly_p2_5d] epoch 047/060 val_loss=18.06253948 best_val_loss=14.50833311 bad_epochs=5/8 epoch_time=00:00:04 eta=00:00:56
[a1_hourly_p2_5d] epoch 048/060 val_loss=18.07568722 best_val_loss=14.50833311 bad_epochs=6/8 epoch_time=00:00:04 eta=00:00:51
[a1_hourly_p2_5d] epoch 049/060 val_loss=17.78152065 best_val_loss=14.50833311 bad_epochs=7/8 epoch_time=00:00:04 eta=00:00:47
[a1_hourly_p2_5d] epoch 050/060 val_loss=17.18793964 best_val_loss=14.50833311 bad_epochs=8/8 epoch_time=00:00:04 eta=00:00:43
[a1_hourly_p2_5d] early stopping at epoch 50
[a1] done freq=hourly patch=2 horizon=5d test_mse=4.244083 test_corr=-0.0427 test_rank_corr=-0.1042 test_direction_acc=0.4252 (overall elapsed 00:03:37)
[a1] === run 2/57: freq=hourly patch=4 horizon=5d ===
[a1_hourly_p4_5d] epoch 001/060 val_loss=25677.88730469 best_val_loss=25677.88730469 bad_epochs=0/8 epoch_time=00:00:04 eta=00:03:29
[a1_hourly_p4_5d] epoch 002/060 val_loss=18112.75039062 best_val_loss=18112.75039062 bad_epochs=0/8 epoch_time=00:00:03 eta=00:03:24
[a1_hourly_p4_5d] epoch 003/060 val_loss=12091.51259766 best_val_loss=12091.51259766 bad_epochs=0/8 epoch_time=00:00:04 eta=00:03:21
[a1_hourly_p4_5d] epoch 004/060 val_loss=8721.08027344 best_val_loss=8721.08027344 bad_epochs=0/8 epoch_time=00:00:03 eta=00:03:16
[a1_hourly_p4_5d] epoch 005/060 val_loss=6035.89965820 best_val_loss=6035.89965820 bad_epochs=0/8 epoch_time=00:00:03 eta=00:03:12
[a1_hourly_p4_5d] epoch 006/060 val_loss=3460.36145020 best_val_loss=3460.36145020 bad_epochs=0/8 epoch_time=00:00:04 eta=00:03:09
[a1_hourly_p4_5d] epoch 007/060 val_loss=838.16094971 best_val_loss=838.16094971 bad_epochs=0/8 epoch_time=00:00:04 eta=00:03:06
[a1_hourly_p4_5d] epoch 008/060 val_loss=135.48370514 best_val_loss=135.48370514 bad_epochs=0/8 epoch_time=00:00:04 eta=00:03:02
[a1_hourly_p4_5d] epoch 009/060 val_loss=68.05939026 best_val_loss=68.05939026 bad_epochs=0/8 epoch_time=00:00:03 eta=00:02:59
[a1_hourly_p4_5d] epoch 010/060 val_loss=59.65611420 best_val_loss=59.65611420 bad_epochs=0/8 epoch_time=00:00:03 eta=00:02:55
[a1_hourly_p4_5d] epoch 011/060 val_loss=51.43452301 best_val_loss=51.43452301 bad_epochs=0/8 epoch_time=00:00:04 eta=00:02:52
[a1_hourly_p4_5d] epoch 012/060 val_loss=45.88685226 best_val_loss=45.88685226 bad_epochs=0/8 epoch_time=00:00:04 eta=00:02:48
[a1_hourly_p4_5d] epoch 013/060 val_loss=41.16905022 best_val_loss=41.16905022 bad_epochs=0/8 epoch_time=00:00:03 eta=00:02:45
[a1_hourly_p4_5d] epoch 014/060 val_loss=37.23712006 best_val_loss=37.23712006 bad_epochs=0/8 epoch_time=00:00:04 eta=00:02:41
[a1_hourly_p4_5d] epoch 015/060 val_loss=34.32921295 best_val_loss=34.32921295 bad_epochs=0/8 epoch_time=00:00:03 eta=00:02:38
[a1_hourly_p4_5d] epoch 016/060 val_loss=32.32166767 best_val_loss=32.32166767 bad_epochs=0/8 epoch_time=00:00:03 eta=00:02:34
[a1_hourly_p4_5d] epoch 017/060 val_loss=30.77793522 best_val_loss=30.77793522 bad_epochs=0/8 epoch_time=00:00:04 eta=00:02:31
[a1_hourly_p4_5d] epoch 018/060 val_loss=29.58740330 best_val_loss=29.58740330 bad_epochs=0/8 epoch_time=00:00:03 eta=00:02:27
[a1_hourly_p4_5d] epoch 019/060 val_loss=28.95965538 best_val_loss=28.95965538 bad_epochs=0/8 epoch_time=00:00:04 eta=00:02:24
[a1_hourly_p4_5d] epoch 020/060 val_loss=28.44450073 best_val_loss=28.44450073 bad_epochs=0/8 epoch_time=00:00:04 eta=00:02:20
[a1_hourly_p4_5d] epoch 021/060 val_loss=28.22732487 best_val_loss=28.22732487 bad_epochs=0/8 epoch_time=00:00:04 eta=00:02:17
[a1_hourly_p4_5d] epoch 022/060 val_loss=27.90059471 best_val_loss=27.90059471 bad_epochs=0/8 epoch_time=00:00:04 eta=00:02:13
[a1_hourly_p4_5d] epoch 023/060 val_loss=27.72825432 best_val_loss=27.72825432 bad_epochs=0/8 epoch_time=00:00:04 eta=00:02:10
[a1_hourly_p4_5d] epoch 024/060 val_loss=27.57866535 best_val_loss=27.57866535 bad_epochs=0/8 epoch_time=00:00:04 eta=00:02:06
[a1_hourly_p4_5d] epoch 025/060 val_loss=27.46528091 best_val_loss=27.46528091 bad_epochs=0/8 epoch_time=00:00:04 eta=00:02:03
[a1_hourly_p4_5d] epoch 026/060 val_loss=27.27673168 best_val_loss=27.27673168 bad_epochs=0/8 epoch_time=00:00:04 eta=00:01:59
[a1_hourly_p4_5d] epoch 027/060 val_loss=27.15916920 best_val_loss=27.15916920 bad_epochs=0/8 epoch_time=00:00:03 eta=00:01:56
[a1_hourly_p4_5d] epoch 028/060 val_loss=27.04077148 best_val_loss=27.04077148 bad_epochs=0/8 epoch_time=00:00:04 eta=00:01:52
[a1_hourly_p4_5d] epoch 029/060 val_loss=27.02849598 best_val_loss=27.02849598 bad_epochs=0/8 epoch_time=00:00:03 eta=00:01:49
[a1_hourly_p4_5d] epoch 030/060 val_loss=26.94470673 best_val_loss=26.94470673 bad_epochs=0/8 epoch_time=00:00:03 eta=00:01:45
[a1_hourly_p4_5d] epoch 031/060 val_loss=26.99191093 best_val_loss=26.94470673 bad_epochs=1/8 epoch_time=00:00:04 eta=00:01:42
[a1_hourly_p4_5d] epoch 032/060 val_loss=26.96526279 best_val_loss=26.94470673 bad_epochs=2/8 epoch_time=00:00:03 eta=00:01:38
[a1_hourly_p4_5d] epoch 033/060 val_loss=27.01391315 best_val_loss=26.94470673 bad_epochs=3/8 epoch_time=00:00:03 eta=00:01:35
[a1_hourly_p4_5d] epoch 034/060 val_loss=26.97245827 best_val_loss=26.94470673 bad_epochs=4/8 epoch_time=00:00:04 eta=00:01:31
[a1_hourly_p4_5d] epoch 035/060 val_loss=26.87572498 best_val_loss=26.87572498 bad_epochs=0/8 epoch_time=00:00:03 eta=00:01:28
[a1_hourly_p4_5d] epoch 036/060 val_loss=26.84682922 best_val_loss=26.84682922 bad_epochs=0/8 epoch_time=00:00:04 eta=00:01:24
[a1_hourly_p4_5d] epoch 037/060 val_loss=26.79608498 best_val_loss=26.79608498 bad_epochs=0/8 epoch_time=00:00:04 eta=00:01:21
[a1_hourly_p4_5d] epoch 038/060 val_loss=26.64674187 best_val_loss=26.64674187 bad_epochs=0/8 epoch_time=00:00:04 eta=00:01:17
[a1_hourly_p4_5d] epoch 039/060 val_loss=26.73773937 best_val_loss=26.64674187 bad_epochs=1/8 epoch_time=00:00:04 eta=00:01:14
[a1_hourly_p4_5d] epoch 040/060 val_loss=26.68959293 best_val_loss=26.64674187 bad_epochs=2/8 epoch_time=00:00:04 eta=00:01:10
[a1_hourly_p4_5d] epoch 041/060 val_loss=26.62879734 best_val_loss=26.62879734 bad_epochs=0/8 epoch_time=00:00:04 eta=00:01:07
[a1_hourly_p4_5d] epoch 042/060 val_loss=26.57664585 best_val_loss=26.57664585 bad_epochs=0/8 epoch_time=00:00:03 eta=00:01:03
[a1_hourly_p4_5d] epoch 043/060 val_loss=26.61800671 best_val_loss=26.57664585 bad_epochs=1/8 epoch_time=00:00:04 eta=00:01:00
[a1_hourly_p4_5d] epoch 044/060 val_loss=26.53542919 best_val_loss=26.53542919 bad_epochs=0/8 epoch_time=00:00:04 eta=00:00:56
[a1_hourly_p4_5d] epoch 045/060 val_loss=26.38915195 best_val_loss=26.38915195 bad_epochs=0/8 epoch_time=00:00:04 eta=00:00:53
[a1_hourly_p4_5d] epoch 046/060 val_loss=26.40266037 best_val_loss=26.38915195 bad_epochs=1/8 epoch_time=00:00:03 eta=00:00:49
[a1_hourly_p4_5d] epoch 047/060 val_loss=26.43292179 best_val_loss=26.38915195 bad_epochs=2/8 epoch_time=00:00:04 eta=00:00:46
[a1_hourly_p4_5d] epoch 048/060 val_loss=26.39026375 best_val_loss=26.38915195 bad_epochs=3/8 epoch_time=00:00:04 eta=00:00:42
[a1_hourly_p4_5d] epoch 049/060 val_loss=26.40442734 best_val_loss=26.38915195 bad_epochs=4/8 epoch_time=00:00:03 eta=00:00:39
[a1_hourly_p4_5d] epoch 050/060 val_loss=26.30584030 best_val_loss=26.30584030 bad_epochs=0/8 epoch_time=00:00:03 eta=00:00:35
[a1_hourly_p4_5d] epoch 051/060 val_loss=26.36847401 best_val_loss=26.30584030 bad_epochs=1/8 epoch_time=00:00:04 eta=00:00:32
[a1_hourly_p4_5d] epoch 052/060 val_loss=26.46777267 best_val_loss=26.30584030 bad_epochs=2/8 epoch_time=00:00:03 eta=00:00:28
[a1_hourly_p4_5d] epoch 053/060 val_loss=26.46855011 best_val_loss=26.30584030 bad_epochs=3/8 epoch_time=00:00:03 eta=00:00:25
[a1_hourly_p4_5d] epoch 054/060 val_loss=26.42014503 best_val_loss=26.30584030 bad_epochs=4/8 epoch_time=00:00:04 eta=00:00:21
[a1_hourly_p4_5d] epoch 055/060 val_loss=26.47204494 best_val_loss=26.30584030 bad_epochs=5/8 epoch_time=00:00:03 eta=00:00:18
[a1_hourly_p4_5d] epoch 056/060 val_loss=26.37429466 best_val_loss=26.30584030 bad_epochs=6/8 epoch_time=00:00:03 eta=00:00:14
[a1_hourly_p4_5d] epoch 057/060 val_loss=26.36232815 best_val_loss=26.30584030 bad_epochs=7/8 epoch_time=00:00:03 eta=00:00:10
[a1_hourly_p4_5d] epoch 058/060 val_loss=26.24578476 best_val_loss=26.24578476 bad_epochs=0/8 epoch_time=00:00:03 eta=00:00:07
[a1_hourly_p4_5d] epoch 059/060 val_loss=26.30818233 best_val_loss=26.24578476 bad_epochs=1/8 epoch_time=00:00:03 eta=00:00:03
[a1_hourly_p4_5d] epoch 060/060 val_loss=26.64697437 best_val_loss=26.24578476 bad_epochs=2/8 epoch_time=00:00:03 eta=00:00:00
[a1] done freq=hourly patch=4 horizon=5d test_mse=12.311772 test_corr=0.0093 test_rank_corr=0.1172 test_direction_acc=0.5511 (overall elapsed 00:07:08)
[a1] === run 3/57: freq=hourly patch=8 horizon=5d ===
[a1_hourly_p8_5d] epoch 001/060 val_loss=15908.61953125 best_val_loss=15908.61953125 bad_epochs=0/8 epoch_time=00:00:03 eta=00:03:01
[a1_hourly_p8_5d] epoch 002/060 val_loss=14042.25898437 best_val_loss=14042.25898437 bad_epochs=0/8 epoch_time=00:00:03 eta=00:02:56
[a1_hourly_p8_5d] epoch 003/060 val_loss=12640.98017578 best_val_loss=12640.98017578 bad_epochs=0/8 epoch_time=00:00:03 eta=00:02:54
[a1_hourly_p8_5d] epoch 004/060 val_loss=8841.37133789 best_val_loss=8841.37133789 bad_epochs=0/8 epoch_time=00:00:03 eta=00:02:50
[a1_hourly_p8_5d] epoch 005/060 val_loss=7177.19990234 best_val_loss=7177.19990234 bad_epochs=0/8 epoch_time=00:00:03 eta=00:02:47
[a1_hourly_p8_5d] epoch 006/060 val_loss=4085.56604004 best_val_loss=4085.56604004 bad_epochs=0/8 epoch_time=00:00:03 eta=00:02:44
[a1_hourly_p8_5d] epoch 007/060 val_loss=1748.41208496 best_val_loss=1748.41208496 bad_epochs=0/8 epoch_time=00:00:03 eta=00:02:41
[a1_hourly_p8_5d] epoch 008/060 val_loss=316.27407837 best_val_loss=316.27407837 bad_epochs=0/8 epoch_time=00:00:03 eta=00:02:37
[a1_hourly_p8_5d] epoch 009/060 val_loss=101.07874603 best_val_loss=101.07874603 bad_epochs=0/8 epoch_time=00:00:03 eta=00:02:34
[a1_hourly_p8_5d] epoch 010/060 val_loss=109.77239456 best_val_loss=101.07874603 bad_epochs=1/8 epoch_time=00:00:03 eta=00:02:31
[a1_hourly_p8_5d] epoch 011/060 val_loss=94.36473999 best_val_loss=94.36473999 bad_epochs=0/8 epoch_time=00:00:03 eta=00:02:28
[a1_hourly_p8_5d] epoch 012/060 val_loss=95.57119293 best_val_loss=94.36473999 bad_epochs=1/8 epoch_time=00:00:03 eta=00:02:25
[a1_hourly_p8_5d] epoch 013/060 val_loss=97.63535767 best_val_loss=94.36473999 bad_epochs=2/8 epoch_time=00:00:03 eta=00:02:22
[a1_hourly_p8_5d] epoch 014/060 val_loss=91.49450455 best_val_loss=91.49450455 bad_epochs=0/8 epoch_time=00:00:03 eta=00:02:19
[a1_hourly_p8_5d] epoch 015/060 val_loss=74.43629761 best_val_loss=74.43629761 bad_epochs=0/8 epoch_time=00:00:03 eta=00:02:16
[a1_hourly_p8_5d] epoch 016/060 val_loss=90.39757843 best_val_loss=74.43629761 bad_epochs=1/8 epoch_time=00:00:03 eta=00:02:13
[a1_hourly_p8_5d] epoch 017/060 val_loss=75.98819504 best_val_loss=74.43629761 bad_epochs=2/8 epoch_time=00:00:03 eta=00:02:10
[a1_hourly_p8_5d] epoch 018/060 val_loss=89.19273224 best_val_loss=74.43629761 bad_epochs=3/8 epoch_time=00:00:03 eta=00:02:07
[a1_hourly_p8_5d] epoch 019/060 val_loss=77.64834824 best_val_loss=74.43629761 bad_epochs=4/8 epoch_time=00:00:03 eta=00:02:04
[a1_hourly_p8_5d] epoch 020/060 val_loss=88.08878250 best_val_loss=74.43629761 bad_epochs=5/8 epoch_time=00:00:03 eta=00:02:01
[a1_hourly_p8_5d] epoch 021/060 val_loss=77.31787872 best_val_loss=74.43629761 bad_epochs=6/8 epoch_time=00:00:03 eta=00:01:58
[a1_hourly_p8_5d] epoch 022/060 val_loss=86.95758209 best_val_loss=74.43629761 bad_epochs=7/8 epoch_time=00:00:03 eta=00:01:55
[a1_hourly_p8_5d] epoch 023/060 val_loss=76.95880280 best_val_loss=74.43629761 bad_epochs=8/8 epoch_time=00:00:03 eta=00:01:52
[a1_hourly_p8_5d] early stopping at epoch 23
[a1] done freq=hourly patch=8 horizon=5d test_mse=31.486706 test_corr=0.0541 test_rank_corr=0.0899 test_direction_acc=0.4599 (overall elapsed 00:08:19)
[a1] === run 4/57: freq=hourly patch=12 horizon=5d ===
[a1_hourly_p12_5d] epoch 001/060 val_loss=36538.90390625 best_val_loss=36538.90390625 bad_epochs=0/8 epoch_time=00:00:03 eta=00:02:55
[a1_hourly_p12_5d] epoch 002/060 val_loss=27336.83867188 best_val_loss=27336.83867188 bad_epochs=0/8 epoch_time=00:00:03 eta=00:02:52
[a1_hourly_p12_5d] epoch 003/060 val_loss=24107.23593750 best_val_loss=24107.23593750 bad_epochs=0/8 epoch_time=00:00:03 eta=00:02:49
[a1_hourly_p12_5d] epoch 004/060 val_loss=19643.33085938 best_val_loss=19643.33085938 bad_epochs=0/8 epoch_time=00:00:03 eta=00:02:46
[a1_hourly_p12_5d] epoch 005/060 val_loss=15070.49960937 best_val_loss=15070.49960937 bad_epochs=0/8 epoch_time=00:00:03 eta=00:02:42
[a1_hourly_p12_5d] epoch 006/060 val_loss=14749.81562500 best_val_loss=14749.81562500 bad_epochs=0/8 epoch_time=00:00:03 eta=00:02:42
[a1_hourly_p12_5d] epoch 007/060 val_loss=11635.48017578 best_val_loss=11635.48017578 bad_epochs=0/8 epoch_time=00:00:03 eta=00:02:38
[a1_hourly_p12_5d] epoch 008/060 val_loss=9123.03720703 best_val_loss=9123.03720703 bad_epochs=0/8 epoch_time=00:00:03 eta=00:02:35
[a1_hourly_p12_5d] epoch 009/060 val_loss=7186.44799805 best_val_loss=7186.44799805 bad_epochs=0/8 epoch_time=00:00:03 eta=00:02:32
[a1_hourly_p12_5d] epoch 010/060 val_loss=4823.53854980 best_val_loss=4823.53854980 bad_epochs=0/8 epoch_time=00:00:03 eta=00:02:29
[a1_hourly_p12_5d] epoch 011/060 val_loss=2824.38632813 best_val_loss=2824.38632813 bad_epochs=0/8 epoch_time=00:00:03 eta=00:02:26
[a1_hourly_p12_5d] epoch 012/060 val_loss=274.31989441 best_val_loss=274.31989441 bad_epochs=0/8 epoch_time=00:00:03 eta=00:02:23
[a1_hourly_p12_5d] epoch 013/060 val_loss=197.60167084 best_val_loss=197.60167084 bad_epochs=0/8 epoch_time=00:00:03 eta=00:02:20
[a1_hourly_p12_5d] epoch 014/060 val_loss=99.94206467 best_val_loss=99.94206467 bad_epochs=0/8 epoch_time=00:00:03 eta=00:02:17
[a1_hourly_p12_5d] epoch 015/060 val_loss=59.80007973 best_val_loss=59.80007973 bad_epochs=0/8 epoch_time=00:00:03 eta=00:02:14
[a1_hourly_p12_5d] epoch 016/060 val_loss=55.45953407 best_val_loss=55.45953407 bad_epochs=0/8 epoch_time=00:00:03 eta=00:02:11
[a1_hourly_p12_5d] epoch 017/060 val_loss=75.00318832 best_val_loss=55.45953407 bad_epochs=1/8 epoch_time=00:00:03 eta=00:02:08
[a1_hourly_p12_5d] epoch 018/060 val_loss=50.85352859 best_val_loss=50.85352859 bad_epochs=0/8 epoch_time=00:00:03 eta=00:02:05
[a1_hourly_p12_5d] epoch 019/060 val_loss=46.60300293 best_val_loss=46.60300293 bad_epochs=0/8 epoch_time=00:00:03 eta=00:02:02
[a1_hourly_p12_5d] epoch 020/060 val_loss=65.29851341 best_val_loss=46.60300293 bad_epochs=1/8 epoch_time=00:00:03 eta=00:01:59
[a1_hourly_p12_5d] epoch 021/060 val_loss=43.55675697 best_val_loss=43.55675697 bad_epochs=0/8 epoch_time=00:00:03 eta=00:01:56
[a1_hourly_p12_5d] epoch 022/060 val_loss=39.03853836 best_val_loss=39.03853836 bad_epochs=0/8 epoch_time=00:00:03 eta=00:01:53
[a1_hourly_p12_5d] epoch 023/060 val_loss=57.56031113 best_val_loss=39.03853836 bad_epochs=1/8 epoch_time=00:00:03 eta=00:01:50
[a1_hourly_p12_5d] epoch 024/060 val_loss=36.74044361 best_val_loss=36.74044361 bad_epochs=0/8 epoch_time=00:00:03 eta=00:01:47
[a1_hourly_p12_5d] epoch 025/060 val_loss=32.42325134 best_val_loss=32.42325134 bad_epochs=0/8 epoch_time=00:00:03 eta=00:01:44
[a1_hourly_p12_5d] epoch 026/060 val_loss=53.16930923 best_val_loss=32.42325134 bad_epochs=1/8 epoch_time=00:00:03 eta=00:01:41
[a1_hourly_p12_5d] epoch 027/060 val_loss=31.48957634 best_val_loss=31.48957634 bad_epochs=0/8 epoch_time=00:00:03 eta=00:01:39
[a1_hourly_p12_5d] epoch 028/060 val_loss=27.75218391 best_val_loss=27.75218391 bad_epochs=0/8 epoch_time=00:00:03 eta=00:01:36
[a1_hourly_p12_5d] epoch 029/060 val_loss=46.22822838 best_val_loss=27.75218391 bad_epochs=1/8 epoch_time=00:00:03 eta=00:01:33
[a1_hourly_p12_5d] epoch 030/060 val_loss=28.06724949 best_val_loss=27.75218391 bad_epochs=2/8 epoch_time=00:00:03 eta=00:01:30
[a1_hourly_p12_5d] epoch 031/060 val_loss=24.00422688 best_val_loss=24.00422688 bad_epochs=0/8 epoch_time=00:00:03 eta=00:01:26
[a1_hourly_p12_5d] epoch 032/060 val_loss=44.71897697 best_val_loss=24.00422688 bad_epochs=1/8 epoch_time=00:00:03 eta=00:01:23
[a1_hourly_p12_5d] epoch 033/060 val_loss=25.08177471 best_val_loss=24.00422688 bad_epochs=2/8 epoch_time=00:00:03 eta=00:01:21
[a1_hourly_p12_5d] epoch 034/060 val_loss=21.30384073 best_val_loss=21.30384073 bad_epochs=0/8 epoch_time=00:00:03 eta=00:01:17
[a1_hourly_p12_5d] epoch 035/060 val_loss=41.90005035 best_val_loss=21.30384073 bad_epochs=1/8 epoch_time=00:00:03 eta=00:01:14
[a1_hourly_p12_5d] epoch 036/060 val_loss=23.64009142 best_val_loss=21.30384073 bad_epochs=2/8 epoch_time=00:00:03 eta=00:01:12
[a1_hourly_p12_5d] epoch 037/060 val_loss=20.16896887 best_val_loss=20.16896887 bad_epochs=0/8 epoch_time=00:00:03 eta=00:01:08
[a1_hourly_p12_5d] epoch 038/060 val_loss=40.52996597 best_val_loss=20.16896887 bad_epochs=1/8 epoch_time=00:00:03 eta=00:01:05
[a1_hourly_p12_5d] epoch 039/060 val_loss=23.10589399 best_val_loss=20.16896887 bad_epochs=2/8 epoch_time=00:00:03 eta=00:01:03
[a1_hourly_p12_5d] epoch 040/060 val_loss=19.54015312 best_val_loss=19.54015312 bad_epochs=0/8 epoch_time=00:00:03 eta=00:01:00
[a1_hourly_p12_5d] epoch 041/060 val_loss=38.73310242 best_val_loss=19.54015312 bad_epochs=1/8 epoch_time=00:00:03 eta=00:00:57
[a1_hourly_p12_5d] epoch 042/060 val_loss=22.71135235 best_val_loss=19.54015312 bad_epochs=2/8 epoch_time=00:00:03 eta=00:00:54
[a1_hourly_p12_5d] epoch 043/060 val_loss=19.37791739 best_val_loss=19.37791739 bad_epochs=0/8 epoch_time=00:00:03 eta=00:00:51
[a1_hourly_p12_5d] epoch 044/060 val_loss=37.60132160 best_val_loss=19.37791739 bad_epochs=1/8 epoch_time=00:00:03 eta=00:00:48
[a1_hourly_p12_5d] epoch 045/060 val_loss=22.71618767 best_val_loss=19.37791739 bad_epochs=2/8 epoch_time=00:00:03 eta=00:00:45
[a1_hourly_p12_5d] epoch 046/060 val_loss=19.23451443 best_val_loss=19.23451443 bad_epochs=0/8 epoch_time=00:00:03 eta=00:00:42
[a1_hourly_p12_5d] epoch 047/060 val_loss=36.66231232 best_val_loss=19.23451443 bad_epochs=1/8 epoch_time=00:00:03 eta=00:00:39
[a1_hourly_p12_5d] epoch 048/060 val_loss=22.55296936 best_val_loss=19.23451443 bad_epochs=2/8 epoch_time=00:00:03 eta=00:00:36
[a1_hourly_p12_5d] epoch 049/060 val_loss=19.20665054 best_val_loss=19.20665054 bad_epochs=0/8 epoch_time=00:00:03 eta=00:00:33
[a1_hourly_p12_5d] epoch 050/060 val_loss=36.78928947 best_val_loss=19.20665054 bad_epochs=1/8 epoch_time=00:00:03 eta=00:00:30
[a1_hourly_p12_5d] epoch 051/060 val_loss=22.51017857 best_val_loss=19.20665054 bad_epochs=2/8 epoch_time=00:00:03 eta=00:00:27
[a1_hourly_p12_5d] epoch 052/060 val_loss=19.31677685 best_val_loss=19.20665054 bad_epochs=3/8 epoch_time=00:00:03 eta=00:00:24
[a1_hourly_p12_5d] epoch 053/060 val_loss=36.49241829 best_val_loss=19.20665054 bad_epochs=4/8 epoch_time=00:00:03 eta=00:00:21
[a1_hourly_p12_5d] epoch 054/060 val_loss=23.01706619 best_val_loss=19.20665054 bad_epochs=5/8 epoch_time=00:00:03 eta=00:00:18
[a1_hourly_p12_5d] epoch 055/060 val_loss=19.43451958 best_val_loss=19.20665054 bad_epochs=6/8 epoch_time=00:00:03 eta=00:00:15
[a1_hourly_p12_5d] epoch 056/060 val_loss=35.88171635 best_val_loss=19.20665054 bad_epochs=7/8 epoch_time=00:00:03 eta=00:00:12
[a1_hourly_p12_5d] epoch 057/060 val_loss=22.78104477 best_val_loss=19.20665054 bad_epochs=8/8 epoch_time=00:00:03 eta=00:00:09
[a1_hourly_p12_5d] early stopping at epoch 57
[a1] done freq=hourly patch=12 horizon=5d test_mse=4.952705 test_corr=-0.0352 test_rank_corr=-0.1314 test_direction_acc=0.4270 (overall elapsed 00:11:10)
[a1] === run 5/57: freq=halfday patch=2 horizon=5d ===
[a1_halfday_p2_5d] epoch 001/060 val_loss=64229.12343750 best_val_loss=64229.12343750 bad_epochs=0/8 epoch_time=00:00:04 eta=00:03:31
[a1_halfday_p2_5d] epoch 002/060 val_loss=46177.49140625 best_val_loss=46177.49140625 bad_epochs=0/8 epoch_time=00:00:04 eta=00:03:30
[a1_halfday_p2_5d] epoch 003/060 val_loss=32337.01406250 best_val_loss=32337.01406250 bad_epochs=0/8 epoch_time=00:00:04 eta=00:03:27
[a1_halfday_p2_5d] epoch 004/060 val_loss=21401.85097656 best_val_loss=21401.85097656 bad_epochs=0/8 epoch_time=00:00:04 eta=00:03:24
[a1_halfday_p2_5d] epoch 005/060 val_loss=10460.63085938 best_val_loss=10460.63085938 bad_epochs=0/8 epoch_time=00:00:04 eta=00:03:21
[a1_halfday_p2_5d] epoch 006/060 val_loss=14.62092276 best_val_loss=14.62092276 bad_epochs=0/8 epoch_time=00:00:04 eta=00:03:17
[a1_halfday_p2_5d] epoch 007/060 val_loss=686.92476196 best_val_loss=14.62092276 bad_epochs=1/8 epoch_time=00:00:04 eta=00:03:14
[a1_halfday_p2_5d] epoch 008/060 val_loss=124.39690552 best_val_loss=14.62092276 bad_epochs=2/8 epoch_time=00:00:04 eta=00:03:11
[a1_halfday_p2_5d] epoch 009/060 val_loss=256.68560181 best_val_loss=14.62092276 bad_epochs=3/8 epoch_time=00:00:04 eta=00:03:08
[a1_halfday_p2_5d] epoch 010/060 val_loss=119.25882874 best_val_loss=14.62092276 bad_epochs=4/8 epoch_time=00:00:04 eta=00:03:05
[a1_halfday_p2_5d] epoch 011/060 val_loss=40.45128975 best_val_loss=14.62092276 bad_epochs=5/8 epoch_time=00:00:04 eta=00:03:01
[a1_halfday_p2_5d] epoch 012/060 val_loss=14.34590340 best_val_loss=14.34590340 bad_epochs=0/8 epoch_time=00:00:04 eta=00:02:57
[a1_halfday_p2_5d] epoch 013/060 val_loss=35.74603767 best_val_loss=14.34590340 bad_epochs=1/8 epoch_time=00:00:04 eta=00:02:54
[a1_halfday_p2_5d] epoch 014/060 val_loss=19.32096367 best_val_loss=14.34590340 bad_epochs=2/8 epoch_time=00:00:04 eta=00:02:50
[a1_halfday_p2_5d] epoch 015/060 val_loss=28.22054596 best_val_loss=14.34590340 bad_epochs=3/8 epoch_time=00:00:04 eta=00:02:47
[a1_halfday_p2_5d] epoch 016/060 val_loss=28.54620171 best_val_loss=14.34590340 bad_epochs=4/8 epoch_time=00:00:04 eta=00:02:44
[a1_halfday_p2_5d] epoch 017/060 val_loss=15.75111923 best_val_loss=14.34590340 bad_epochs=5/8 epoch_time=00:00:04 eta=00:02:41
[a1_halfday_p2_5d] epoch 018/060 val_loss=43.96721687 best_val_loss=14.34590340 bad_epochs=6/8 epoch_time=00:00:04 eta=00:02:37
[a1_halfday_p2_5d] epoch 019/060 val_loss=2.53117585 best_val_loss=2.53117585 bad_epochs=0/8 epoch_time=00:00:04 eta=00:02:33
[a1_halfday_p2_5d] epoch 020/060 val_loss=47.15769501 best_val_loss=2.53117585 bad_epochs=1/8 epoch_time=00:00:04 eta=00:02:30
[a1_halfday_p2_5d] epoch 021/060 val_loss=5.06020675 best_val_loss=2.53117585 bad_epochs=2/8 epoch_time=00:00:04 eta=00:02:26
[a1_halfday_p2_5d] epoch 022/060 val_loss=43.85224991 best_val_loss=2.53117585 bad_epochs=3/8 epoch_time=00:00:04 eta=00:02:23
[a1_halfday_p2_5d] epoch 023/060 val_loss=9.09465218 best_val_loss=2.53117585 bad_epochs=4/8 epoch_time=00:00:04 eta=00:02:19
[a1_halfday_p2_5d] epoch 024/060 val_loss=38.22192612 best_val_loss=2.53117585 bad_epochs=5/8 epoch_time=00:00:04 eta=00:02:15
[a1_halfday_p2_5d] epoch 025/060 val_loss=15.66029758 best_val_loss=2.53117585 bad_epochs=6/8 epoch_time=00:00:04 eta=00:02:11
[a1_halfday_p2_5d] epoch 026/060 val_loss=30.06953011 best_val_loss=2.53117585 bad_epochs=7/8 epoch_time=00:00:04 eta=00:02:08
[a1_halfday_p2_5d] epoch 027/060 val_loss=26.11151352 best_val_loss=2.53117585 bad_epochs=8/8 epoch_time=00:00:04 eta=00:02:04
[a1_halfday_p2_5d] early stopping at epoch 27
[a1] done freq=halfday patch=2 horizon=5d test_mse=0.084366 test_corr=-0.1498 test_rank_corr=-0.1041 test_direction_acc=0.5109 (overall elapsed 00:12:53)
[a1] === run 6/57: freq=halfday patch=4 horizon=5d ===
[a1_halfday_p4_5d] epoch 001/060 val_loss=96381.73984375 best_val_loss=96381.73984375 bad_epochs=0/8 epoch_time=00:00:03 eta=00:03:01
[a1_halfday_p4_5d] epoch 002/060 val_loss=77153.07578125 best_val_loss=77153.07578125 bad_epochs=0/8 epoch_time=00:00:03 eta=00:02:57
[a1_halfday_p4_5d] epoch 003/060 val_loss=62062.31132812 best_val_loss=62062.31132812 bad_epochs=0/8 epoch_time=00:00:03 eta=00:02:53
[a1_halfday_p4_5d] epoch 004/060 val_loss=49303.63437500 best_val_loss=49303.63437500 bad_epochs=0/8 epoch_time=00:00:03 eta=00:02:50
[a1_halfday_p4_5d] epoch 005/060 val_loss=40187.43203125 best_val_loss=40187.43203125 bad_epochs=0/8 epoch_time=00:00:03 eta=00:02:47
[a1_halfday_p4_5d] epoch 006/060 val_loss=31549.90429688 best_val_loss=31549.90429688 bad_epochs=0/8 epoch_time=00:00:03 eta=00:02:44
[a1_halfday_p4_5d] epoch 007/060 val_loss=23840.92382812 best_val_loss=23840.92382812 bad_epochs=0/8 epoch_time=00:00:03 eta=00:02:41
[a1_halfday_p4_5d] epoch 008/060 val_loss=15819.64960937 best_val_loss=15819.64960937 bad_epochs=0/8 epoch_time=00:00:03 eta=00:02:38
[a1_halfday_p4_5d] epoch 009/060 val_loss=7393.27070313 best_val_loss=7393.27070313 bad_epochs=0/8 epoch_time=00:00:03 eta=00:02:35
[a1_halfday_p4_5d] epoch 010/060 val_loss=683.41325684 best_val_loss=683.41325684 bad_epochs=0/8 epoch_time=00:00:03 eta=00:02:32
[a1_halfday_p4_5d] epoch 011/060 val_loss=590.88900146 best_val_loss=590.88900146 bad_epochs=0/8 epoch_time=00:00:03 eta=00:02:29
[a1_halfday_p4_5d] epoch 012/060 val_loss=140.43311462 best_val_loss=140.43311462 bad_epochs=0/8 epoch_time=00:00:03 eta=00:02:26
[a1_halfday_p4_5d] epoch 013/060 val_loss=118.52446899 best_val_loss=118.52446899 bad_epochs=0/8 epoch_time=00:00:03 eta=00:02:23
[a1_halfday_p4_5d] epoch 014/060 val_loss=59.30433044 best_val_loss=59.30433044 bad_epochs=0/8 epoch_time=00:00:03 eta=00:02:20
[a1_halfday_p4_5d] epoch 015/060 val_loss=117.49071960 best_val_loss=59.30433044 bad_epochs=1/8 epoch_time=00:00:03 eta=00:02:17
[a1_halfday_p4_5d] epoch 016/060 val_loss=90.53386765 best_val_loss=59.30433044 bad_epochs=2/8 epoch_time=00:00:03 eta=00:02:14
[a1_halfday_p4_5d] epoch 017/060 val_loss=60.25435905 best_val_loss=59.30433044 bad_epochs=3/8 epoch_time=00:00:03 eta=00:02:11
[a1_halfday_p4_5d] epoch 018/060 val_loss=43.74885101 best_val_loss=43.74885101 bad_epochs=0/8 epoch_time=00:00:03 eta=00:02:08
[a1_halfday_p4_5d] epoch 019/060 val_loss=94.85757904 best_val_loss=43.74885101 bad_epochs=1/8 epoch_time=00:00:03 eta=00:02:05
[a1_halfday_p4_5d] epoch 020/060 val_loss=189.86655273 best_val_loss=43.74885101 bad_epochs=2/8 epoch_time=00:00:03 eta=00:02:02
[a1_halfday_p4_5d] epoch 021/060 val_loss=103.90075531 best_val_loss=43.74885101 bad_epochs=3/8 epoch_time=00:00:03 eta=00:01:59
[a1_halfday_p4_5d] epoch 022/060 val_loss=89.73761826 best_val_loss=43.74885101 bad_epochs=4/8 epoch_time=00:00:03 eta=00:01:56
[a1_halfday_p4_5d] epoch 023/060 val_loss=34.14793396 best_val_loss=34.14793396 bad_epochs=0/8 epoch_time=00:00:03 eta=00:01:53
[a1_halfday_p4_5d] epoch 024/060 val_loss=32.46358166 best_val_loss=32.46358166 bad_epochs=0/8 epoch_time=00:00:03 eta=00:01:50
[a1_halfday_p4_5d] epoch 025/060 val_loss=120.05657806 best_val_loss=32.46358166 bad_epochs=1/8 epoch_time=00:00:03 eta=00:01:47
[a1_halfday_p4_5d] epoch 026/060 val_loss=96.76419525 best_val_loss=32.46358166 bad_epochs=2/8 epoch_time=00:00:03 eta=00:01:43
[a1_halfday_p4_5d] epoch 027/060 val_loss=38.19924889 best_val_loss=32.46358166 bad_epochs=3/8 epoch_time=00:00:03 eta=00:01:40
[a1_halfday_p4_5d] epoch 028/060 val_loss=99.43588867 best_val_loss=32.46358166 bad_epochs=4/8 epoch_time=00:00:03 eta=00:01:37
[a1_halfday_p4_5d] epoch 029/060 val_loss=90.14776535 best_val_loss=32.46358166 bad_epochs=5/8 epoch_time=00:00:03 eta=00:01:34
[a1_halfday_p4_5d] epoch 030/060 val_loss=31.09860306 best_val_loss=31.09860306 bad_epochs=0/8 epoch_time=00:00:03 eta=00:01:31
[a1_halfday_p4_5d] epoch 031/060 val_loss=27.11559753 best_val_loss=27.11559753 bad_epochs=0/8 epoch_time=00:00:03 eta=00:01:28
[a1_halfday_p4_5d] epoch 032/060 val_loss=112.77721558 best_val_loss=27.11559753 bad_epochs=1/8 epoch_time=00:00:03 eta=00:01:25
[a1_halfday_p4_5d] epoch 033/060 val_loss=89.75468445 best_val_loss=27.11559753 bad_epochs=2/8 epoch_time=00:00:03 eta=00:01:22
[a1_halfday_p4_5d] epoch 034/060 val_loss=31.30165863 best_val_loss=27.11559753 bad_epochs=3/8 epoch_time=00:00:03 eta=00:01:19
[a1_halfday_p4_5d] epoch 035/060 val_loss=92.51401443 best_val_loss=27.11559753 bad_epochs=4/8 epoch_time=00:00:03 eta=00:01:16
[a1_halfday_p4_5d] epoch 036/060 val_loss=91.87199707 best_val_loss=27.11559753 bad_epochs=5/8 epoch_time=00:00:03 eta=00:01:13
[a1_halfday_p4_5d] epoch 037/060 val_loss=29.46608181 best_val_loss=27.11559753 bad_epochs=6/8 epoch_time=00:00:03 eta=00:01:10
[a1_halfday_p4_5d] epoch 038/060 val_loss=22.80460091 best_val_loss=22.80460091 bad_epochs=0/8 epoch_time=00:00:03 eta=00:01:07
[a1_halfday_p4_5d] epoch 039/060 val_loss=106.68037262 best_val_loss=22.80460091 bad_epochs=1/8 epoch_time=00:00:03 eta=00:01:04
[a1_halfday_p4_5d] epoch 040/060 val_loss=84.06203232 best_val_loss=22.80460091 bad_epochs=2/8 epoch_time=00:00:03 eta=00:01:01
[a1_halfday_p4_5d] epoch 041/060 val_loss=24.81855450 best_val_loss=22.80460091 bad_epochs=3/8 epoch_time=00:00:03 eta=00:00:58
[a1_halfday_p4_5d] epoch 042/060 val_loss=87.27636490 best_val_loss=22.80460091 bad_epochs=4/8 epoch_time=00:00:03 eta=00:00:55
[a1_halfday_p4_5d] epoch 043/060 val_loss=93.93030853 best_val_loss=22.80460091 bad_epochs=5/8 epoch_time=00:00:03 eta=00:00:52
[a1_halfday_p4_5d] epoch 044/060 val_loss=28.74353600 best_val_loss=22.80460091 bad_epochs=6/8 epoch_time=00:00:03 eta=00:00:49
[a1_halfday_p4_5d] epoch 045/060 val_loss=20.66278248 best_val_loss=20.66278248 bad_epochs=0/8 epoch_time=00:00:03 eta=00:00:46
[a1_halfday_p4_5d] epoch 046/060 val_loss=101.71995392 best_val_loss=20.66278248 bad_epochs=1/8 epoch_time=00:00:03 eta=00:00:43
[a1_halfday_p4_5d] epoch 047/060 val_loss=79.38973083 best_val_loss=20.66278248 bad_epochs=2/8 epoch_time=00:00:03 eta=00:00:40
[a1_halfday_p4_5d] epoch 048/060 val_loss=19.79150038 best_val_loss=19.79150038 bad_epochs=0/8 epoch_time=00:00:03 eta=00:00:37
[a1_halfday_p4_5d] epoch 049/060 val_loss=82.82110367 best_val_loss=19.79150038 bad_epochs=1/8 epoch_time=00:00:03 eta=00:00:33
[a1_halfday_p4_5d] epoch 050/060 val_loss=95.62877045 best_val_loss=19.79150038 bad_epochs=2/8 epoch_time=00:00:03 eta=00:00:30
[a1_halfday_p4_5d] epoch 051/060 val_loss=29.24966450 best_val_loss=19.79150038 bad_epochs=3/8 epoch_time=00:00:03 eta=00:00:27
[a1_halfday_p4_5d] epoch 052/060 val_loss=19.61626873 best_val_loss=19.61626873 bad_epochs=0/8 epoch_time=00:00:03 eta=00:00:24
[a1_halfday_p4_5d] epoch 053/060 val_loss=97.76013489 best_val_loss=19.61626873 bad_epochs=1/8 epoch_time=00:00:03 eta=00:00:21
[a1_halfday_p4_5d] epoch 054/060 val_loss=75.59301834 best_val_loss=19.61626873 bad_epochs=2/8 epoch_time=00:00:03 eta=00:00:18
[a1_halfday_p4_5d] epoch 055/060 val_loss=15.37949972 best_val_loss=15.37949972 bad_epochs=0/8 epoch_time=00:00:03 eta=00:00:15
[a1_halfday_p4_5d] epoch 056/060 val_loss=79.26995773 best_val_loss=15.37949972 bad_epochs=1/8 epoch_time=00:00:03 eta=00:00:12
[a1_halfday_p4_5d] epoch 057/060 val_loss=97.34425964 best_val_loss=15.37949972 bad_epochs=2/8 epoch_time=00:00:03 eta=00:00:09
[a1_halfday_p4_5d] epoch 058/060 val_loss=30.25708504 best_val_loss=15.37949972 bad_epochs=3/8 epoch_time=00:00:03 eta=00:00:06
[a1_halfday_p4_5d] epoch 059/060 val_loss=19.17489929 best_val_loss=15.37949972 bad_epochs=4/8 epoch_time=00:00:03 eta=00:00:03
[a1_halfday_p4_5d] epoch 060/060 val_loss=94.98140259 best_val_loss=15.37949972 bad_epochs=5/8 epoch_time=00:00:03 eta=00:00:00
[a1] done freq=halfday patch=4 horizon=5d test_mse=2.093223 test_corr=-0.0472 test_rank_corr=0.0373 test_direction_acc=0.4708 (overall elapsed 00:15:57)
[a1] === run 7/57: freq=halfday patch=8 horizon=5d ===
[a1_halfday_p8_5d] epoch 001/060 val_loss=93727.68515625 best_val_loss=93727.68515625 bad_epochs=0/8 epoch_time=00:00:02 eta=00:02:15
[a1_halfday_p8_5d] epoch 002/060 val_loss=69390.15312500 best_val_loss=69390.15312500 bad_epochs=0/8 epoch_time=00:00:02 eta=00:02:13
[a1_halfday_p8_5d] epoch 003/060 val_loss=52153.01406250 best_val_loss=52153.01406250 bad_epochs=0/8 epoch_time=00:00:02 eta=00:02:10
[a1_halfday_p8_5d] epoch 004/060 val_loss=39497.43945312 best_val_loss=39497.43945312 bad_epochs=0/8 epoch_time=00:00:02 eta=00:02:08
[a1_halfday_p8_5d] epoch 005/060 val_loss=28796.05156250 best_val_loss=28796.05156250 bad_epochs=0/8 epoch_time=00:00:02 eta=00:02:06
[a1_halfday_p8_5d] epoch 006/060 val_loss=18925.45683594 best_val_loss=18925.45683594 bad_epochs=0/8 epoch_time=00:00:02 eta=00:02:03
[a1_halfday_p8_5d] epoch 007/060 val_loss=9573.09042969 best_val_loss=9573.09042969 bad_epochs=0/8 epoch_time=00:00:02 eta=00:02:01
[a1_halfday_p8_5d] epoch 008/060 val_loss=457.55970459 best_val_loss=457.55970459 bad_epochs=0/8 epoch_time=00:00:02 eta=00:01:58
[a1_halfday_p8_5d] epoch 009/060 val_loss=681.37278442 best_val_loss=457.55970459 bad_epochs=1/8 epoch_time=00:00:02 eta=00:01:56
[a1_halfday_p8_5d] epoch 010/060 val_loss=317.76013489 best_val_loss=317.76013489 bad_epochs=0/8 epoch_time=00:00:02 eta=00:01:54
[a1_halfday_p8_5d] epoch 011/060 val_loss=210.02222900 best_val_loss=210.02222900 bad_epochs=0/8 epoch_time=00:00:02 eta=00:01:52
[a1_halfday_p8_5d] epoch 012/060 val_loss=81.99813766 best_val_loss=81.99813766 bad_epochs=0/8 epoch_time=00:00:02 eta=00:01:49
[a1_halfday_p8_5d] epoch 013/060 val_loss=81.65300522 best_val_loss=81.65300522 bad_epochs=0/8 epoch_time=00:00:02 eta=00:01:47
[a1_halfday_p8_5d] epoch 014/060 val_loss=88.38464661 best_val_loss=81.65300522 bad_epochs=1/8 epoch_time=00:00:02 eta=00:01:45
[a1_halfday_p8_5d] epoch 015/060 val_loss=60.60753517 best_val_loss=60.60753517 bad_epochs=0/8 epoch_time=00:00:02 eta=00:01:43
[a1_halfday_p8_5d] epoch 016/060 val_loss=118.43314972 best_val_loss=60.60753517 bad_epochs=1/8 epoch_time=00:00:02 eta=00:01:40
[a1_halfday_p8_5d] epoch 017/060 val_loss=118.66796265 best_val_loss=60.60753517 bad_epochs=2/8 epoch_time=00:00:02 eta=00:01:38
[a1_halfday_p8_5d] epoch 018/060 val_loss=62.48016815 best_val_loss=60.60753517 bad_epochs=3/8 epoch_time=00:00:02 eta=00:01:36
[a1_halfday_p8_5d] epoch 019/060 val_loss=93.42700806 best_val_loss=60.60753517 bad_epochs=4/8 epoch_time=00:00:02 eta=00:01:33
[a1_halfday_p8_5d] epoch 020/060 val_loss=113.97896118 best_val_loss=60.60753517 bad_epochs=5/8 epoch_time=00:00:02 eta=00:01:31
[a1_halfday_p8_5d] epoch 021/060 val_loss=111.81881561 best_val_loss=60.60753517 bad_epochs=6/8 epoch_time=00:00:02 eta=00:01:29
[a1_halfday_p8_5d] epoch 022/060 val_loss=106.43132477 best_val_loss=60.60753517 bad_epochs=7/8 epoch_time=00:00:02 eta=00:01:26
[a1_halfday_p8_5d] epoch 023/060 val_loss=98.91557388 best_val_loss=60.60753517 bad_epochs=8/8 epoch_time=00:00:02 eta=00:01:24
[a1_halfday_p8_5d] early stopping at epoch 23
[a1] done freq=halfday patch=8 horizon=5d test_mse=33.253471 test_corr=-0.0737 test_rank_corr=0.0226 test_direction_acc=0.4690 (overall elapsed 00:16:51)
[a1] === run 8/57: freq=halfday patch=10 horizon=5d ===
[a1_halfday_p10_5d] epoch 001/060 val_loss=35311.72578125 best_val_loss=35311.72578125 bad_epochs=0/8 epoch_time=00:00:03 eta=00:02:39
[a1_halfday_p10_5d] epoch 002/060 val_loss=24829.91367188 best_val_loss=24829.91367188 bad_epochs=0/8 epoch_time=00:00:03 eta=00:02:36
[a1_halfday_p10_5d] epoch 003/060 val_loss=15659.72597656 best_val_loss=15659.72597656 bad_epochs=0/8 epoch_time=00:00:03 eta=00:02:32
[a1_halfday_p10_5d] epoch 004/060 val_loss=6803.57109375 best_val_loss=6803.57109375 bad_epochs=0/8 epoch_time=00:00:03 eta=00:02:29
[a1_halfday_p10_5d] epoch 005/060 val_loss=1094.22956543 best_val_loss=1094.22956543 bad_epochs=0/8 epoch_time=00:00:03 eta=00:02:26
[a1_halfday_p10_5d] epoch 006/060 val_loss=99.55576248 best_val_loss=99.55576248 bad_epochs=0/8 epoch_time=00:00:03 eta=00:02:24
[a1_halfday_p10_5d] epoch 007/060 val_loss=131.08421021 best_val_loss=99.55576248 bad_epochs=1/8 epoch_time=00:00:03 eta=00:02:21
[a1_halfday_p10_5d] epoch 008/060 val_loss=11.22554283 best_val_loss=11.22554283 bad_epochs=0/8 epoch_time=00:00:03 eta=00:02:18
[a1_halfday_p10_5d] epoch 009/060 val_loss=118.56558380 best_val_loss=11.22554283 bad_epochs=1/8 epoch_time=00:00:03 eta=00:02:15
[a1_halfday_p10_5d] epoch 010/060 val_loss=26.06496849 best_val_loss=11.22554283 bad_epochs=2/8 epoch_time=00:00:03 eta=00:02:13
[a1_halfday_p10_5d] epoch 011/060 val_loss=19.98227043 best_val_loss=11.22554283 bad_epochs=3/8 epoch_time=00:00:03 eta=00:02:10
[a1_halfday_p10_5d] epoch 012/060 val_loss=38.40686378 best_val_loss=11.22554283 bad_epochs=4/8 epoch_time=00:00:03 eta=00:02:07
[a1_halfday_p10_5d] epoch 013/060 val_loss=96.64577179 best_val_loss=11.22554283 bad_epochs=5/8 epoch_time=00:00:03 eta=00:02:05
[a1_halfday_p10_5d] epoch 014/060 val_loss=71.25719147 best_val_loss=11.22554283 bad_epochs=6/8 epoch_time=00:00:03 eta=00:02:02
[a1_halfday_p10_5d] epoch 015/060 val_loss=0.60992634 best_val_loss=0.60992634 bad_epochs=0/8 epoch_time=00:00:03 eta=00:01:59
[a1_halfday_p10_5d] epoch 016/060 val_loss=116.27908020 best_val_loss=0.60992634 bad_epochs=1/8 epoch_time=00:00:03 eta=00:01:57
[a1_halfday_p10_5d] epoch 017/060 val_loss=27.52846146 best_val_loss=0.60992634 bad_epochs=2/8 epoch_time=00:00:03 eta=00:01:54
[a1_halfday_p10_5d] epoch 018/060 val_loss=17.76257992 best_val_loss=0.60992634 bad_epochs=3/8 epoch_time=00:00:03 eta=00:01:52
[a1_halfday_p10_5d] epoch 019/060 val_loss=36.58056183 best_val_loss=0.60992634 bad_epochs=4/8 epoch_time=00:00:03 eta=00:01:49
[a1_halfday_p10_5d] epoch 020/060 val_loss=94.37660370 best_val_loss=0.60992634 bad_epochs=5/8 epoch_time=00:00:03 eta=00:01:47
[a1_halfday_p10_5d] epoch 021/060 val_loss=70.98465958 best_val_loss=0.60992634 bad_epochs=6/8 epoch_time=00:00:03 eta=00:01:44
[a1_halfday_p10_5d] epoch 022/060 val_loss=0.53393058 best_val_loss=0.53393058 bad_epochs=0/8 epoch_time=00:00:03 eta=00:01:41
[a1_halfday_p10_5d] epoch 023/060 val_loss=115.20984650 best_val_loss=0.53393058 bad_epochs=1/8 epoch_time=00:00:03 eta=00:01:39
[a1_halfday_p10_5d] epoch 024/060 val_loss=27.29033699 best_val_loss=0.53393058 bad_epochs=2/8 epoch_time=00:00:03 eta=00:01:36
[a1_halfday_p10_5d] epoch 025/060 val_loss=17.60903244 best_val_loss=0.53393058 bad_epochs=3/8 epoch_time=00:00:03 eta=00:01:33
[a1_halfday_p10_5d] epoch 026/060 val_loss=36.21071892 best_val_loss=0.53393058 bad_epochs=4/8 epoch_time=00:00:03 eta=00:01:31
[a1_halfday_p10_5d] epoch 027/060 val_loss=93.64286194 best_val_loss=0.53393058 bad_epochs=5/8 epoch_time=00:00:03 eta=00:01:28
[a1_halfday_p10_5d] epoch 028/060 val_loss=70.22263947 best_val_loss=0.53393058 bad_epochs=6/8 epoch_time=00:00:03 eta=00:01:25
[a1_halfday_p10_5d] epoch 029/060 val_loss=0.45437925 best_val_loss=0.45437925 bad_epochs=0/8 epoch_time=00:00:03 eta=00:01:23
[a1_halfday_p10_5d] epoch 030/060 val_loss=114.31775513 best_val_loss=0.45437925 bad_epochs=1/8 epoch_time=00:00:03 eta=00:01:20
[a1_halfday_p10_5d] epoch 031/060 val_loss=26.93815956 best_val_loss=0.45437925 bad_epochs=2/8 epoch_time=00:00:03 eta=00:01:18
[a1_halfday_p10_5d] epoch 032/060 val_loss=38.09996834 best_val_loss=0.45437925 bad_epochs=3/8 epoch_time=00:00:03 eta=00:01:15
[a1_halfday_p10_5d] epoch 033/060 val_loss=17.93724346 best_val_loss=0.45437925 bad_epochs=4/8 epoch_time=00:00:03 eta=00:01:12
[a1_halfday_p10_5d] epoch 034/060 val_loss=37.65061073 best_val_loss=0.45437925 bad_epochs=5/8 epoch_time=00:00:03 eta=00:01:10
[a1_halfday_p10_5d] epoch 035/060 val_loss=33.66890335 best_val_loss=0.45437925 bad_epochs=6/8 epoch_time=00:00:03 eta=00:01:07
[a1_halfday_p10_5d] epoch 036/060 val_loss=93.77031250 best_val_loss=0.45437925 bad_epochs=7/8 epoch_time=00:00:03 eta=00:01:04
[a1_halfday_p10_5d] epoch 037/060 val_loss=86.21410904 best_val_loss=0.45437925 bad_epochs=8/8 epoch_time=00:00:03 eta=00:01:02
[a1_halfday_p10_5d] early stopping at epoch 37
[a1] done freq=halfday patch=10 horizon=5d test_mse=0.006380 test_corr=0.0945 test_rank_corr=0.0781 test_direction_acc=0.5383 (overall elapsed 00:18:31)
[a1] === run 9/57: freq=halfday patch=12 horizon=5d ===
[a1_halfday_p12_5d] epoch 001/060 val_loss=75175.33750000 best_val_loss=75175.33750000 bad_epochs=0/8 epoch_time=00:00:02 eta=00:01:43
[a1_halfday_p12_5d] epoch 002/060 val_loss=55268.33671875 best_val_loss=55268.33671875 bad_epochs=0/8 epoch_time=00:00:02 eta=00:01:41
[a1_halfday_p12_5d] epoch 003/060 val_loss=41269.15312500 best_val_loss=41269.15312500 bad_epochs=0/8 epoch_time=00:00:02 eta=00:01:46
[a1_halfday_p12_5d] epoch 004/060 val_loss=31532.05468750 best_val_loss=31532.05468750 bad_epochs=0/8 epoch_time=00:00:02 eta=00:01:43
[a1_halfday_p12_5d] epoch 005/060 val_loss=22615.13652344 best_val_loss=22615.13652344 bad_epochs=0/8 epoch_time=00:00:02 eta=00:01:40
[a1_halfday_p12_5d] epoch 006/060 val_loss=14611.55546875 best_val_loss=14611.55546875 bad_epochs=0/8 epoch_time=00:00:02 eta=00:01:37
[a1_halfday_p12_5d] epoch 007/060 val_loss=6072.66865234 best_val_loss=6072.66865234 bad_epochs=0/8 epoch_time=00:00:02 eta=00:01:35
[a1_halfday_p12_5d] epoch 008/060 val_loss=1340.36474609 best_val_loss=1340.36474609 bad_epochs=0/8 epoch_time=00:00:02 eta=00:01:32
[a1_halfday_p12_5d] epoch 009/060 val_loss=206.34733887 best_val_loss=206.34733887 bad_epochs=0/8 epoch_time=00:00:02 eta=00:01:30
[a1_halfday_p12_5d] epoch 010/060 val_loss=74.46885757 best_val_loss=74.46885757 bad_epochs=0/8 epoch_time=00:00:02 eta=00:01:28
[a1_halfday_p12_5d] epoch 011/060 val_loss=64.83761711 best_val_loss=64.83761711 bad_epochs=0/8 epoch_time=00:00:02 eta=00:01:26
[a1_halfday_p12_5d] epoch 012/060 val_loss=121.99973145 best_val_loss=64.83761711 bad_epochs=1/8 epoch_time=00:00:02 eta=00:01:24
[a1_halfday_p12_5d] epoch 013/060 val_loss=55.74409523 best_val_loss=55.74409523 bad_epochs=0/8 epoch_time=00:00:02 eta=00:01:22
[a1_halfday_p12_5d] epoch 014/060 val_loss=60.03709717 best_val_loss=55.74409523 bad_epochs=1/8 epoch_time=00:00:02 eta=00:01:20
[a1_halfday_p12_5d] epoch 015/060 val_loss=71.62021942 best_val_loss=55.74409523 bad_epochs=2/8 epoch_time=00:00:02 eta=00:01:18
[a1_halfday_p12_5d] epoch 016/060 val_loss=109.51442108 best_val_loss=55.74409523 bad_epochs=3/8 epoch_time=00:00:02 eta=00:01:16
[a1_halfday_p12_5d] epoch 017/060 val_loss=47.88367577 best_val_loss=47.88367577 bad_epochs=0/8 epoch_time=00:00:02 eta=00:01:14
[a1_halfday_p12_5d] epoch 018/060 val_loss=54.16162720 best_val_loss=47.88367577 bad_epochs=1/8 epoch_time=00:00:02 eta=00:01:12
[a1_halfday_p12_5d] epoch 019/060 val_loss=113.31147461 best_val_loss=47.88367577 bad_epochs=2/8 epoch_time=00:00:02 eta=00:01:11
[a1_halfday_p12_5d] epoch 020/060 val_loss=49.35179367 best_val_loss=47.88367577 bad_epochs=3/8 epoch_time=00:00:02 eta=00:01:09
[a1_halfday_p12_5d] epoch 021/060 val_loss=54.45224762 best_val_loss=47.88367577 bad_epochs=4/8 epoch_time=00:00:02 eta=00:01:07
[a1_halfday_p12_5d] epoch 022/060 val_loss=110.23590546 best_val_loss=47.88367577 bad_epochs=5/8 epoch_time=00:00:02 eta=00:01:05
[a1_halfday_p12_5d] epoch 023/060 val_loss=49.61847420 best_val_loss=47.88367577 bad_epochs=6/8 epoch_time=00:00:02 eta=00:01:03
[a1_halfday_p12_5d] epoch 024/060 val_loss=54.21734848 best_val_loss=47.88367577 bad_epochs=7/8 epoch_time=00:00:02 eta=00:01:02
[a1_halfday_p12_5d] epoch 025/060 val_loss=107.68782959 best_val_loss=47.88367577 bad_epochs=8/8 epoch_time=00:00:02 eta=00:01:00
[a1_halfday_p12_5d] early stopping at epoch 25
[a1] done freq=halfday patch=12 horizon=5d test_mse=19.707241 test_corr=-0.0447 test_rank_corr=0.0286 test_direction_acc=0.4745 (overall elapsed 00:19:14)
[a1] === run 10/57: freq=daily patch=5 horizon=5d ===
[a1_daily_p5_5d] epoch 001/060 val_loss=174841.21562500 best_val_loss=174841.21562500 bad_epochs=0/8 epoch_time=00:00:14 eta=00:14:03
[a1_daily_p5_5d] epoch 002/060 val_loss=136861.15312500 best_val_loss=136861.15312500 bad_epochs=0/8 epoch_time=00:00:14 eta=00:13:47
[a1_daily_p5_5d] epoch 003/060 val_loss=111302.19843750 best_val_loss=111302.19843750 bad_epochs=0/8 epoch_time=00:00:14 eta=00:13:31
[a1_daily_p5_5d] epoch 004/060 val_loss=90455.48828125 best_val_loss=90455.48828125 bad_epochs=0/8 epoch_time=00:00:14 eta=00:13:16
[a1_daily_p5_5d] epoch 005/060 val_loss=69898.65234375 best_val_loss=69898.65234375 bad_epochs=0/8 epoch_time=00:00:14 eta=00:13:01
[a1_daily_p5_5d] epoch 006/060 val_loss=45243.72500000 best_val_loss=45243.72500000 bad_epochs=0/8 epoch_time=00:00:14 eta=00:12:47
[a1_daily_p5_5d] epoch 007/060 val_loss=18406.85332031 best_val_loss=18406.85332031 bad_epochs=0/8 epoch_time=00:00:14 eta=00:12:33
[a1_daily_p5_5d] epoch 008/060 val_loss=4598.85444336 best_val_loss=4598.85444336 bad_epochs=0/8 epoch_time=00:00:14 eta=00:12:19
[a1_daily_p5_5d] epoch 009/060 val_loss=665.86636658 best_val_loss=665.86636658 bad_epochs=0/8 epoch_time=00:00:14 eta=00:12:05
[a1_daily_p5_5d] epoch 010/060 val_loss=152.98688660 best_val_loss=152.98688660 bad_epochs=0/8 epoch_time=00:00:14 eta=00:11:51
[a1_daily_p5_5d] epoch 011/060 val_loss=155.79054260 best_val_loss=152.98688660 bad_epochs=1/8 epoch_time=00:00:14 eta=00:11:37
[a1_daily_p5_5d] epoch 012/060 val_loss=73.59472427 best_val_loss=73.59472427 bad_epochs=0/8 epoch_time=00:00:14 eta=00:11:23
[a1_daily_p5_5d] epoch 013/060 val_loss=176.47831116 best_val_loss=73.59472427 bad_epochs=1/8 epoch_time=00:00:14 eta=00:11:09
[a1_daily_p5_5d] epoch 014/060 val_loss=148.82302246 best_val_loss=73.59472427 bad_epochs=2/8 epoch_time=00:00:14 eta=00:10:55
[a1_daily_p5_5d] epoch 015/060 val_loss=129.45471191 best_val_loss=73.59472427 bad_epochs=3/8 epoch_time=00:00:14 eta=00:10:41
[a1_daily_p5_5d] epoch 016/060 val_loss=158.11835709 best_val_loss=73.59472427 bad_epochs=4/8 epoch_time=00:00:14 eta=00:10:27
[a1_daily_p5_5d] epoch 017/060 val_loss=139.99037933 best_val_loss=73.59472427 bad_epochs=5/8 epoch_time=00:00:14 eta=00:10:13
[a1_daily_p5_5d] epoch 018/060 val_loss=13.94997692 best_val_loss=13.94997692 bad_epochs=0/8 epoch_time=00:00:14 eta=00:09:58
[a1_daily_p5_5d] epoch 019/060 val_loss=135.78337326 best_val_loss=13.94997692 bad_epochs=1/8 epoch_time=00:00:14 eta=00:09:44
[a1_daily_p5_5d] epoch 020/060 val_loss=134.17135773 best_val_loss=13.94997692 bad_epochs=2/8 epoch_time=00:00:14 eta=00:09:30
[a1_daily_p5_5d] epoch 021/060 val_loss=13.46271439 best_val_loss=13.46271439 bad_epochs=0/8 epoch_time=00:00:14 eta=00:09:15
[a1_daily_p5_5d] epoch 022/060 val_loss=132.91811066 best_val_loss=13.46271439 bad_epochs=1/8 epoch_time=00:00:14 eta=00:09:01
[a1_daily_p5_5d] epoch 023/060 val_loss=131.55297394 best_val_loss=13.46271439 bad_epochs=2/8 epoch_time=00:00:14 eta=00:08:47
[a1_daily_p5_5d] epoch 024/060 val_loss=13.05014343 best_val_loss=13.05014343 bad_epochs=0/8 epoch_time=00:00:14 eta=00:08:33
[a1_daily_p5_5d] epoch 025/060 val_loss=130.87335968 best_val_loss=13.05014343 bad_epochs=1/8 epoch_time=00:00:14 eta=00:08:19
[a1_daily_p5_5d] epoch 026/060 val_loss=129.66820526 best_val_loss=13.05014343 bad_epochs=2/8 epoch_time=00:00:14 eta=00:08:04
[a1_daily_p5_5d] epoch 027/060 val_loss=12.73657360 best_val_loss=12.73657360 bad_epochs=0/8 epoch_time=00:00:14 eta=00:07:50
[a1_daily_p5_5d] epoch 028/060 val_loss=129.24597931 best_val_loss=12.73657360 bad_epochs=1/8 epoch_time=00:00:14 eta=00:07:36
[a1_daily_p5_5d] epoch 029/060 val_loss=128.09572144 best_val_loss=12.73657360 bad_epochs=2/8 epoch_time=00:00:14 eta=00:07:22
[a1_daily_p5_5d] epoch 030/060 val_loss=12.55886564 best_val_loss=12.55886564 bad_epochs=0/8 epoch_time=00:00:14 eta=00:07:08
[a1_daily_p5_5d] epoch 031/060 val_loss=127.87116089 best_val_loss=12.55886564 bad_epochs=1/8 epoch_time=00:00:14 eta=00:06:53
[a1_daily_p5_5d] epoch 032/060 val_loss=126.77451477 best_val_loss=12.55886564 bad_epochs=2/8 epoch_time=00:00:14 eta=00:06:39
[a1_daily_p5_5d] epoch 033/060 val_loss=12.55349264 best_val_loss=12.55349264 bad_epochs=0/8 epoch_time=00:00:14 eta=00:06:25
[a1_daily_p5_5d] epoch 034/060 val_loss=126.72382202 best_val_loss=12.55349264 bad_epochs=1/8 epoch_time=00:00:15 eta=00:06:11
[a1_daily_p5_5d] epoch 035/060 val_loss=125.72715607 best_val_loss=12.55349264 bad_epochs=2/8 epoch_time=00:00:14 eta=00:05:57
[a1_daily_p5_5d] epoch 036/060 val_loss=59.06347351 best_val_loss=12.55349264 bad_epochs=3/8 epoch_time=00:00:14 eta=00:05:43
[a1_daily_p5_5d] epoch 037/060 val_loss=105.39957047 best_val_loss=12.55349264 bad_epochs=4/8 epoch_time=00:00:14 eta=00:05:28
[a1_daily_p5_5d] epoch 038/060 val_loss=122.11605377 best_val_loss=12.55349264 bad_epochs=5/8 epoch_time=00:00:14 eta=00:05:14
[a1_daily_p5_5d] epoch 039/060 val_loss=59.35158577 best_val_loss=12.55349264 bad_epochs=6/8 epoch_time=00:00:14 eta=00:05:00
[a1_daily_p5_5d] epoch 040/060 val_loss=67.11262436 best_val_loss=12.55349264 bad_epochs=7/8 epoch_time=00:00:14 eta=00:04:46
[a1_daily_p5_5d] epoch 041/060 val_loss=117.04313431 best_val_loss=12.55349264 bad_epochs=8/8 epoch_time=00:00:14 eta=00:04:31
[a1_daily_p5_5d] early stopping at epoch 41
[a1] done freq=daily patch=5 horizon=5d test_mse=0.294088 test_corr=0.0109 test_rank_corr=0.0229 test_direction_acc=0.4836 (overall elapsed 00:29:06)
[a1] === run 11/57: freq=daily patch=10 horizon=5d ===
[a1_daily_p10_5d] epoch 001/060 val_loss=183020.28437500 best_val_loss=183020.28437500 bad_epochs=0/8 epoch_time=00:00:13 eta=00:12:44
[a1_daily_p10_5d] epoch 002/060 val_loss=128916.92734375 best_val_loss=128916.92734375 bad_epochs=0/8 epoch_time=00:00:13 eta=00:12:27
[a1_daily_p10_5d] epoch 003/060 val_loss=99372.53437500 best_val_loss=99372.53437500 bad_epochs=0/8 epoch_time=00:00:13 eta=00:12:13
[a1_daily_p10_5d] epoch 004/060 val_loss=71206.17109375 best_val_loss=71206.17109375 bad_epochs=0/8 epoch_time=00:00:13 eta=00:12:01
[a1_daily_p10_5d] epoch 005/060 val_loss=44781.37656250 best_val_loss=44781.37656250 bad_epochs=0/8 epoch_time=00:00:13 eta=00:11:48
[a1_daily_p10_5d] epoch 006/060 val_loss=16443.01845703 best_val_loss=16443.01845703 bad_epochs=0/8 epoch_time=00:00:13 eta=00:11:34
[a1_daily_p10_5d] epoch 007/060 val_loss=3989.38803711 best_val_loss=3989.38803711 bad_epochs=0/8 epoch_time=00:00:13 eta=00:11:21
[a1_daily_p10_5d] epoch 008/060 val_loss=1166.92377319 best_val_loss=1166.92377319 bad_epochs=0/8 epoch_time=00:00:13 eta=00:11:08
[a1_daily_p10_5d] epoch 009/060 val_loss=383.46746521 best_val_loss=383.46746521 bad_epochs=0/8 epoch_time=00:00:13 eta=00:10:55
[a1_daily_p10_5d] epoch 010/060 val_loss=181.26552124 best_val_loss=181.26552124 bad_epochs=0/8 epoch_time=00:00:13 eta=00:10:42
[a1_daily_p10_5d] epoch 011/060 val_loss=71.29597092 best_val_loss=71.29597092 bad_epochs=0/8 epoch_time=00:00:13 eta=00:10:29
[a1_daily_p10_5d] epoch 012/060 val_loss=213.18199615 best_val_loss=71.29597092 bad_epochs=1/8 epoch_time=00:00:13 eta=00:10:16
[a1_daily_p10_5d] epoch 013/060 val_loss=140.71090393 best_val_loss=71.29597092 bad_epochs=2/8 epoch_time=00:00:13 eta=00:10:03
[a1_daily_p10_5d] epoch 014/060 val_loss=60.68800316 best_val_loss=60.68800316 bad_epochs=0/8 epoch_time=00:00:13 eta=00:09:51
[a1_daily_p10_5d] epoch 015/060 val_loss=203.35139465 best_val_loss=60.68800316 bad_epochs=1/8 epoch_time=00:00:13 eta=00:09:38
[a1_daily_p10_5d] epoch 016/060 val_loss=135.33294067 best_val_loss=60.68800316 bad_epochs=2/8 epoch_time=00:00:13 eta=00:09:25
[a1_daily_p10_5d] epoch 017/060 val_loss=60.83555412 best_val_loss=60.68800316 bad_epochs=3/8 epoch_time=00:00:13 eta=00:09:12
[a1_daily_p10_5d] epoch 018/060 val_loss=199.13387909 best_val_loss=60.68800316 bad_epochs=4/8 epoch_time=00:00:13 eta=00:09:00
[a1_daily_p10_5d] epoch 019/060 val_loss=131.50122833 best_val_loss=60.68800316 bad_epochs=5/8 epoch_time=00:00:13 eta=00:08:47
[a1_daily_p10_5d] epoch 020/060 val_loss=59.95998383 best_val_loss=59.95998383 bad_epochs=0/8 epoch_time=00:00:13 eta=00:08:34
[a1_daily_p10_5d] epoch 021/060 val_loss=195.99343719 best_val_loss=59.95998383 bad_epochs=1/8 epoch_time=00:00:13 eta=00:08:21
[a1_daily_p10_5d] epoch 022/060 val_loss=129.33441620 best_val_loss=59.95998383 bad_epochs=2/8 epoch_time=00:00:13 eta=00:08:08
[a1_daily_p10_5d] epoch 023/060 val_loss=58.27866936 best_val_loss=58.27866936 bad_epochs=0/8 epoch_time=00:00:13 eta=00:07:55
[a1_daily_p10_5d] epoch 024/060 val_loss=193.16278915 best_val_loss=58.27866936 bad_epochs=1/8 epoch_time=00:00:13 eta=00:07:42
[a1_daily_p10_5d] epoch 025/060 val_loss=127.79065704 best_val_loss=58.27866936 bad_epochs=2/8 epoch_time=00:00:13 eta=00:07:30
[a1_daily_p10_5d] epoch 026/060 val_loss=57.03948002 best_val_loss=57.03948002 bad_epochs=0/8 epoch_time=00:00:13 eta=00:07:17
[a1_daily_p10_5d] epoch 027/060 val_loss=191.39045334 best_val_loss=57.03948002 bad_epochs=1/8 epoch_time=00:00:13 eta=00:07:04
[a1_daily_p10_5d] epoch 028/060 val_loss=126.20692902 best_val_loss=57.03948002 bad_epochs=2/8 epoch_time=00:00:13 eta=00:06:52
[a1_daily_p10_5d] epoch 029/060 val_loss=55.66559601 best_val_loss=55.66559601 bad_epochs=0/8 epoch_time=00:00:13 eta=00:06:39
[a1_daily_p10_5d] epoch 030/060 val_loss=189.72426529 best_val_loss=55.66559601 bad_epochs=1/8 epoch_time=00:00:13 eta=00:06:26
[a1_daily_p10_5d] epoch 031/060 val_loss=147.87603455 best_val_loss=55.66559601 bad_epochs=2/8 epoch_time=00:00:13 eta=00:06:13
[a1_daily_p10_5d] epoch 032/060 val_loss=47.07689857 best_val_loss=47.07689857 bad_epochs=0/8 epoch_time=00:00:13 eta=00:06:00
[a1_daily_p10_5d] epoch 033/060 val_loss=168.66060410 best_val_loss=47.07689857 bad_epochs=1/8 epoch_time=00:00:13 eta=00:05:48
[a1_daily_p10_5d] epoch 034/060 val_loss=149.66298523 best_val_loss=47.07689857 bad_epochs=2/8 epoch_time=00:00:13 eta=00:05:35
[a1_daily_p10_5d] epoch 035/060 val_loss=45.09212608 best_val_loss=45.09212608 bad_epochs=0/8 epoch_time=00:00:13 eta=00:05:22
[a1_daily_p10_5d] epoch 036/060 val_loss=159.98213348 best_val_loss=45.09212608 bad_epochs=1/8 epoch_time=00:00:13 eta=00:05:09
[a1_daily_p10_5d] epoch 037/060 val_loss=67.88362465 best_val_loss=45.09212608 bad_epochs=2/8 epoch_time=00:00:13 eta=00:04:56
[a1_daily_p10_5d] epoch 038/060 val_loss=47.98736420 best_val_loss=45.09212608 bad_epochs=3/8 epoch_time=00:00:13 eta=00:04:43
[a1_daily_p10_5d] epoch 039/060 val_loss=124.45995026 best_val_loss=45.09212608 bad_epochs=4/8 epoch_time=00:00:13 eta=00:04:31
[a1_daily_p10_5d] epoch 040/060 val_loss=38.66799488 best_val_loss=38.66799488 bad_epochs=0/8 epoch_time=00:00:13 eta=00:04:18
[a1_daily_p10_5d] epoch 041/060 val_loss=66.82228394 best_val_loss=38.66799488 bad_epochs=1/8 epoch_time=00:00:13 eta=00:04:05
[a1_daily_p10_5d] epoch 042/060 val_loss=43.33484211 best_val_loss=38.66799488 bad_epochs=2/8 epoch_time=00:00:13 eta=00:03:52
[a1_daily_p10_5d] epoch 043/060 val_loss=159.92480164 best_val_loss=38.66799488 bad_epochs=3/8 epoch_time=00:00:13 eta=00:03:39
[a1_daily_p10_5d] epoch 044/060 val_loss=220.23928299 best_val_loss=38.66799488 bad_epochs=4/8 epoch_time=00:00:13 eta=00:03:26
[a1_daily_p10_5d] epoch 045/060 val_loss=21.44623089 best_val_loss=21.44623089 bad_epochs=0/8 epoch_time=00:00:13 eta=00:03:13
[a1_daily_p10_5d] epoch 046/060 val_loss=30.14988632 best_val_loss=21.44623089 bad_epochs=1/8 epoch_time=00:00:13 eta=00:03:01
[a1_daily_p10_5d] epoch 047/060 val_loss=44.55243320 best_val_loss=21.44623089 bad_epochs=2/8 epoch_time=00:00:13 eta=00:02:48
[a1_daily_p10_5d] epoch 048/060 val_loss=47.21019306 best_val_loss=21.44623089 bad_epochs=3/8 epoch_time=00:00:13 eta=00:02:35
[a1_daily_p10_5d] epoch 049/060 val_loss=64.83611336 best_val_loss=21.44623089 bad_epochs=4/8 epoch_time=00:00:13 eta=00:02:22
[a1_daily_p10_5d] epoch 050/060 val_loss=142.30997772 best_val_loss=21.44623089 bad_epochs=5/8 epoch_time=00:00:13 eta=00:02:09
[a1_daily_p10_5d] epoch 051/060 val_loss=127.28421021 best_val_loss=21.44623089 bad_epochs=6/8 epoch_time=00:00:13 eta=00:01:56
[a1_daily_p10_5d] epoch 052/060 val_loss=86.10401611 best_val_loss=21.44623089 bad_epochs=7/8 epoch_time=00:00:13 eta=00:01:43
[a1_daily_p10_5d] epoch 053/060 val_loss=74.27254944 best_val_loss=21.44623089 bad_epochs=8/8 epoch_time=00:00:13 eta=00:01:30
[a1_daily_p10_5d] early stopping at epoch 53
[a1] done freq=daily patch=10 horizon=5d test_mse=3.527989 test_corr=-0.0364 test_rank_corr=-0.0813 test_direction_acc=0.5109 (overall elapsed 00:40:35)
[a1] === run 12/57: freq=daily patch=20 horizon=5d ===
[a1_daily_p20_5d] epoch 001/060 val_loss=125594.80312500 best_val_loss=125594.80312500 bad_epochs=0/8 epoch_time=00:00:09 eta=00:09:16
[a1_daily_p20_5d] epoch 002/060 val_loss=88490.02656250 best_val_loss=88490.02656250 bad_epochs=0/8 epoch_time=00:00:09 eta=00:09:02
[a1_daily_p20_5d] epoch 003/060 val_loss=59839.91562500 best_val_loss=59839.91562500 bad_epochs=0/8 epoch_time=00:00:09 eta=00:08:51
[a1_daily_p20_5d] epoch 004/060 val_loss=36257.70937500 best_val_loss=36257.70937500 bad_epochs=0/8 epoch_time=00:00:09 eta=00:08:42
[a1_daily_p20_5d] epoch 005/060 val_loss=10766.80400391 best_val_loss=10766.80400391 bad_epochs=0/8 epoch_time=00:00:09 eta=00:08:32
[a1_daily_p20_5d] epoch 006/060 val_loss=878.54709473 best_val_loss=878.54709473 bad_epochs=0/8 epoch_time=00:00:09 eta=00:08:23
[a1_daily_p20_5d] epoch 007/060 val_loss=90.83910141 best_val_loss=90.83910141 bad_epochs=0/8 epoch_time=00:00:09 eta=00:08:13
[a1_daily_p20_5d] epoch 008/060 val_loss=138.99230042 best_val_loss=90.83910141 bad_epochs=1/8 epoch_time=00:00:09 eta=00:08:04
[a1_daily_p20_5d] epoch 009/060 val_loss=163.35295715 best_val_loss=90.83910141 bad_epochs=2/8 epoch_time=00:00:09 eta=00:07:55
[a1_daily_p20_5d] epoch 010/060 val_loss=101.39162292 best_val_loss=90.83910141 bad_epochs=3/8 epoch_time=00:00:09 eta=00:07:45
[a1_daily_p20_5d] epoch 011/060 val_loss=209.77821808 best_val_loss=90.83910141 bad_epochs=4/8 epoch_time=00:00:09 eta=00:07:36
[a1_daily_p20_5d] epoch 012/060 val_loss=49.77435455 best_val_loss=49.77435455 bad_epochs=0/8 epoch_time=00:00:09 eta=00:07:26
[a1_daily_p20_5d] epoch 013/060 val_loss=21.47053242 best_val_loss=21.47053242 bad_epochs=0/8 epoch_time=00:00:09 eta=00:07:17
[a1_daily_p20_5d] epoch 014/060 val_loss=20.77737103 best_val_loss=20.77737103 bad_epochs=0/8 epoch_time=00:00:09 eta=00:07:08
[a1_daily_p20_5d] epoch 015/060 val_loss=144.26386948 best_val_loss=20.77737103 bad_epochs=1/8 epoch_time=00:00:09 eta=00:06:59
[a1_daily_p20_5d] epoch 016/060 val_loss=7.81251802 best_val_loss=7.81251802 bad_epochs=0/8 epoch_time=00:00:09 eta=00:06:50
[a1_daily_p20_5d] epoch 017/060 val_loss=81.05904846 best_val_loss=7.81251802 bad_epochs=1/8 epoch_time=00:00:09 eta=00:06:40
[a1_daily_p20_5d] epoch 018/060 val_loss=6.90727053 best_val_loss=6.90727053 bad_epochs=0/8 epoch_time=00:00:09 eta=00:06:31
[a1_daily_p20_5d] epoch 019/060 val_loss=48.07624741 best_val_loss=6.90727053 bad_epochs=1/8 epoch_time=00:00:09 eta=00:06:22
[a1_daily_p20_5d] epoch 020/060 val_loss=48.90048523 best_val_loss=6.90727053 bad_epochs=2/8 epoch_time=00:00:09 eta=00:06:13
[a1_daily_p20_5d] epoch 021/060 val_loss=31.12974167 best_val_loss=6.90727053 bad_epochs=3/8 epoch_time=00:00:09 eta=00:06:04
[a1_daily_p20_5d] epoch 022/060 val_loss=121.82048187 best_val_loss=6.90727053 bad_epochs=4/8 epoch_time=00:00:09 eta=00:05:55
[a1_daily_p20_5d] epoch 023/060 val_loss=22.19399948 best_val_loss=6.90727053 bad_epochs=5/8 epoch_time=00:00:09 eta=00:05:45
[a1_daily_p20_5d] epoch 024/060 val_loss=160.10753174 best_val_loss=6.90727053 bad_epochs=6/8 epoch_time=00:00:09 eta=00:05:36
[a1_daily_p20_5d] epoch 025/060 val_loss=35.16184196 best_val_loss=6.90727053 bad_epochs=7/8 epoch_time=00:00:09 eta=00:05:27
[a1_daily_p20_5d] epoch 026/060 val_loss=179.42473450 best_val_loss=6.90727053 bad_epochs=8/8 epoch_time=00:00:09 eta=00:05:18
[a1_daily_p20_5d] early stopping at epoch 26
[a1] done freq=daily patch=20 horizon=5d test_mse=0.302249 test_corr=0.0120 test_rank_corr=0.0611 test_direction_acc=0.5310 (overall elapsed 00:44:42)
[a1] === run 13/57: freq=daily patch=30 horizon=5d ===
[a1_daily_p30_5d] epoch 001/060 val_loss=10846.16054688 best_val_loss=10846.16054688 bad_epochs=0/8 epoch_time=00:00:11 eta=00:10:42
[a1_daily_p30_5d] epoch 002/060 val_loss=991.27954102 best_val_loss=991.27954102 bad_epochs=0/8 epoch_time=00:00:11 eta=00:10:26
[a1_daily_p30_5d] epoch 003/060 val_loss=738.20728149 best_val_loss=738.20728149 bad_epochs=0/8 epoch_time=00:00:11 eta=00:10:13
[a1_daily_p30_5d] epoch 004/060 val_loss=237.37246857 best_val_loss=237.37246857 bad_epochs=0/8 epoch_time=00:00:11 eta=00:10:01
[a1_daily_p30_5d] epoch 005/060 val_loss=463.06790466 best_val_loss=237.37246857 bad_epochs=1/8 epoch_time=00:00:11 eta=00:09:51
[a1_daily_p30_5d] epoch 006/060 val_loss=277.34114990 best_val_loss=237.37246857 bad_epochs=2/8 epoch_time=00:00:11 eta=00:09:40
[a1_daily_p30_5d] epoch 007/060 val_loss=35.70507793 best_val_loss=35.70507793 bad_epochs=0/8 epoch_time=00:00:11 eta=00:09:29
[a1_daily_p30_5d] epoch 008/060 val_loss=34.63503342 best_val_loss=34.63503342 bad_epochs=0/8 epoch_time=00:00:11 eta=00:09:18
[a1_daily_p30_5d] epoch 009/060 val_loss=126.70089417 best_val_loss=34.63503342 bad_epochs=1/8 epoch_time=00:00:11 eta=00:09:08
[a1_daily_p30_5d] epoch 010/060 val_loss=236.29985199 best_val_loss=34.63503342 bad_epochs=2/8 epoch_time=00:00:11 eta=00:08:57
[a1_daily_p30_5d] epoch 011/060 val_loss=450.36392212 best_val_loss=34.63503342 bad_epochs=3/8 epoch_time=00:00:11 eta=00:08:46
[a1_daily_p30_5d] epoch 012/060 val_loss=262.85142975 best_val_loss=34.63503342 bad_epochs=4/8 epoch_time=00:00:11 eta=00:08:35
[a1_daily_p30_5d] epoch 013/060 val_loss=24.34684315 best_val_loss=24.34684315 bad_epochs=0/8 epoch_time=00:00:11 eta=00:08:24
[a1_daily_p30_5d] epoch 014/060 val_loss=25.62252998 best_val_loss=24.34684315 bad_epochs=1/8 epoch_time=00:00:11 eta=00:08:13
[a1_daily_p30_5d] epoch 015/060 val_loss=124.28982544 best_val_loss=24.34684315 bad_epochs=2/8 epoch_time=00:00:11 eta=00:08:03
[a1_daily_p30_5d] epoch 016/060 val_loss=223.68366699 best_val_loss=24.34684315 bad_epochs=3/8 epoch_time=00:00:11 eta=00:07:52
[a1_daily_p30_5d] epoch 017/060 val_loss=433.35568848 best_val_loss=24.34684315 bad_epochs=4/8 epoch_time=00:00:11 eta=00:07:42
[a1_daily_p30_5d] epoch 018/060 val_loss=250.38493042 best_val_loss=24.34684315 bad_epochs=5/8 epoch_time=00:00:11 eta=00:07:32
[a1_daily_p30_5d] epoch 019/060 val_loss=17.64996405 best_val_loss=17.64996405 bad_epochs=0/8 epoch_time=00:00:11 eta=00:07:21
[a1_daily_p30_5d] epoch 020/060 val_loss=21.17841320 best_val_loss=17.64996405 bad_epochs=1/8 epoch_time=00:00:11 eta=00:07:10
[a1_daily_p30_5d] epoch 021/060 val_loss=119.76774521 best_val_loss=17.64996405 bad_epochs=2/8 epoch_time=00:00:11 eta=00:06:59
[a1_daily_p30_5d] epoch 022/060 val_loss=211.57272339 best_val_loss=17.64996405 bad_epochs=3/8 epoch_time=00:00:11 eta=00:06:48
[a1_daily_p30_5d] epoch 023/060 val_loss=419.67152100 best_val_loss=17.64996405 bad_epochs=4/8 epoch_time=00:00:11 eta=00:06:37
[a1_daily_p30_5d] epoch 024/060 val_loss=238.82470856 best_val_loss=17.64996405 bad_epochs=5/8 epoch_time=00:00:11 eta=00:06:27
[a1_daily_p30_5d] epoch 025/060 val_loss=15.30320635 best_val_loss=15.30320635 bad_epochs=0/8 epoch_time=00:00:11 eta=00:06:16
[a1_daily_p30_5d] epoch 026/060 val_loss=19.09101896 best_val_loss=15.30320635 bad_epochs=1/8 epoch_time=00:00:11 eta=00:06:05
[a1_daily_p30_5d] epoch 027/060 val_loss=117.57557907 best_val_loss=15.30320635 bad_epochs=2/8 epoch_time=00:00:11 eta=00:05:54
[a1_daily_p30_5d] epoch 028/060 val_loss=208.78028717 best_val_loss=15.30320635 bad_epochs=3/8 epoch_time=00:00:11 eta=00:05:43
[a1_daily_p30_5d] epoch 029/060 val_loss=408.05530396 best_val_loss=15.30320635 bad_epochs=4/8 epoch_time=00:00:11 eta=00:05:32
[a1_daily_p30_5d] epoch 030/060 val_loss=235.88352051 best_val_loss=15.30320635 bad_epochs=5/8 epoch_time=00:00:11 eta=00:05:21
[a1_daily_p30_5d] epoch 031/060 val_loss=14.77980566 best_val_loss=14.77980566 bad_epochs=0/8 epoch_time=00:00:11 eta=00:05:11
[a1_daily_p30_5d] epoch 032/060 val_loss=19.10940723 best_val_loss=14.77980566 bad_epochs=1/8 epoch_time=00:00:11 eta=00:05:00
[a1_daily_p30_5d] epoch 033/060 val_loss=123.60855331 best_val_loss=14.77980566 bad_epochs=2/8 epoch_time=00:00:11 eta=00:04:49
[a1_daily_p30_5d] epoch 034/060 val_loss=204.10771027 best_val_loss=14.77980566 bad_epochs=3/8 epoch_time=00:00:11 eta=00:04:38
[a1_daily_p30_5d] epoch 035/060 val_loss=408.74859772 best_val_loss=14.77980566 bad_epochs=4/8 epoch_time=00:00:11 eta=00:04:28
[a1_daily_p30_5d] epoch 036/060 val_loss=234.04806366 best_val_loss=14.77980566 bad_epochs=5/8 epoch_time=00:00:11 eta=00:04:17
[a1_daily_p30_5d] epoch 037/060 val_loss=14.23322449 best_val_loss=14.23322449 bad_epochs=0/8 epoch_time=00:00:11 eta=00:04:06
[a1_daily_p30_5d] epoch 038/060 val_loss=19.72187614 best_val_loss=14.23322449 bad_epochs=1/8 epoch_time=00:00:11 eta=00:03:55
[a1_daily_p30_5d] epoch 039/060 val_loss=119.69143677 best_val_loss=14.23322449 bad_epochs=2/8 epoch_time=00:00:11 eta=00:03:45
[a1_daily_p30_5d] epoch 040/060 val_loss=217.91784363 best_val_loss=14.23322449 bad_epochs=3/8 epoch_time=00:00:11 eta=00:03:34
[a1_daily_p30_5d] epoch 041/060 val_loss=420.83037262 best_val_loss=14.23322449 bad_epochs=4/8 epoch_time=00:00:11 eta=00:03:23
[a1_daily_p30_5d] epoch 042/060 val_loss=228.42781525 best_val_loss=14.23322449 bad_epochs=5/8 epoch_time=00:00:11 eta=00:03:12
[a1_daily_p30_5d] epoch 043/060 val_loss=13.29604115 best_val_loss=13.29604115 bad_epochs=0/8 epoch_time=00:00:11 eta=00:03:02
[a1_daily_p30_5d] epoch 044/060 val_loss=18.14541988 best_val_loss=13.29604115 bad_epochs=1/8 epoch_time=00:00:11 eta=00:02:51
[a1_daily_p30_5d] epoch 045/060 val_loss=128.48132858 best_val_loss=13.29604115 bad_epochs=2/8 epoch_time=00:00:11 eta=00:02:40
[a1_daily_p30_5d] epoch 046/060 val_loss=212.10899506 best_val_loss=13.29604115 bad_epochs=3/8 epoch_time=00:00:11 eta=00:02:30
[a1_daily_p30_5d] epoch 047/060 val_loss=420.12072449 best_val_loss=13.29604115 bad_epochs=4/8 epoch_time=00:00:11 eta=00:02:19
[a1_daily_p30_5d] epoch 048/060 val_loss=246.92245331 best_val_loss=13.29604115 bad_epochs=5/8 epoch_time=00:00:11 eta=00:02:08
[a1_daily_p30_5d] epoch 049/060 val_loss=12.24273477 best_val_loss=12.24273477 bad_epochs=0/8 epoch_time=00:00:11 eta=00:01:57
[a1_daily_p30_5d] epoch 050/060 val_loss=16.57554417 best_val_loss=12.24273477 bad_epochs=1/8 epoch_time=00:00:11 eta=00:01:47
[a1_daily_p30_5d] epoch 051/060 val_loss=128.04837799 best_val_loss=12.24273477 bad_epochs=2/8 epoch_time=00:00:11 eta=00:01:36
[a1_daily_p30_5d] epoch 052/060 val_loss=234.38147659 best_val_loss=12.24273477 bad_epochs=3/8 epoch_time=00:00:11 eta=00:01:25
[a1_daily_p30_5d] epoch 053/060 val_loss=438.80824585 best_val_loss=12.24273477 bad_epochs=4/8 epoch_time=00:00:11 eta=00:01:15
[a1_daily_p30_5d] epoch 054/060 val_loss=246.48165588 best_val_loss=12.24273477 bad_epochs=5/8 epoch_time=00:00:11 eta=00:01:04
[a1_daily_p30_5d] epoch 055/060 val_loss=12.81645994 best_val_loss=12.24273477 bad_epochs=6/8 epoch_time=00:00:11 eta=00:00:53
[a1_daily_p30_5d] epoch 056/060 val_loss=17.38978024 best_val_loss=12.24273477 bad_epochs=7/8 epoch_time=00:00:11 eta=00:00:43
[a1_daily_p30_5d] epoch 057/060 val_loss=131.42260818 best_val_loss=12.24273477 bad_epochs=8/8 epoch_time=00:00:11 eta=00:00:32
[a1_daily_p30_5d] early stopping at epoch 57
[a1] done freq=daily patch=30 horizon=5d test_mse=0.676327 test_corr=-0.0155 test_rank_corr=0.0373 test_direction_acc=0.5201 (overall elapsed 00:54:54)
[a1] === run 14/57: freq=weekly patch=2 horizon=5d ===
[a1_weekly_p2_5d] epoch 001/060 val_loss=292284.77187500 best_val_loss=292284.77187500 bad_epochs=0/8 epoch_time=00:00:05 eta=00:04:39
[a1_weekly_p2_5d] epoch 002/060 val_loss=190850.88437500 best_val_loss=190850.88437500 bad_epochs=0/8 epoch_time=00:00:05 eta=00:04:33
[a1_weekly_p2_5d] epoch 003/060 val_loss=106592.77500000 best_val_loss=106592.77500000 bad_epochs=0/8 epoch_time=00:00:05 eta=00:04:31
[a1_weekly_p2_5d] epoch 004/060 val_loss=42518.87421875 best_val_loss=42518.87421875 bad_epochs=0/8 epoch_time=00:00:05 eta=00:04:25
[a1_weekly_p2_5d] epoch 005/060 val_loss=9049.48154297 best_val_loss=9049.48154297 bad_epochs=0/8 epoch_time=00:00:05 eta=00:04:20
[a1_weekly_p2_5d] epoch 006/060 val_loss=1233.26232910 best_val_loss=1233.26232910 bad_epochs=0/8 epoch_time=00:00:05 eta=00:04:15
[a1_weekly_p2_5d] epoch 007/060 val_loss=699.43331299 best_val_loss=699.43331299 bad_epochs=0/8 epoch_time=00:00:05 eta=00:04:10
[a1_weekly_p2_5d] epoch 008/060 val_loss=104.98397827 best_val_loss=104.98397827 bad_epochs=0/8 epoch_time=00:00:05 eta=00:04:06
[a1_weekly_p2_5d] epoch 009/060 val_loss=15.81489925 best_val_loss=15.81489925 bad_epochs=0/8 epoch_time=00:00:05 eta=00:04:01
[a1_weekly_p2_5d] epoch 010/060 val_loss=69.84503479 best_val_loss=15.81489925 bad_epochs=1/8 epoch_time=00:00:05 eta=00:03:56
[a1_weekly_p2_5d] epoch 011/060 val_loss=141.02167206 best_val_loss=15.81489925 bad_epochs=2/8 epoch_time=00:00:05 eta=00:03:51
[a1_weekly_p2_5d] epoch 012/060 val_loss=363.71909790 best_val_loss=15.81489925 bad_epochs=3/8 epoch_time=00:00:05 eta=00:03:46
[a1_weekly_p2_5d] epoch 013/060 val_loss=209.11081238 best_val_loss=15.81489925 bad_epochs=4/8 epoch_time=00:00:05 eta=00:03:42
[a1_weekly_p2_5d] epoch 014/060 val_loss=418.78993530 best_val_loss=15.81489925 bad_epochs=5/8 epoch_time=00:00:05 eta=00:03:37
[a1_weekly_p2_5d] epoch 015/060 val_loss=135.53833923 best_val_loss=15.81489925 bad_epochs=6/8 epoch_time=00:00:05 eta=00:03:32
[a1_weekly_p2_5d] epoch 016/060 val_loss=25.68337669 best_val_loss=15.81489925 bad_epochs=7/8 epoch_time=00:00:05 eta=00:03:27
[a1_weekly_p2_5d] epoch 017/060 val_loss=564.21481323 best_val_loss=15.81489925 bad_epochs=8/8 epoch_time=00:00:05 eta=00:03:23
[a1_weekly_p2_5d] early stopping at epoch 17
[a1] done freq=weekly patch=2 horizon=5d test_mse=1.274400 test_corr=-0.0071 test_rank_corr=-0.0412 test_direction_acc=0.5055 (overall elapsed 00:56:17)
[a1] === run 15/57: freq=weekly patch=4 horizon=5d ===
[a1_weekly_p4_5d] epoch 001/060 val_loss=133925.32031250 best_val_loss=133925.32031250 bad_epochs=0/8 epoch_time=00:00:04 eta=00:03:29
[a1_weekly_p4_5d] epoch 002/060 val_loss=60904.19140625 best_val_loss=60904.19140625 bad_epochs=0/8 epoch_time=00:00:04 eta=00:03:26
[a1_weekly_p4_5d] epoch 003/060 val_loss=10822.69550781 best_val_loss=10822.69550781 bad_epochs=0/8 epoch_time=00:00:04 eta=00:03:23
[a1_weekly_p4_5d] epoch 004/060 val_loss=1396.43475342 best_val_loss=1396.43475342 bad_epochs=0/8 epoch_time=00:00:03 eta=00:03:18
[a1_weekly_p4_5d] epoch 005/060 val_loss=960.81804199 best_val_loss=960.81804199 bad_epochs=0/8 epoch_time=00:00:03 eta=00:03:14
[a1_weekly_p4_5d] epoch 006/060 val_loss=351.30976563 best_val_loss=351.30976563 bad_epochs=0/8 epoch_time=00:00:04 eta=00:03:11
[a1_weekly_p4_5d] epoch 007/060 val_loss=51.08639297 best_val_loss=51.08639297 bad_epochs=0/8 epoch_time=00:00:04 eta=00:03:07
[a1_weekly_p4_5d] epoch 008/060 val_loss=182.62757721 best_val_loss=51.08639297 bad_epochs=1/8 epoch_time=00:00:03 eta=00:03:03
[a1_weekly_p4_5d] epoch 009/060 val_loss=244.46640625 best_val_loss=51.08639297 bad_epochs=2/8 epoch_time=00:00:04 eta=00:03:00
[a1_weekly_p4_5d] epoch 010/060 val_loss=279.38294373 best_val_loss=51.08639297 bad_epochs=3/8 epoch_time=00:00:04 eta=00:02:57
[a1_weekly_p4_5d] epoch 011/060 val_loss=15.53546638 best_val_loss=15.53546638 bad_epochs=0/8 epoch_time=00:00:04 eta=00:02:53
[a1_weekly_p4_5d] epoch 012/060 val_loss=186.46568604 best_val_loss=15.53546638 bad_epochs=1/8 epoch_time=00:00:04 eta=00:02:50
[a1_weekly_p4_5d] epoch 013/060 val_loss=244.29392090 best_val_loss=15.53546638 bad_epochs=2/8 epoch_time=00:00:04 eta=00:02:46
[a1_weekly_p4_5d] epoch 014/060 val_loss=352.31817322 best_val_loss=15.53546638 bad_epochs=3/8 epoch_time=00:00:04 eta=00:02:43
[a1_weekly_p4_5d] epoch 015/060 val_loss=554.63748779 best_val_loss=15.53546638 bad_epochs=4/8 epoch_time=00:00:03 eta=00:02:39
[a1_weekly_p4_5d] epoch 016/060 val_loss=108.73890228 best_val_loss=15.53546638 bad_epochs=5/8 epoch_time=00:00:03 eta=00:02:35
[a1_weekly_p4_5d] epoch 017/060 val_loss=511.78955078 best_val_loss=15.53546638 bad_epochs=6/8 epoch_time=00:00:04 eta=00:02:32
[a1_weekly_p4_5d] epoch 018/060 val_loss=424.87868652 best_val_loss=15.53546638 bad_epochs=7/8 epoch_time=00:00:04 eta=00:02:28
[a1_weekly_p4_5d] epoch 019/060 val_loss=261.09575195 best_val_loss=15.53546638 bad_epochs=8/8 epoch_time=00:00:04 eta=00:02:25
[a1_weekly_p4_5d] early stopping at epoch 19
[a1] done freq=weekly patch=4 horizon=5d test_mse=1.642136 test_corr=-0.0418 test_rank_corr=-0.0567 test_direction_acc=0.5365 (overall elapsed 00:57:26)
[a1] === run 16/57: freq=weekly patch=8 horizon=5d ===
[a1_weekly_p8_5d] epoch 001/060 val_loss=628340.07500000 best_val_loss=628340.07500000 bad_epochs=0/8 epoch_time=00:00:03 eta=00:03:14
[a1_weekly_p8_5d] epoch 002/060 val_loss=422150.15000000 best_val_loss=422150.15000000 bad_epochs=0/8 epoch_time=00:00:03 eta=00:03:09
[a1_weekly_p8_5d] epoch 003/060 val_loss=287036.29375000 best_val_loss=287036.29375000 bad_epochs=0/8 epoch_time=00:00:03 eta=00:03:05
[a1_weekly_p8_5d] epoch 004/060 val_loss=204888.35937500 best_val_loss=204888.35937500 bad_epochs=0/8 epoch_time=00:00:03 eta=00:03:02
[a1_weekly_p8_5d] epoch 005/060 val_loss=150943.93281250 best_val_loss=150943.93281250 bad_epochs=0/8 epoch_time=00:00:03 eta=00:02:59
[a1_weekly_p8_5d] epoch 006/060 val_loss=86243.29843750 best_val_loss=86243.29843750 bad_epochs=0/8 epoch_time=00:00:03 eta=00:02:55
[a1_weekly_p8_5d] epoch 007/060 val_loss=25087.26640625 best_val_loss=25087.26640625 bad_epochs=0/8 epoch_time=00:00:03 eta=00:02:53
[a1_weekly_p8_5d] epoch 008/060 val_loss=7290.00849609 best_val_loss=7290.00849609 bad_epochs=0/8 epoch_time=00:00:03 eta=00:02:49
[a1_weekly_p8_5d] epoch 009/060 val_loss=2720.43637695 best_val_loss=2720.43637695 bad_epochs=0/8 epoch_time=00:00:03 eta=00:02:46
[a1_weekly_p8_5d] epoch 010/060 val_loss=308.46267395 best_val_loss=308.46267395 bad_epochs=0/8 epoch_time=00:00:03 eta=00:02:43
[a1_weekly_p8_5d] epoch 011/060 val_loss=1122.51966553 best_val_loss=308.46267395 bad_epochs=1/8 epoch_time=00:00:03 eta=00:02:39
[a1_weekly_p8_5d] epoch 012/060 val_loss=438.05688477 best_val_loss=308.46267395 bad_epochs=2/8 epoch_time=00:00:03 eta=00:02:36
[a1_weekly_p8_5d] epoch 013/060 val_loss=74.73896942 best_val_loss=74.73896942 bad_epochs=0/8 epoch_time=00:00:03 eta=00:02:33
[a1_weekly_p8_5d] epoch 014/060 val_loss=72.35635986 best_val_loss=72.35635986 bad_epochs=0/8 epoch_time=00:00:03 eta=00:02:30
[a1_weekly_p8_5d] epoch 015/060 val_loss=780.73817139 best_val_loss=72.35635986 bad_epochs=1/8 epoch_time=00:00:03 eta=00:02:26
[a1_weekly_p8_5d] epoch 016/060 val_loss=303.90583191 best_val_loss=72.35635986 bad_epochs=2/8 epoch_time=00:00:03 eta=00:02:23
[a1_weekly_p8_5d] epoch 017/060 val_loss=311.75205994 best_val_loss=72.35635986 bad_epochs=3/8 epoch_time=00:00:03 eta=00:02:20
[a1_weekly_p8_5d] epoch 018/060 val_loss=1083.03541260 best_val_loss=72.35635986 bad_epochs=4/8 epoch_time=00:00:03 eta=00:02:16
[a1_weekly_p8_5d] epoch 019/060 val_loss=424.85756836 best_val_loss=72.35635986 bad_epochs=5/8 epoch_time=00:00:03 eta=00:02:13
[a1_weekly_p8_5d] epoch 020/060 val_loss=70.70173798 best_val_loss=70.70173798 bad_epochs=0/8 epoch_time=00:00:03 eta=00:02:10
[a1_weekly_p8_5d] epoch 021/060 val_loss=69.24237213 best_val_loss=69.24237213 bad_epochs=0/8 epoch_time=00:00:03 eta=00:02:07
[a1_weekly_p8_5d] epoch 022/060 val_loss=754.01567383 best_val_loss=69.24237213 bad_epochs=1/8 epoch_time=00:00:03 eta=00:02:04
[a1_weekly_p8_5d] epoch 023/060 val_loss=295.14322815 best_val_loss=69.24237213 bad_epochs=2/8 epoch_time=00:00:03 eta=00:02:00
[a1_weekly_p8_5d] epoch 024/060 val_loss=296.60438232 best_val_loss=69.24237213 bad_epochs=3/8 epoch_time=00:00:03 eta=00:01:57
[a1_weekly_p8_5d] epoch 025/060 val_loss=1046.08786621 best_val_loss=69.24237213 bad_epochs=4/8 epoch_time=00:00:03 eta=00:01:54
[a1_weekly_p8_5d] epoch 026/060 val_loss=406.39912720 best_val_loss=69.24237213 bad_epochs=5/8 epoch_time=00:00:03 eta=00:01:51
[a1_weekly_p8_5d] epoch 027/060 val_loss=69.99295578 best_val_loss=69.24237213 bad_epochs=6/8 epoch_time=00:00:03 eta=00:01:47
[a1_weekly_p8_5d] epoch 028/060 val_loss=68.91510925 best_val_loss=68.91510925 bad_epochs=0/8 epoch_time=00:00:03 eta=00:01:44
[a1_weekly_p8_5d] epoch 029/060 val_loss=751.19876709 best_val_loss=68.91510925 bad_epochs=1/8 epoch_time=00:00:03 eta=00:01:41
[a1_weekly_p8_5d] epoch 030/060 val_loss=294.37756653 best_val_loss=68.91510925 bad_epochs=2/8 epoch_time=00:00:03 eta=00:01:37
[a1_weekly_p8_5d] epoch 031/060 val_loss=289.29490662 best_val_loss=68.91510925 bad_epochs=3/8 epoch_time=00:00:03 eta=00:01:34
[a1_weekly_p8_5d] epoch 032/060 val_loss=1032.41579590 best_val_loss=68.91510925 bad_epochs=4/8 epoch_time=00:00:03 eta=00:01:31
[a1_weekly_p8_5d] epoch 033/060 val_loss=396.98978882 best_val_loss=68.91510925 bad_epochs=5/8 epoch_time=00:00:03 eta=00:01:28
[a1_weekly_p8_5d] epoch 034/060 val_loss=69.99739685 best_val_loss=68.91510925 bad_epochs=6/8 epoch_time=00:00:03 eta=00:01:24
[a1_weekly_p8_5d] epoch 035/060 val_loss=68.95070953 best_val_loss=68.91510925 bad_epochs=7/8 epoch_time=00:00:03 eta=00:01:21
[a1_weekly_p8_5d] epoch 036/060 val_loss=740.79377441 best_val_loss=68.91510925 bad_epochs=8/8 epoch_time=00:00:03 eta=00:01:18
[a1_weekly_p8_5d] early stopping at epoch 36
[a1] done freq=weekly patch=8 horizon=5d test_mse=28.336819 test_corr=-0.0273 test_rank_corr=-0.0420 test_direction_acc=0.4909 (overall elapsed 00:59:24)
[a1] === run 17/57: freq=weekly patch=12 horizon=5d ===
[a1_weekly_p12_5d] epoch 001/060 val_loss=394598.66875000 best_val_loss=394598.66875000 bad_epochs=0/8 epoch_time=00:00:03 eta=00:03:08
[a1_weekly_p12_5d] epoch 002/060 val_loss=236825.29375000 best_val_loss=236825.29375000 bad_epochs=0/8 epoch_time=00:00:03 eta=00:03:05
[a1_weekly_p12_5d] epoch 003/060 val_loss=138250.47656250 best_val_loss=138250.47656250 bad_epochs=0/8 epoch_time=00:00:03 eta=00:03:00
[a1_weekly_p12_5d] epoch 004/060 val_loss=71459.89296875 best_val_loss=71459.89296875 bad_epochs=0/8 epoch_time=00:00:03 eta=00:02:57
[a1_weekly_p12_5d] epoch 005/060 val_loss=745.90953369 best_val_loss=745.90953369 bad_epochs=0/8 epoch_time=00:00:03 eta=00:02:54
[a1_weekly_p12_5d] epoch 006/060 val_loss=5302.09829102 best_val_loss=745.90953369 bad_epochs=1/8 epoch_time=00:00:03 eta=00:02:50
[a1_weekly_p12_5d] epoch 007/060 val_loss=2997.76303711 best_val_loss=745.90953369 bad_epochs=2/8 epoch_time=00:00:03 eta=00:02:47
[a1_weekly_p12_5d] epoch 008/060 val_loss=1201.93732910 best_val_loss=745.90953369 bad_epochs=3/8 epoch_time=00:00:03 eta=00:02:44
[a1_weekly_p12_5d] epoch 009/060 val_loss=69.97860413 best_val_loss=69.97860413 bad_epochs=0/8 epoch_time=00:00:03 eta=00:02:40
[a1_weekly_p12_5d] epoch 010/060 val_loss=286.24832458 best_val_loss=69.97860413 bad_epochs=1/8 epoch_time=00:00:03 eta=00:02:37
[a1_weekly_p12_5d] epoch 011/060 val_loss=172.17550964 best_val_loss=69.97860413 bad_epochs=2/8 epoch_time=00:00:03 eta=00:02:34
[a1_weekly_p12_5d] epoch 012/060 val_loss=733.40445557 best_val_loss=69.97860413 bad_epochs=3/8 epoch_time=00:00:03 eta=00:02:31
[a1_weekly_p12_5d] epoch 013/060 val_loss=570.90483398 best_val_loss=69.97860413 bad_epochs=4/8 epoch_time=00:00:03 eta=00:02:27
[a1_weekly_p12_5d] epoch 014/060 val_loss=597.55791626 best_val_loss=69.97860413 bad_epochs=5/8 epoch_time=00:00:03 eta=00:02:24
[a1_weekly_p12_5d] epoch 015/060 val_loss=20.77024364 best_val_loss=20.77024364 bad_epochs=0/8 epoch_time=00:00:03 eta=00:02:21
[a1_weekly_p12_5d] epoch 016/060 val_loss=904.88253174 best_val_loss=20.77024364 bad_epochs=1/8 epoch_time=00:00:03 eta=00:02:18
[a1_weekly_p12_5d] epoch 017/060 val_loss=223.25242004 best_val_loss=20.77024364 bad_epochs=2/8 epoch_time=00:00:03 eta=00:02:15
[a1_weekly_p12_5d] epoch 018/060 val_loss=137.59994049 best_val_loss=20.77024364 bad_epochs=3/8 epoch_time=00:00:03 eta=00:02:12
[a1_weekly_p12_5d] epoch 019/060 val_loss=281.42376709 best_val_loss=20.77024364 bad_epochs=4/8 epoch_time=00:00:03 eta=00:02:09
[a1_weekly_p12_5d] epoch 020/060 val_loss=725.52111816 best_val_loss=20.77024364 bad_epochs=5/8 epoch_time=00:00:03 eta=00:02:06
[a1_weekly_p12_5d] epoch 021/060 val_loss=557.03914185 best_val_loss=20.77024364 bad_epochs=6/8 epoch_time=00:00:03 eta=00:02:02
[a1_weekly_p12_5d] epoch 022/060 val_loss=19.73505821 best_val_loss=19.73505821 bad_epochs=0/8 epoch_time=00:00:03 eta=00:01:59
[a1_weekly_p12_5d] epoch 023/060 val_loss=903.85450439 best_val_loss=19.73505821 bad_epochs=1/8 epoch_time=00:00:03 eta=00:01:56
[a1_weekly_p12_5d] epoch 024/060 val_loss=225.05310364 best_val_loss=19.73505821 bad_epochs=2/8 epoch_time=00:00:03 eta=00:01:53
[a1_weekly_p12_5d] epoch 025/060 val_loss=131.98651733 best_val_loss=19.73505821 bad_epochs=3/8 epoch_time=00:00:03 eta=00:01:50
[a1_weekly_p12_5d] epoch 026/060 val_loss=274.17896423 best_val_loss=19.73505821 bad_epochs=4/8 epoch_time=00:00:03 eta=00:01:47
[a1_weekly_p12_5d] epoch 027/060 val_loss=713.36350098 best_val_loss=19.73505821 bad_epochs=5/8 epoch_time=00:00:03 eta=00:01:44
[a1_weekly_p12_5d] epoch 028/060 val_loss=556.56909180 best_val_loss=19.73505821 bad_epochs=6/8 epoch_time=00:00:03 eta=00:01:40
[a1_weekly_p12_5d] epoch 029/060 val_loss=21.92729149 best_val_loss=19.73505821 bad_epochs=7/8 epoch_time=00:00:03 eta=00:01:37
[a1_weekly_p12_5d] epoch 030/060 val_loss=884.96243896 best_val_loss=19.73505821 bad_epochs=8/8 epoch_time=00:00:03 eta=00:01:34
[a1_weekly_p12_5d] early stopping at epoch 30
[a1] done freq=weekly patch=12 horizon=5d test_mse=2.399999 test_corr=0.1072 test_rank_corr=0.1308 test_direction_acc=0.4635 (overall elapsed 01:01:00)
[a1] === run 18/57: freq=weekly patch=13 horizon=5d ===
[a1_weekly_p13_5d] epoch 001/060 val_loss=4630.20214844 best_val_loss=4630.20214844 bad_epochs=0/8 epoch_time=00:00:03 eta=00:03:08
[a1_weekly_p13_5d] epoch 002/060 val_loss=3563.96425781 best_val_loss=3563.96425781 bad_epochs=0/8 epoch_time=00:00:03 eta=00:03:07
[a1_weekly_p13_5d] epoch 003/060 val_loss=434.22045288 best_val_loss=434.22045288 bad_epochs=0/8 epoch_time=00:00:03 eta=00:03:04
[a1_weekly_p13_5d] epoch 004/060 val_loss=941.31784668 best_val_loss=434.22045288 bad_epochs=1/8 epoch_time=00:00:03 eta=00:03:01
[a1_weekly_p13_5d] epoch 005/060 val_loss=110.41933365 best_val_loss=110.41933365 bad_epochs=0/8 epoch_time=00:00:03 eta=00:02:58
[a1_weekly_p13_5d] epoch 006/060 val_loss=486.34635620 best_val_loss=110.41933365 bad_epochs=1/8 epoch_time=00:00:03 eta=00:02:55
[a1_weekly_p13_5d] epoch 007/060 val_loss=790.13203125 best_val_loss=110.41933365 bad_epochs=2/8 epoch_time=00:00:03 eta=00:02:51
[a1_weekly_p13_5d] epoch 008/060 val_loss=99.53074341 best_val_loss=99.53074341 bad_epochs=0/8 epoch_time=00:00:03 eta=00:02:48
[a1_weekly_p13_5d] epoch 009/060 val_loss=453.27913208 best_val_loss=99.53074341 bad_epochs=1/8 epoch_time=00:00:03 eta=00:02:45
[a1_weekly_p13_5d] epoch 010/060 val_loss=727.67143555 best_val_loss=99.53074341 bad_epochs=2/8 epoch_time=00:00:03 eta=00:02:42
[a1_weekly_p13_5d] epoch 011/060 val_loss=84.73939667 best_val_loss=84.73939667 bad_epochs=0/8 epoch_time=00:00:03 eta=00:02:38
[a1_weekly_p13_5d] epoch 012/060 val_loss=398.78898926 best_val_loss=84.73939667 bad_epochs=1/8 epoch_time=00:00:03 eta=00:02:35
[a1_weekly_p13_5d] epoch 013/060 val_loss=623.69549561 best_val_loss=84.73939667 bad_epochs=2/8 epoch_time=00:00:03 eta=00:02:32
[a1_weekly_p13_5d] epoch 014/060 val_loss=78.21423340 best_val_loss=78.21423340 bad_epochs=0/8 epoch_time=00:00:03 eta=00:02:28
[a1_weekly_p13_5d] epoch 015/060 val_loss=376.69204102 best_val_loss=78.21423340 bad_epochs=1/8 epoch_time=00:00:03 eta=00:02:25
[a1_weekly_p13_5d] epoch 016/060 val_loss=607.01945801 best_val_loss=78.21423340 bad_epochs=2/8 epoch_time=00:00:03 eta=00:02:22
[a1_weekly_p13_5d] epoch 017/060 val_loss=74.82914581 best_val_loss=74.82914581 bad_epochs=0/8 epoch_time=00:00:03 eta=00:02:19
[a1_weekly_p13_5d] epoch 018/060 val_loss=370.70526123 best_val_loss=74.82914581 bad_epochs=1/8 epoch_time=00:00:03 eta=00:02:16
[a1_weekly_p13_5d] epoch 019/060 val_loss=606.13079834 best_val_loss=74.82914581 bad_epochs=2/8 epoch_time=00:00:03 eta=00:02:12
[a1_weekly_p13_5d] epoch 020/060 val_loss=73.81838913 best_val_loss=73.81838913 bad_epochs=0/8 epoch_time=00:00:03 eta=00:02:09
[a1_weekly_p13_5d] epoch 021/060 val_loss=357.30016479 best_val_loss=73.81838913 bad_epochs=1/8 epoch_time=00:00:03 eta=00:02:06
[a1_weekly_p13_5d] epoch 022/060 val_loss=593.73436279 best_val_loss=73.81838913 bad_epochs=2/8 epoch_time=00:00:03 eta=00:02:03
[a1_weekly_p13_5d] epoch 023/060 val_loss=73.09077606 best_val_loss=73.09077606 bad_epochs=0/8 epoch_time=00:00:03 eta=00:02:00
[a1_weekly_p13_5d] epoch 024/060 val_loss=378.79580078 best_val_loss=73.09077606 bad_epochs=1/8 epoch_time=00:00:03 eta=00:01:56
[a1_weekly_p13_5d] epoch 025/060 val_loss=589.65305786 best_val_loss=73.09077606 bad_epochs=2/8 epoch_time=00:00:03 eta=00:01:53
[a1_weekly_p13_5d] epoch 026/060 val_loss=70.24520874 best_val_loss=70.24520874 bad_epochs=0/8 epoch_time=00:00:03 eta=00:01:50
[a1_weekly_p13_5d] epoch 027/060 val_loss=351.31137695 best_val_loss=70.24520874 bad_epochs=1/8 epoch_time=00:00:03 eta=00:01:47
[a1_weekly_p13_5d] epoch 028/060 val_loss=560.53088989 best_val_loss=70.24520874 bad_epochs=2/8 epoch_time=00:00:03 eta=00:01:43
[a1_weekly_p13_5d] epoch 029/060 val_loss=72.21131897 best_val_loss=70.24520874 bad_epochs=3/8 epoch_time=00:00:03 eta=00:01:40
[a1_weekly_p13_5d] epoch 030/060 val_loss=341.18185730 best_val_loss=70.24520874 bad_epochs=4/8 epoch_time=00:00:03 eta=00:01:37
[a1_weekly_p13_5d] epoch 031/060 val_loss=598.68858032 best_val_loss=70.24520874 bad_epochs=5/8 epoch_time=00:00:03 eta=00:01:34
[a1_weekly_p13_5d] epoch 032/060 val_loss=66.04142609 best_val_loss=66.04142609 bad_epochs=0/8 epoch_time=00:00:03 eta=00:01:31
[a1_weekly_p13_5d] epoch 033/060 val_loss=348.91304016 best_val_loss=66.04142609 bad_epochs=1/8 epoch_time=00:00:03 eta=00:01:27
[a1_weekly_p13_5d] epoch 034/060 val_loss=616.70928345 best_val_loss=66.04142609 bad_epochs=2/8 epoch_time=00:00:03 eta=00:01:24
[a1_weekly_p13_5d] epoch 035/060 val_loss=74.92049789 best_val_loss=66.04142609 bad_epochs=3/8 epoch_time=00:00:03 eta=00:01:21
[a1_weekly_p13_5d] epoch 036/060 val_loss=359.90401001 best_val_loss=66.04142609 bad_epochs=4/8 epoch_time=00:00:03 eta=00:01:18
[a1_weekly_p13_5d] epoch 037/060 val_loss=559.24354248 best_val_loss=66.04142609 bad_epochs=5/8 epoch_time=00:00:03 eta=00:01:14
[a1_weekly_p13_5d] epoch 038/060 val_loss=70.28904343 best_val_loss=66.04142609 bad_epochs=6/8 epoch_time=00:00:03 eta=00:01:11
[a1_weekly_p13_5d] epoch 039/060 val_loss=352.17294312 best_val_loss=66.04142609 bad_epochs=7/8 epoch_time=00:00:03 eta=00:01:08
[a1_weekly_p13_5d] epoch 040/060 val_loss=568.69380493 best_val_loss=66.04142609 bad_epochs=8/8 epoch_time=00:00:03 eta=00:01:05
[a1_weekly_p13_5d] early stopping at epoch 40
[a1] done freq=weekly patch=13 horizon=5d test_mse=26.674730 test_corr=-0.0022 test_rank_corr=-0.0072 test_direction_acc=0.4836 (overall elapsed 01:03:10)
[a1] === run 19/57: freq=weekly patch=14 horizon=5d ===
[a1_weekly_p14_5d] epoch 001/060 val_loss=190770.64375000 best_val_loss=190770.64375000 bad_epochs=0/8 epoch_time=00:00:02 eta=00:01:58
[a1_weekly_p14_5d] epoch 002/060 val_loss=94186.05312500 best_val_loss=94186.05312500 bad_epochs=0/8 epoch_time=00:00:02 eta=00:01:56
[a1_weekly_p14_5d] epoch 003/060 val_loss=19510.21601562 best_val_loss=19510.21601562 bad_epochs=0/8 epoch_time=00:00:02 eta=00:01:54
[a1_weekly_p14_5d] epoch 004/060 val_loss=200.37999268 best_val_loss=200.37999268 bad_epochs=0/8 epoch_time=00:00:02 eta=00:01:52
[a1_weekly_p14_5d] epoch 005/060 val_loss=1011.31357422 best_val_loss=200.37999268 bad_epochs=1/8 epoch_time=00:00:02 eta=00:01:50
[a1_weekly_p14_5d] epoch 006/060 val_loss=128.68645477 best_val_loss=128.68645477 bad_epochs=0/8 epoch_time=00:00:02 eta=00:01:48
[a1_weekly_p14_5d] epoch 007/060 val_loss=265.58701782 best_val_loss=128.68645477 bad_epochs=1/8 epoch_time=00:00:02 eta=00:01:46
[a1_weekly_p14_5d] epoch 008/060 val_loss=46.18503342 best_val_loss=46.18503342 bad_epochs=0/8 epoch_time=00:00:02 eta=00:01:44
[a1_weekly_p14_5d] epoch 009/060 val_loss=356.19400635 best_val_loss=46.18503342 bad_epochs=1/8 epoch_time=00:00:02 eta=00:01:42
[a1_weekly_p14_5d] epoch 010/060 val_loss=36.36097641 best_val_loss=36.36097641 bad_epochs=0/8 epoch_time=00:00:02 eta=00:01:40
[a1_weekly_p14_5d] epoch 011/060 val_loss=244.58702698 best_val_loss=36.36097641 bad_epochs=1/8 epoch_time=00:00:02 eta=00:01:38
[a1_weekly_p14_5d] epoch 012/060 val_loss=63.64025726 best_val_loss=36.36097641 bad_epochs=2/8 epoch_time=00:00:02 eta=00:01:36
[a1_weekly_p14_5d] epoch 013/060 val_loss=815.74176025 best_val_loss=36.36097641 bad_epochs=3/8 epoch_time=00:00:02 eta=00:01:34
[a1_weekly_p14_5d] epoch 014/060 val_loss=218.06398621 best_val_loss=36.36097641 bad_epochs=4/8 epoch_time=00:00:02 eta=00:01:32
[a1_weekly_p14_5d] epoch 015/060 val_loss=448.37828979 best_val_loss=36.36097641 bad_epochs=5/8 epoch_time=00:00:02 eta=00:01:30
[a1_weekly_p14_5d] epoch 016/060 val_loss=463.76254272 best_val_loss=36.36097641 bad_epochs=6/8 epoch_time=00:00:02 eta=00:01:28
[a1_weekly_p14_5d] epoch 017/060 val_loss=71.25816040 best_val_loss=36.36097641 bad_epochs=7/8 epoch_time=00:00:02 eta=00:01:27
[a1_weekly_p14_5d] epoch 018/060 val_loss=265.70883484 best_val_loss=36.36097641 bad_epochs=8/8 epoch_time=00:00:02 eta=00:01:25
[a1_weekly_p14_5d] early stopping at epoch 18
[a1] done freq=weekly patch=14 horizon=5d test_mse=8.947932 test_corr=0.2118 test_rank_corr=0.1806 test_direction_acc=0.4635 (overall elapsed 01:03:47)
[a1] === run 20/57: freq=hourly patch=2 horizon=10d ===
[a1_hourly_p2_10d] epoch 001/060 val_loss=29774.30097656 best_val_loss=29774.30097656 bad_epochs=0/8 epoch_time=00:00:04 eta=00:04:20
[a1_hourly_p2_10d] epoch 002/060 val_loss=21694.35625000 best_val_loss=21694.35625000 bad_epochs=0/8 epoch_time=00:00:04 eta=00:04:12
[a1_hourly_p2_10d] epoch 003/060 val_loss=15708.11796875 best_val_loss=15708.11796875 bad_epochs=0/8 epoch_time=00:00:04 eta=00:04:06
[a1_hourly_p2_10d] epoch 004/060 val_loss=12302.92871094 best_val_loss=12302.92871094 bad_epochs=0/8 epoch_time=00:00:04 eta=00:04:01
[a1_hourly_p2_10d] epoch 005/060 val_loss=9478.80087891 best_val_loss=9478.80087891 bad_epochs=0/8 epoch_time=00:00:05 eta=00:04:01
[a1_hourly_p2_10d] epoch 006/060 val_loss=6705.40151367 best_val_loss=6705.40151367 bad_epochs=0/8 epoch_time=00:00:04 eta=00:03:57
[a1_hourly_p2_10d] epoch 007/060 val_loss=4285.88833008 best_val_loss=4285.88833008 bad_epochs=0/8 epoch_time=00:00:05 eta=00:03:54
[a1_hourly_p2_10d] epoch 008/060 val_loss=1562.95485840 best_val_loss=1562.95485840 bad_epochs=0/8 epoch_time=00:00:04 eta=00:03:50
[a1_hourly_p2_10d] epoch 009/060 val_loss=419.34110107 best_val_loss=419.34110107 bad_epochs=0/8 epoch_time=00:00:04 eta=00:03:45
[a1_hourly_p2_10d] epoch 010/060 val_loss=123.16641464 best_val_loss=123.16641464 bad_epochs=0/8 epoch_time=00:00:04 eta=00:03:41
[a1_hourly_p2_10d] epoch 011/060 val_loss=81.95743866 best_val_loss=81.95743866 bad_epochs=0/8 epoch_time=00:00:05 eta=00:03:37
[a1_hourly_p2_10d] epoch 012/060 val_loss=68.38989563 best_val_loss=68.38989563 bad_epochs=0/8 epoch_time=00:00:04 eta=00:03:33
[a1_hourly_p2_10d] epoch 013/060 val_loss=60.56656723 best_val_loss=60.56656723 bad_epochs=0/8 epoch_time=00:00:04 eta=00:03:28
[a1_hourly_p2_10d] epoch 014/060 val_loss=76.45237274 best_val_loss=60.56656723 bad_epochs=1/8 epoch_time=00:00:04 eta=00:03:24
[a1_hourly_p2_10d] epoch 015/060 val_loss=70.23097382 best_val_loss=60.56656723 bad_epochs=2/8 epoch_time=00:00:04 eta=00:03:19
[a1_hourly_p2_10d] epoch 016/060 val_loss=53.75878067 best_val_loss=53.75878067 bad_epochs=0/8 epoch_time=00:00:04 eta=00:03:15
[a1_hourly_p2_10d] epoch 017/060 val_loss=45.93186111 best_val_loss=45.93186111 bad_epochs=0/8 epoch_time=00:00:04 eta=00:03:10
[a1_hourly_p2_10d] epoch 018/060 val_loss=48.28086548 best_val_loss=45.93186111 bad_epochs=1/8 epoch_time=00:00:04 eta=00:03:06
[a1_hourly_p2_10d] epoch 019/060 val_loss=40.53403244 best_val_loss=40.53403244 bad_epochs=0/8 epoch_time=00:00:04 eta=00:03:02
[a1_hourly_p2_10d] epoch 020/060 val_loss=38.96547241 best_val_loss=38.96547241 bad_epochs=0/8 epoch_time=00:00:04 eta=00:02:57
[a1_hourly_p2_10d] epoch 021/060 val_loss=38.50631523 best_val_loss=38.50631523 bad_epochs=0/8 epoch_time=00:00:04 eta=00:02:52
[a1_hourly_p2_10d] epoch 022/060 val_loss=38.21360931 best_val_loss=38.21360931 bad_epochs=0/8 epoch_time=00:00:04 eta=00:02:48
[a1_hourly_p2_10d] epoch 023/060 val_loss=37.94147835 best_val_loss=37.94147835 bad_epochs=0/8 epoch_time=00:00:04 eta=00:02:43
[a1_hourly_p2_10d] epoch 024/060 val_loss=37.67506180 best_val_loss=37.67506180 bad_epochs=0/8 epoch_time=00:00:04 eta=00:02:39
[a1_hourly_p2_10d] epoch 025/060 val_loss=37.38084717 best_val_loss=37.38084717 bad_epochs=0/8 epoch_time=00:00:04 eta=00:02:34
[a1_hourly_p2_10d] epoch 026/060 val_loss=37.10088120 best_val_loss=37.10088120 bad_epochs=0/8 epoch_time=00:00:04 eta=00:02:30
[a1_hourly_p2_10d] epoch 027/060 val_loss=36.82011414 best_val_loss=36.82011414 bad_epochs=0/8 epoch_time=00:00:04 eta=00:02:25
[a1_hourly_p2_10d] epoch 028/060 val_loss=36.53804245 best_val_loss=36.53804245 bad_epochs=0/8 epoch_time=00:00:04 eta=00:02:21
[a1_hourly_p2_10d] epoch 029/060 val_loss=36.24176865 best_val_loss=36.24176865 bad_epochs=0/8 epoch_time=00:00:04 eta=00:02:16
[a1_hourly_p2_10d] epoch 030/060 val_loss=35.93828468 best_val_loss=35.93828468 bad_epochs=0/8 epoch_time=00:00:04 eta=00:02:12
[a1_hourly_p2_10d] epoch 031/060 val_loss=35.63857613 best_val_loss=35.63857613 bad_epochs=0/8 epoch_time=00:00:04 eta=00:02:07
[a1_hourly_p2_10d] epoch 032/060 val_loss=35.35191536 best_val_loss=35.35191536 bad_epochs=0/8 epoch_time=00:00:04 eta=00:02:03
[a1_hourly_p2_10d] epoch 033/060 val_loss=35.06329002 best_val_loss=35.06329002 bad_epochs=0/8 epoch_time=00:00:04 eta=00:01:58
[a1_hourly_p2_10d] epoch 034/060 val_loss=34.75365944 best_val_loss=34.75365944 bad_epochs=0/8 epoch_time=00:00:04 eta=00:01:54
[a1_hourly_p2_10d] epoch 035/060 val_loss=34.43443069 best_val_loss=34.43443069 bad_epochs=0/8 epoch_time=00:00:04 eta=00:01:50
[a1_hourly_p2_10d] epoch 036/060 val_loss=34.14219551 best_val_loss=34.14219551 bad_epochs=0/8 epoch_time=00:00:04 eta=00:01:45
[a1_hourly_p2_10d] epoch 037/060 val_loss=33.83974495 best_val_loss=33.83974495 bad_epochs=0/8 epoch_time=00:00:04 eta=00:01:41
[a1_hourly_p2_10d] epoch 038/060 val_loss=33.52213821 best_val_loss=33.52213821 bad_epochs=0/8 epoch_time=00:00:04 eta=00:01:36
[a1_hourly_p2_10d] epoch 039/060 val_loss=33.19551048 best_val_loss=33.19551048 bad_epochs=0/8 epoch_time=00:00:04 eta=00:01:32
[a1_hourly_p2_10d] epoch 040/060 val_loss=32.87573929 best_val_loss=32.87573929 bad_epochs=0/8 epoch_time=00:00:04 eta=00:01:27
[a1_hourly_p2_10d] epoch 041/060 val_loss=32.56084251 best_val_loss=32.56084251 bad_epochs=0/8 epoch_time=00:00:04 eta=00:01:23
[a1_hourly_p2_10d] epoch 042/060 val_loss=32.23066177 best_val_loss=32.23066177 bad_epochs=0/8 epoch_time=00:00:04 eta=00:01:19
[a1_hourly_p2_10d] epoch 043/060 val_loss=31.90613327 best_val_loss=31.90613327 bad_epochs=0/8 epoch_time=00:00:04 eta=00:01:14
[a1_hourly_p2_10d] epoch 044/060 val_loss=31.57054710 best_val_loss=31.57054710 bad_epochs=0/8 epoch_time=00:00:04 eta=00:01:10
[a1_hourly_p2_10d] epoch 045/060 val_loss=31.22609310 best_val_loss=31.22609310 bad_epochs=0/8 epoch_time=00:00:04 eta=00:01:06
[a1_hourly_p2_10d] epoch 046/060 val_loss=30.87515678 best_val_loss=30.87515678 bad_epochs=0/8 epoch_time=00:00:04 eta=00:01:01
[a1_hourly_p2_10d] epoch 047/060 val_loss=30.50373421 best_val_loss=30.50373421 bad_epochs=0/8 epoch_time=00:00:04 eta=00:00:57
[a1_hourly_p2_10d] epoch 048/060 val_loss=30.14385872 best_val_loss=30.14385872 bad_epochs=0/8 epoch_time=00:00:04 eta=00:00:52
[a1_hourly_p2_10d] epoch 049/060 val_loss=29.78443108 best_val_loss=29.78443108 bad_epochs=0/8 epoch_time=00:00:04 eta=00:00:48
[a1_hourly_p2_10d] epoch 050/060 val_loss=29.42098579 best_val_loss=29.42098579 bad_epochs=0/8 epoch_time=00:00:04 eta=00:00:44
[a1_hourly_p2_10d] epoch 051/060 val_loss=29.04455700 best_val_loss=29.04455700 bad_epochs=0/8 epoch_time=00:00:04 eta=00:00:39
[a1_hourly_p2_10d] epoch 052/060 val_loss=28.67672424 best_val_loss=28.67672424 bad_epochs=0/8 epoch_time=00:00:04 eta=00:00:35
[a1_hourly_p2_10d] epoch 053/060 val_loss=28.30461674 best_val_loss=28.30461674 bad_epochs=0/8 epoch_time=00:00:04 eta=00:00:31
[a1_hourly_p2_10d] epoch 054/060 val_loss=27.93589478 best_val_loss=27.93589478 bad_epochs=0/8 epoch_time=00:00:04 eta=00:00:26
[a1_hourly_p2_10d] epoch 055/060 val_loss=27.56908150 best_val_loss=27.56908150 bad_epochs=0/8 epoch_time=00:00:04 eta=00:00:22
[a1_hourly_p2_10d] epoch 056/060 val_loss=27.18374748 best_val_loss=27.18374748 bad_epochs=0/8 epoch_time=00:00:04 eta=00:00:17
[a1_hourly_p2_10d] epoch 057/060 val_loss=26.80145741 best_val_loss=26.80145741 bad_epochs=0/8 epoch_time=00:00:04 eta=00:00:13
[a1_hourly_p2_10d] epoch 058/060 val_loss=26.40717583 best_val_loss=26.40717583 bad_epochs=0/8 epoch_time=00:00:04 eta=00:00:09
[a1_hourly_p2_10d] epoch 059/060 val_loss=26.01959534 best_val_loss=26.01959534 bad_epochs=0/8 epoch_time=00:00:04 eta=00:00:04
[a1_hourly_p2_10d] epoch 060/060 val_loss=25.63109894 best_val_loss=25.63109894 bad_epochs=0/8 epoch_time=00:00:04 eta=00:00:00
[a1] done freq=hourly patch=2 horizon=10d test_mse=9.064216 test_corr=0.2423 test_rank_corr=0.2052 test_direction_acc=0.4836 (overall elapsed 01:08:11)
[a1] === run 21/57: freq=hourly patch=4 horizon=10d ===
[a1_hourly_p4_10d] epoch 001/060 val_loss=1905.22312012 best_val_loss=1905.22312012 bad_epochs=0/8 epoch_time=00:00:04 eta=00:03:30
[a1_hourly_p4_10d] epoch 002/060 val_loss=330.10536194 best_val_loss=330.10536194 bad_epochs=0/8 epoch_time=00:00:04 eta=00:03:27
[a1_hourly_p4_10d] epoch 003/060 val_loss=92.88072281 best_val_loss=92.88072281 bad_epochs=0/8 epoch_time=00:00:04 eta=00:03:22
[a1_hourly_p4_10d] epoch 004/060 val_loss=87.47882690 best_val_loss=87.47882690 bad_epochs=0/8 epoch_time=00:00:03 eta=00:03:18
[a1_hourly_p4_10d] epoch 005/060 val_loss=86.91601410 best_val_loss=86.91601410 bad_epochs=0/8 epoch_time=00:00:04 eta=00:03:15
[a1_hourly_p4_10d] epoch 006/060 val_loss=82.55770264 best_val_loss=82.55770264 bad_epochs=0/8 epoch_time=00:00:03 eta=00:03:11
[a1_hourly_p4_10d] epoch 007/060 val_loss=76.85238266 best_val_loss=76.85238266 bad_epochs=0/8 epoch_time=00:00:04 eta=00:03:09
[a1_hourly_p4_10d] epoch 008/060 val_loss=81.77704010 best_val_loss=76.85238266 bad_epochs=1/8 epoch_time=00:00:04 eta=00:03:05
[a1_hourly_p4_10d] epoch 009/060 val_loss=77.09563065 best_val_loss=76.85238266 bad_epochs=2/8 epoch_time=00:00:04 eta=00:03:02
[a1_hourly_p4_10d] epoch 010/060 val_loss=59.24379120 best_val_loss=59.24379120 bad_epochs=0/8 epoch_time=00:00:04 eta=00:02:58
[a1_hourly_p4_10d] epoch 011/060 val_loss=57.74235802 best_val_loss=57.74235802 bad_epochs=0/8 epoch_time=00:00:04 eta=00:02:54
[a1_hourly_p4_10d] epoch 012/060 val_loss=37.99938278 best_val_loss=37.99938278 bad_epochs=0/8 epoch_time=00:00:04 eta=00:02:51
[a1_hourly_p4_10d] epoch 013/060 val_loss=45.32620392 best_val_loss=37.99938278 bad_epochs=1/8 epoch_time=00:00:04 eta=00:02:47
[a1_hourly_p4_10d] epoch 014/060 val_loss=45.01924286 best_val_loss=37.99938278 bad_epochs=2/8 epoch_time=00:00:04 eta=00:02:44
[a1_hourly_p4_10d] epoch 015/060 val_loss=61.76706009 best_val_loss=37.99938278 bad_epochs=3/8 epoch_time=00:00:04 eta=00:02:40
[a1_hourly_p4_10d] epoch 016/060 val_loss=43.41680908 best_val_loss=37.99938278 bad_epochs=4/8 epoch_time=00:00:04 eta=00:02:36
[a1_hourly_p4_10d] epoch 017/060 val_loss=41.02526932 best_val_loss=37.99938278 bad_epochs=5/8 epoch_time=00:00:04 eta=00:02:33
[a1_hourly_p4_10d] epoch 018/060 val_loss=67.76621857 best_val_loss=37.99938278 bad_epochs=6/8 epoch_time=00:00:03 eta=00:02:29
[a1_hourly_p4_10d] epoch 019/060 val_loss=19.67870064 best_val_loss=19.67870064 bad_epochs=0/8 epoch_time=00:00:04 eta=00:02:26
[a1_hourly_p4_10d] epoch 020/060 val_loss=22.61048565 best_val_loss=19.67870064 bad_epochs=1/8 epoch_time=00:00:04 eta=00:02:22
[a1_hourly_p4_10d] epoch 021/060 val_loss=64.30278931 best_val_loss=19.67870064 bad_epochs=2/8 epoch_time=00:00:04 eta=00:02:19
[a1_hourly_p4_10d] epoch 022/060 val_loss=21.34153442 best_val_loss=19.67870064 bad_epochs=3/8 epoch_time=00:00:04 eta=00:02:15
[a1_hourly_p4_10d] epoch 023/060 val_loss=24.99425430 best_val_loss=19.67870064 bad_epochs=4/8 epoch_time=00:00:04 eta=00:02:11
[a1_hourly_p4_10d] epoch 024/060 val_loss=61.20472946 best_val_loss=19.67870064 bad_epochs=5/8 epoch_time=00:00:04 eta=00:02:08
[a1_hourly_p4_10d] epoch 025/060 val_loss=24.52788181 best_val_loss=19.67870064 bad_epochs=6/8 epoch_time=00:00:04 eta=00:02:04
[a1_hourly_p4_10d] epoch 026/060 val_loss=28.45222740 best_val_loss=19.67870064 bad_epochs=7/8 epoch_time=00:00:04 eta=00:02:01
[a1_hourly_p4_10d] epoch 027/060 val_loss=57.69088669 best_val_loss=19.67870064 bad_epochs=8/8 epoch_time=00:00:04 eta=00:01:57
[a1_hourly_p4_10d] early stopping at epoch 27
[a1] done freq=hourly patch=4 horizon=10d test_mse=9.241384 test_corr=-0.1118 test_rank_corr=-0.1527 test_direction_acc=0.5000 (overall elapsed 01:09:49)
[a1] === run 22/57: freq=hourly patch=8 horizon=10d ===
[a1_hourly_p8_10d] epoch 001/060 val_loss=19094.66308594 best_val_loss=19094.66308594 bad_epochs=0/8 epoch_time=00:00:03 eta=00:03:07
[a1_hourly_p8_10d] epoch 002/060 val_loss=16006.87304688 best_val_loss=16006.87304688 bad_epochs=0/8 epoch_time=00:00:03 eta=00:03:04
[a1_hourly_p8_10d] epoch 003/060 val_loss=11561.70791016 best_val_loss=11561.70791016 bad_epochs=0/8 epoch_time=00:00:03 eta=00:03:02
[a1_hourly_p8_10d] epoch 004/060 val_loss=9244.23969727 best_val_loss=9244.23969727 bad_epochs=0/8 epoch_time=00:00:03 eta=00:02:59
[a1_hourly_p8_10d] epoch 005/060 val_loss=7729.99277344 best_val_loss=7729.99277344 bad_epochs=0/8 epoch_time=00:00:03 eta=00:02:55
[a1_hourly_p8_10d] epoch 006/060 val_loss=5372.17744141 best_val_loss=5372.17744141 bad_epochs=0/8 epoch_time=00:00:03 eta=00:02:52
[a1_hourly_p8_10d] epoch 007/060 val_loss=3384.19934082 best_val_loss=3384.19934082 bad_epochs=0/8 epoch_time=00:00:03 eta=00:02:49
[a1_hourly_p8_10d] epoch 008/060 val_loss=1511.38283691 best_val_loss=1511.38283691 bad_epochs=0/8 epoch_time=00:00:03 eta=00:02:46
[a1_hourly_p8_10d] epoch 009/060 val_loss=238.30715942 best_val_loss=238.30715942 bad_epochs=0/8 epoch_time=00:00:03 eta=00:02:43
[a1_hourly_p8_10d] epoch 010/060 val_loss=78.07414017 best_val_loss=78.07414017 bad_epochs=0/8 epoch_time=00:00:03 eta=00:02:39
[a1_hourly_p8_10d] epoch 011/060 val_loss=58.60274162 best_val_loss=58.60274162 bad_epochs=0/8 epoch_time=00:00:03 eta=00:02:36
[a1_hourly_p8_10d] epoch 012/060 val_loss=53.10409393 best_val_loss=53.10409393 bad_epochs=0/8 epoch_time=00:00:03 eta=00:02:33
[a1_hourly_p8_10d] epoch 013/060 val_loss=49.23792915 best_val_loss=49.23792915 bad_epochs=0/8 epoch_time=00:00:03 eta=00:02:30
[a1_hourly_p8_10d] epoch 014/060 val_loss=49.07991066 best_val_loss=49.07991066 bad_epochs=0/8 epoch_time=00:00:03 eta=00:02:27
[a1_hourly_p8_10d] epoch 015/060 val_loss=47.08190842 best_val_loss=47.08190842 bad_epochs=0/8 epoch_time=00:00:03 eta=00:02:24
[a1_hourly_p8_10d] epoch 016/060 val_loss=46.13127136 best_val_loss=46.13127136 bad_epochs=0/8 epoch_time=00:00:03 eta=00:02:21
[a1_hourly_p8_10d] epoch 017/060 val_loss=45.02906570 best_val_loss=45.02906570 bad_epochs=0/8 epoch_time=00:00:03 eta=00:02:17
[a1_hourly_p8_10d] epoch 018/060 val_loss=43.25881653 best_val_loss=43.25881653 bad_epochs=0/8 epoch_time=00:00:03 eta=00:02:14
[a1_hourly_p8_10d] epoch 019/060 val_loss=43.14519806 best_val_loss=43.14519806 bad_epochs=0/8 epoch_time=00:00:03 eta=00:02:11
[a1_hourly_p8_10d] epoch 020/060 val_loss=40.74885025 best_val_loss=40.74885025 bad_epochs=0/8 epoch_time=00:00:03 eta=00:02:08
[a1_hourly_p8_10d] epoch 021/060 val_loss=40.59011269 best_val_loss=40.59011269 bad_epochs=0/8 epoch_time=00:00:03 eta=00:02:04
[a1_hourly_p8_10d] epoch 022/060 val_loss=37.91365700 best_val_loss=37.91365700 bad_epochs=0/8 epoch_time=00:00:03 eta=00:02:01
[a1_hourly_p8_10d] epoch 023/060 val_loss=37.53269539 best_val_loss=37.53269539 bad_epochs=0/8 epoch_time=00:00:03 eta=00:01:58
[a1_hourly_p8_10d] epoch 024/060 val_loss=34.62150154 best_val_loss=34.62150154 bad_epochs=0/8 epoch_time=00:00:03 eta=00:01:55
[a1_hourly_p8_10d] epoch 025/060 val_loss=30.25464039 best_val_loss=30.25464039 bad_epochs=0/8 epoch_time=00:00:03 eta=00:01:52
[a1_hourly_p8_10d] epoch 026/060 val_loss=27.24384594 best_val_loss=27.24384594 bad_epochs=0/8 epoch_time=00:00:03 eta=00:01:48
[a1_hourly_p8_10d] epoch 027/060 val_loss=28.15584030 best_val_loss=27.24384594 bad_epochs=1/8 epoch_time=00:00:03 eta=00:01:45
[a1_hourly_p8_10d] epoch 028/060 val_loss=26.67120132 best_val_loss=26.67120132 bad_epochs=0/8 epoch_time=00:00:03 eta=00:01:42
[a1_hourly_p8_10d] epoch 029/060 val_loss=25.27796707 best_val_loss=25.27796707 bad_epochs=0/8 epoch_time=00:00:03 eta=00:01:39
[a1_hourly_p8_10d] epoch 030/060 val_loss=24.02416267 best_val_loss=24.02416267 bad_epochs=0/8 epoch_time=00:00:03 eta=00:01:36
[a1_hourly_p8_10d] epoch 031/060 val_loss=33.45312958 best_val_loss=24.02416267 bad_epochs=1/8 epoch_time=00:00:03 eta=00:01:32
[a1_hourly_p8_10d] epoch 032/060 val_loss=27.07316742 best_val_loss=24.02416267 bad_epochs=2/8 epoch_time=00:00:03 eta=00:01:29
[a1_hourly_p8_10d] epoch 033/060 val_loss=18.82988567 best_val_loss=18.82988567 bad_epochs=0/8 epoch_time=00:00:03 eta=00:01:26
[a1_hourly_p8_10d] epoch 034/060 val_loss=24.16669064 best_val_loss=18.82988567 bad_epochs=1/8 epoch_time=00:00:03 eta=00:01:23
[a1_hourly_p8_10d] epoch 035/060 val_loss=17.43009319 best_val_loss=17.43009319 bad_epochs=0/8 epoch_time=00:00:03 eta=00:01:20
[a1_hourly_p8_10d] epoch 036/060 val_loss=21.67947903 best_val_loss=17.43009319 bad_epochs=1/8 epoch_time=00:00:03 eta=00:01:16
[a1_hourly_p8_10d] epoch 037/060 val_loss=15.78901548 best_val_loss=15.78901548 bad_epochs=0/8 epoch_time=00:00:03 eta=00:01:13
[a1_hourly_p8_10d] epoch 038/060 val_loss=19.85885963 best_val_loss=15.78901548 bad_epochs=1/8 epoch_time=00:00:03 eta=00:01:10
[a1_hourly_p8_10d] epoch 039/060 val_loss=15.24153805 best_val_loss=15.24153805 bad_epochs=0/8 epoch_time=00:00:03 eta=00:01:07
[a1_hourly_p8_10d] epoch 040/060 val_loss=12.50455351 best_val_loss=12.50455351 bad_epochs=0/8 epoch_time=00:00:03 eta=00:01:04
[a1_hourly_p8_10d] epoch 041/060 val_loss=16.90840445 best_val_loss=12.50455351 bad_epochs=1/8 epoch_time=00:00:03 eta=00:01:00
[a1_hourly_p8_10d] epoch 042/060 val_loss=13.66972599 best_val_loss=12.50455351 bad_epochs=2/8 epoch_time=00:00:03 eta=00:00:57
[a1_hourly_p8_10d] epoch 043/060 val_loss=10.12363482 best_val_loss=10.12363482 bad_epochs=0/8 epoch_time=00:00:03 eta=00:00:54
[a1_hourly_p8_10d] epoch 044/060 val_loss=10.17116880 best_val_loss=10.12363482 bad_epochs=1/8 epoch_time=00:00:03 eta=00:00:51
[a1_hourly_p8_10d] epoch 045/060 val_loss=12.99836645 best_val_loss=10.12363482 bad_epochs=2/8 epoch_time=00:00:03 eta=00:00:48
[a1_hourly_p8_10d] epoch 046/060 val_loss=7.78142715 best_val_loss=7.78142715 bad_epochs=0/8 epoch_time=00:00:03 eta=00:00:45
[a1_hourly_p8_10d] epoch 047/060 val_loss=7.07352219 best_val_loss=7.07352219 bad_epochs=0/8 epoch_time=00:00:03 eta=00:00:41
[a1_hourly_p8_10d] epoch 048/060 val_loss=6.76707473 best_val_loss=6.76707473 bad_epochs=0/8 epoch_time=00:00:03 eta=00:00:38
[a1_hourly_p8_10d] epoch 049/060 val_loss=6.56305337 best_val_loss=6.56305337 bad_epochs=0/8 epoch_time=00:00:03 eta=00:00:35
[a1_hourly_p8_10d] epoch 050/060 val_loss=6.31652431 best_val_loss=6.31652431 bad_epochs=0/8 epoch_time=00:00:03 eta=00:00:32
[a1_hourly_p8_10d] epoch 051/060 val_loss=9.77911634 best_val_loss=6.31652431 bad_epochs=1/8 epoch_time=00:00:03 eta=00:00:29
[a1_hourly_p8_10d] epoch 052/060 val_loss=3.46304632 best_val_loss=3.46304632 bad_epochs=0/8 epoch_time=00:00:03 eta=00:00:25
[a1_hourly_p8_10d] epoch 053/060 val_loss=3.21873422 best_val_loss=3.21873422 bad_epochs=0/8 epoch_time=00:00:03 eta=00:00:22
[a1_hourly_p8_10d] epoch 054/060 val_loss=5.32900102 best_val_loss=3.21873422 bad_epochs=1/8 epoch_time=00:00:03 eta=00:00:19
[a1_hourly_p8_10d] epoch 055/060 val_loss=4.19474940 best_val_loss=3.21873422 bad_epochs=2/8 epoch_time=00:00:03 eta=00:00:16
[a1_hourly_p8_10d] epoch 056/060 val_loss=2.64617463 best_val_loss=2.64617463 bad_epochs=0/8 epoch_time=00:00:03 eta=00:00:13
[a1_hourly_p8_10d] epoch 057/060 val_loss=4.98622110 best_val_loss=2.64617463 bad_epochs=1/8 epoch_time=00:00:03 eta=00:00:10
[a1_hourly_p8_10d] epoch 058/060 val_loss=6.66516042 best_val_loss=2.64617463 bad_epochs=2/8 epoch_time=00:00:03 eta=00:00:06
[a1_hourly_p8_10d] epoch 059/060 val_loss=6.40202212 best_val_loss=2.64617463 bad_epochs=3/8 epoch_time=00:00:03 eta=00:00:03
[a1_hourly_p8_10d] epoch 060/060 val_loss=5.75067916 best_val_loss=2.64617463 bad_epochs=4/8 epoch_time=00:00:03 eta=00:00:00
[a1] done freq=hourly patch=8 horizon=10d test_mse=0.150728 test_corr=0.0264 test_rank_corr=0.1822 test_direction_acc=0.4945 (overall elapsed 01:13:01)
[a1] === run 23/57: freq=hourly patch=12 horizon=10d ===
[a1_hourly_p12_10d] epoch 001/060 val_loss=771.57769775 best_val_loss=771.57769775 bad_epochs=0/8 epoch_time=00:00:03 eta=00:03:03
[a1_hourly_p12_10d] epoch 002/060 val_loss=49.56049957 best_val_loss=49.56049957 bad_epochs=0/8 epoch_time=00:00:03 eta=00:02:59
[a1_hourly_p12_10d] epoch 003/060 val_loss=6.87286434 best_val_loss=6.87286434 bad_epochs=0/8 epoch_time=00:00:03 eta=00:02:55
[a1_hourly_p12_10d] epoch 004/060 val_loss=15.12462444 best_val_loss=6.87286434 bad_epochs=1/8 epoch_time=00:00:03 eta=00:02:52
[a1_hourly_p12_10d] epoch 005/060 val_loss=11.60112381 best_val_loss=6.87286434 bad_epochs=2/8 epoch_time=00:00:03 eta=00:02:49
[a1_hourly_p12_10d] epoch 006/060 val_loss=10.37778358 best_val_loss=6.87286434 bad_epochs=3/8 epoch_time=00:00:03 eta=00:02:46
[a1_hourly_p12_10d] epoch 007/060 val_loss=8.82253075 best_val_loss=6.87286434 bad_epochs=4/8 epoch_time=00:00:03 eta=00:02:43
[a1_hourly_p12_10d] epoch 008/060 val_loss=15.31991634 best_val_loss=6.87286434 bad_epochs=5/8 epoch_time=00:00:03 eta=00:02:40
[a1_hourly_p12_10d] epoch 009/060 val_loss=14.08814802 best_val_loss=6.87286434 bad_epochs=6/8 epoch_time=00:00:03 eta=00:02:37
[a1_hourly_p12_10d] epoch 010/060 val_loss=4.54735694 best_val_loss=4.54735694 bad_epochs=0/8 epoch_time=00:00:03 eta=00:02:34
[a1_hourly_p12_10d] epoch 011/060 val_loss=1.81493348 best_val_loss=1.81493348 bad_epochs=0/8 epoch_time=00:00:03 eta=00:02:31
[a1_hourly_p12_10d] epoch 012/060 val_loss=0.51730192 best_val_loss=0.51730192 bad_epochs=0/8 epoch_time=00:00:03 eta=00:02:28
[a1_hourly_p12_10d] epoch 013/060 val_loss=15.90938168 best_val_loss=0.51730192 bad_epochs=1/8 epoch_time=00:00:03 eta=00:02:25
[a1_hourly_p12_10d] epoch 014/060 val_loss=8.63635397 best_val_loss=0.51730192 bad_epochs=2/8 epoch_time=00:00:03 eta=00:02:22
[a1_hourly_p12_10d] epoch 015/060 val_loss=8.76356993 best_val_loss=0.51730192 bad_epochs=3/8 epoch_time=00:00:03 eta=00:02:19
[a1_hourly_p12_10d] epoch 016/060 val_loss=8.17011099 best_val_loss=0.51730192 bad_epochs=4/8 epoch_time=00:00:03 eta=00:02:16
[a1_hourly_p12_10d] epoch 017/060 val_loss=14.56471052 best_val_loss=0.51730192 bad_epochs=5/8 epoch_time=00:00:03 eta=00:02:12
[a1_hourly_p12_10d] epoch 018/060 val_loss=13.64685163 best_val_loss=0.51730192 bad_epochs=6/8 epoch_time=00:00:03 eta=00:02:09
[a1_hourly_p12_10d] epoch 019/060 val_loss=4.35194600 best_val_loss=0.51730192 bad_epochs=7/8 epoch_time=00:00:03 eta=00:02:06
[a1_hourly_p12_10d] epoch 020/060 val_loss=1.79070753 best_val_loss=0.51730192 bad_epochs=8/8 epoch_time=00:00:03 eta=00:02:03
[a1_hourly_p12_10d] early stopping at epoch 20
[a1] done freq=hourly patch=12 horizon=10d test_mse=0.016504 test_corr=0.0510 test_rank_corr=0.1516 test_direction_acc=0.4909 (overall elapsed 01:14:04)
[a1] === run 24/57: freq=halfday patch=2 horizon=10d ===
[a1_halfday_p2_10d] epoch 001/060 val_loss=12319.61074219 best_val_loss=12319.61074219 bad_epochs=0/8 epoch_time=00:00:04 eta=00:03:44
[a1_halfday_p2_10d] epoch 002/060 val_loss=415.92605591 best_val_loss=415.92605591 bad_epochs=0/8 epoch_time=00:00:04 eta=00:03:38
[a1_halfday_p2_10d] epoch 003/060 val_loss=535.28185425 best_val_loss=415.92605591 bad_epochs=1/8 epoch_time=00:00:04 eta=00:03:35
[a1_halfday_p2_10d] epoch 004/060 val_loss=44.57691116 best_val_loss=44.57691116 bad_epochs=0/8 epoch_time=00:00:04 eta=00:03:30
[a1_halfday_p2_10d] epoch 005/060 val_loss=60.55570526 best_val_loss=44.57691116 bad_epochs=1/8 epoch_time=00:00:04 eta=00:03:26
[a1_halfday_p2_10d] epoch 006/060 val_loss=40.97786598 best_val_loss=40.97786598 bad_epochs=0/8 epoch_time=00:00:04 eta=00:03:23
[a1_halfday_p2_10d] epoch 007/060 val_loss=28.34402924 best_val_loss=28.34402924 bad_epochs=0/8 epoch_time=00:00:04 eta=00:03:18
[a1_halfday_p2_10d] epoch 008/060 val_loss=46.74683571 best_val_loss=28.34402924 bad_epochs=1/8 epoch_time=00:00:04 eta=00:03:14
[a1_halfday_p2_10d] epoch 009/060 val_loss=38.54140511 best_val_loss=28.34402924 bad_epochs=2/8 epoch_time=00:00:04 eta=00:03:11
[a1_halfday_p2_10d] epoch 010/060 val_loss=25.86435432 best_val_loss=25.86435432 bad_epochs=0/8 epoch_time=00:00:04 eta=00:03:07
[a1_halfday_p2_10d] epoch 011/060 val_loss=47.58192863 best_val_loss=25.86435432 bad_epochs=1/8 epoch_time=00:00:04 eta=00:03:03
[a1_halfday_p2_10d] epoch 012/060 val_loss=36.42613411 best_val_loss=25.86435432 bad_epochs=2/8 epoch_time=00:00:04 eta=00:03:00
[a1_halfday_p2_10d] epoch 013/060 val_loss=23.81716099 best_val_loss=23.81716099 bad_epochs=0/8 epoch_time=00:00:04 eta=00:02:56
[a1_halfday_p2_10d] epoch 014/060 val_loss=48.30212250 best_val_loss=23.81716099 bad_epochs=1/8 epoch_time=00:00:04 eta=00:02:52
[a1_halfday_p2_10d] epoch 015/060 val_loss=35.07919273 best_val_loss=23.81716099 bad_epochs=2/8 epoch_time=00:00:04 eta=00:02:49
[a1_halfday_p2_10d] epoch 016/060 val_loss=2.50873058 best_val_loss=2.50873058 bad_epochs=0/8 epoch_time=00:00:04 eta=00:02:45
[a1_halfday_p2_10d] epoch 017/060 val_loss=57.97842407 best_val_loss=2.50873058 bad_epochs=1/8 epoch_time=00:00:04 eta=00:02:41
[a1_halfday_p2_10d] epoch 018/060 val_loss=32.61618767 best_val_loss=2.50873058 bad_epochs=2/8 epoch_time=00:00:04 eta=00:02:38
[a1_halfday_p2_10d] epoch 019/060 val_loss=35.63928108 best_val_loss=2.50873058 bad_epochs=3/8 epoch_time=00:00:04 eta=00:02:34
[a1_halfday_p2_10d] epoch 020/060 val_loss=62.85377121 best_val_loss=2.50873058 bad_epochs=4/8 epoch_time=00:00:04 eta=00:02:30
[a1_halfday_p2_10d] epoch 021/060 val_loss=6.42769346 best_val_loss=2.50873058 bad_epochs=5/8 epoch_time=00:00:04 eta=00:02:26
[a1_halfday_p2_10d] epoch 022/060 val_loss=67.52611618 best_val_loss=2.50873058 bad_epochs=6/8 epoch_time=00:00:04 eta=00:02:22
[a1_halfday_p2_10d] epoch 023/060 val_loss=67.21117477 best_val_loss=2.50873058 bad_epochs=7/8 epoch_time=00:00:04 eta=00:02:19
[a1_halfday_p2_10d] epoch 024/060 val_loss=58.27703934 best_val_loss=2.50873058 bad_epochs=8/8 epoch_time=00:00:04 eta=00:02:15
[a1_halfday_p2_10d] early stopping at epoch 24
[a1] done freq=halfday patch=2 horizon=10d test_mse=0.158692 test_corr=-0.1302 test_rank_corr=-0.1146 test_direction_acc=0.4945 (overall elapsed 01:15:36)
[a1] === run 25/57: freq=halfday patch=4 horizon=10d ===
[a1_halfday_p4_10d] epoch 001/060 val_loss=19393.96640625 best_val_loss=19393.96640625 bad_epochs=0/8 epoch_time=00:00:03 eta=00:02:59
[a1_halfday_p4_10d] epoch 002/060 val_loss=10045.80332031 best_val_loss=10045.80332031 bad_epochs=0/8 epoch_time=00:00:03 eta=00:02:56
[a1_halfday_p4_10d] epoch 003/060 val_loss=73.43397827 best_val_loss=73.43397827 bad_epochs=0/8 epoch_time=00:00:03 eta=00:02:52
[a1_halfday_p4_10d] epoch 004/060 val_loss=676.07508545 best_val_loss=73.43397827 bad_epochs=1/8 epoch_time=00:00:03 eta=00:02:50
[a1_halfday_p4_10d] epoch 005/060 val_loss=78.83215027 best_val_loss=73.43397827 bad_epochs=2/8 epoch_time=00:00:03 eta=00:02:46
[a1_halfday_p4_10d] epoch 006/060 val_loss=29.62319374 best_val_loss=29.62319374 bad_epochs=0/8 epoch_time=00:00:03 eta=00:02:43
[a1_halfday_p4_10d] epoch 007/060 val_loss=100.55071564 best_val_loss=29.62319374 bad_epochs=1/8 epoch_time=00:00:03 eta=00:02:41
[a1_halfday_p4_10d] epoch 008/060 val_loss=29.79414520 best_val_loss=29.62319374 bad_epochs=2/8 epoch_time=00:00:03 eta=00:02:38
[a1_halfday_p4_10d] epoch 009/060 val_loss=115.37491150 best_val_loss=29.62319374 bad_epochs=3/8 epoch_time=00:00:03 eta=00:02:34
[a1_halfday_p4_10d] epoch 010/060 val_loss=53.31677856 best_val_loss=29.62319374 bad_epochs=4/8 epoch_time=00:00:03 eta=00:02:31
[a1_halfday_p4_10d] epoch 011/060 val_loss=72.19578705 best_val_loss=29.62319374 bad_epochs=5/8 epoch_time=00:00:03 eta=00:02:28
[a1_halfday_p4_10d] epoch 012/060 val_loss=22.66710243 best_val_loss=22.66710243 bad_epochs=0/8 epoch_time=00:00:03 eta=00:02:25
[a1_halfday_p4_10d] epoch 013/060 val_loss=116.51862030 best_val_loss=22.66710243 bad_epochs=1/8 epoch_time=00:00:03 eta=00:02:22
[a1_halfday_p4_10d] epoch 014/060 val_loss=26.71993694 best_val_loss=22.66710243 bad_epochs=2/8 epoch_time=00:00:03 eta=00:02:19
[a1_halfday_p4_10d] epoch 015/060 val_loss=32.14842911 best_val_loss=22.66710243 bad_epochs=3/8 epoch_time=00:00:03 eta=00:02:16
[a1_halfday_p4_10d] epoch 016/060 val_loss=50.16880798 best_val_loss=22.66710243 bad_epochs=4/8 epoch_time=00:00:03 eta=00:02:13
[a1_halfday_p4_10d] epoch 017/060 val_loss=111.07533875 best_val_loss=22.66710243 bad_epochs=5/8 epoch_time=00:00:03 eta=00:02:10
[a1_halfday_p4_10d] epoch 018/060 val_loss=69.70891113 best_val_loss=22.66710243 bad_epochs=6/8 epoch_time=00:00:03 eta=00:02:07
[a1_halfday_p4_10d] epoch 019/060 val_loss=19.27553291 best_val_loss=19.27553291 bad_epochs=0/8 epoch_time=00:00:03 eta=00:02:04
[a1_halfday_p4_10d] epoch 020/060 val_loss=117.99712372 best_val_loss=19.27553291 bad_epochs=1/8 epoch_time=00:00:03 eta=00:02:01
[a1_halfday_p4_10d] epoch 021/060 val_loss=26.56358242 best_val_loss=19.27553291 bad_epochs=2/8 epoch_time=00:00:03 eta=00:01:58
[a1_halfday_p4_10d] epoch 022/060 val_loss=28.95624924 best_val_loss=19.27553291 bad_epochs=3/8 epoch_time=00:00:03 eta=00:01:55
[a1_halfday_p4_10d] epoch 023/060 val_loss=47.35307922 best_val_loss=19.27553291 bad_epochs=4/8 epoch_time=00:00:03 eta=00:01:52
[a1_halfday_p4_10d] epoch 024/060 val_loss=108.57175293 best_val_loss=19.27553291 bad_epochs=5/8 epoch_time=00:00:03 eta=00:01:49
[a1_halfday_p4_10d] epoch 025/060 val_loss=71.21458511 best_val_loss=19.27553291 bad_epochs=6/8 epoch_time=00:00:03 eta=00:01:46
[a1_halfday_p4_10d] epoch 026/060 val_loss=16.06377449 best_val_loss=16.06377449 bad_epochs=0/8 epoch_time=00:00:03 eta=00:01:43
[a1_halfday_p4_10d] epoch 027/060 val_loss=119.49858093 best_val_loss=16.06377449 bad_epochs=1/8 epoch_time=00:00:03 eta=00:01:40
[a1_halfday_p4_10d] epoch 028/060 val_loss=27.04631386 best_val_loss=16.06377449 bad_epochs=2/8 epoch_time=00:00:03 eta=00:01:37
[a1_halfday_p4_10d] epoch 029/060 val_loss=26.02527618 best_val_loss=16.06377449 bad_epochs=3/8 epoch_time=00:00:03 eta=00:01:34
[a1_halfday_p4_10d] epoch 030/060 val_loss=44.57071457 best_val_loss=16.06377449 bad_epochs=4/8 epoch_time=00:00:03 eta=00:01:31
[a1_halfday_p4_10d] epoch 031/060 val_loss=105.82546234 best_val_loss=16.06377449 bad_epochs=5/8 epoch_time=00:00:03 eta=00:01:28
[a1_halfday_p4_10d] epoch 032/060 val_loss=72.93272705 best_val_loss=16.06377449 bad_epochs=6/8 epoch_time=00:00:03 eta=00:01:25
[a1_halfday_p4_10d] epoch 033/060 val_loss=12.69243298 best_val_loss=12.69243298 bad_epochs=0/8 epoch_time=00:00:03 eta=00:01:22
[a1_halfday_p4_10d] epoch 034/060 val_loss=121.07444916 best_val_loss=12.69243298 bad_epochs=1/8 epoch_time=00:00:03 eta=00:01:19
[a1_halfday_p4_10d] epoch 035/060 val_loss=28.19699421 best_val_loss=12.69243298 bad_epochs=2/8 epoch_time=00:00:03 eta=00:01:15
[a1_halfday_p4_10d] epoch 036/060 val_loss=22.60984554 best_val_loss=12.69243298 bad_epochs=3/8 epoch_time=00:00:03 eta=00:01:12
[a1_halfday_p4_10d] epoch 037/060 val_loss=41.40655823 best_val_loss=12.69243298 bad_epochs=4/8 epoch_time=00:00:03 eta=00:01:09
[a1_halfday_p4_10d] epoch 038/060 val_loss=102.62941132 best_val_loss=12.69243298 bad_epochs=5/8 epoch_time=00:00:03 eta=00:01:06
[a1_halfday_p4_10d] epoch 039/060 val_loss=75.06436768 best_val_loss=12.69243298 bad_epochs=6/8 epoch_time=00:00:03 eta=00:01:03
[a1_halfday_p4_10d] epoch 040/060 val_loss=8.88475895 best_val_loss=8.88475895 bad_epochs=0/8 epoch_time=00:00:03 eta=00:01:00
[a1_halfday_p4_10d] epoch 041/060 val_loss=123.26823883 best_val_loss=8.88475895 bad_epochs=1/8 epoch_time=00:00:03 eta=00:00:57
[a1_halfday_p4_10d] epoch 042/060 val_loss=29.61164703 best_val_loss=8.88475895 bad_epochs=2/8 epoch_time=00:00:03 eta=00:00:54
[a1_halfday_p4_10d] epoch 043/060 val_loss=20.19906101 best_val_loss=8.88475895 bad_epochs=3/8 epoch_time=00:00:03 eta=00:00:51
[a1_halfday_p4_10d] epoch 044/060 val_loss=39.49606133 best_val_loss=8.88475895 bad_epochs=4/8 epoch_time=00:00:03 eta=00:00:48
[a1_halfday_p4_10d] epoch 045/060 val_loss=101.01120911 best_val_loss=8.88475895 bad_epochs=5/8 epoch_time=00:00:03 eta=00:00:45
[a1_halfday_p4_10d] epoch 046/060 val_loss=76.53136749 best_val_loss=8.88475895 bad_epochs=6/8 epoch_time=00:00:03 eta=00:00:42
[a1_halfday_p4_10d] epoch 047/060 val_loss=6.62800894 best_val_loss=6.62800894 bad_epochs=0/8 epoch_time=00:00:03 eta=00:00:39
[a1_halfday_p4_10d] epoch 048/060 val_loss=124.59624023 best_val_loss=6.62800894 bad_epochs=1/8 epoch_time=00:00:03 eta=00:00:36
[a1_halfday_p4_10d] epoch 049/060 val_loss=30.54061089 best_val_loss=6.62800894 bad_epochs=2/8 epoch_time=00:00:03 eta=00:00:33
[a1_halfday_p4_10d] epoch 050/060 val_loss=18.58521576 best_val_loss=6.62800894 bad_epochs=3/8 epoch_time=00:00:03 eta=00:00:30
[a1_halfday_p4_10d] epoch 051/060 val_loss=38.10878448 best_val_loss=6.62800894 bad_epochs=4/8 epoch_time=00:00:03 eta=00:00:27
[a1_halfday_p4_10d] epoch 052/060 val_loss=99.54875183 best_val_loss=6.62800894 bad_epochs=5/8 epoch_time=00:00:03 eta=00:00:24
[a1_halfday_p4_10d] epoch 053/060 val_loss=77.53530807 best_val_loss=6.62800894 bad_epochs=6/8 epoch_time=00:00:03 eta=00:00:21
[a1_halfday_p4_10d] epoch 054/060 val_loss=4.98063989 best_val_loss=4.98063989 bad_epochs=0/8 epoch_time=00:00:03 eta=00:00:18
[a1_halfday_p4_10d] epoch 055/060 val_loss=125.32006226 best_val_loss=4.98063989 bad_epochs=1/8 epoch_time=00:00:03 eta=00:00:15
[a1_halfday_p4_10d] epoch 056/060 val_loss=31.50179482 best_val_loss=4.98063989 bad_epochs=2/8 epoch_time=00:00:03 eta=00:00:12
[a1_halfday_p4_10d] epoch 057/060 val_loss=17.01080532 best_val_loss=4.98063989 bad_epochs=3/8 epoch_time=00:00:03 eta=00:00:09
[a1_halfday_p4_10d] epoch 058/060 val_loss=36.70299454 best_val_loss=4.98063989 bad_epochs=4/8 epoch_time=00:00:03 eta=00:00:06
[a1_halfday_p4_10d] epoch 059/060 val_loss=97.95039139 best_val_loss=4.98063989 bad_epochs=5/8 epoch_time=00:00:03 eta=00:00:03
[a1_halfday_p4_10d] epoch 060/060 val_loss=78.07719879 best_val_loss=4.98063989 bad_epochs=6/8 epoch_time=00:00:03 eta=00:00:00
[a1] done freq=halfday patch=4 horizon=10d test_mse=1.110245 test_corr=0.0635 test_rank_corr=-0.0067 test_direction_acc=0.5018 (overall elapsed 01:18:34)
[a1] === run 26/57: freq=halfday patch=8 horizon=10d ===
[a1_halfday_p8_10d] epoch 001/060 val_loss=11139.30439453 best_val_loss=11139.30439453 bad_epochs=0/8 epoch_time=00:00:02 eta=00:02:18
[a1_halfday_p8_10d] epoch 002/060 val_loss=1000.98172607 best_val_loss=1000.98172607 bad_epochs=0/8 epoch_time=00:00:02 eta=00:02:10
[a1_halfday_p8_10d] epoch 003/060 val_loss=101.27769852 best_val_loss=101.27769852 bad_epochs=0/8 epoch_time=00:00:02 eta=00:02:06
[a1_halfday_p8_10d] epoch 004/060 val_loss=104.41648102 best_val_loss=101.27769852 bad_epochs=1/8 epoch_time=00:00:02 eta=00:02:02
[a1_halfday_p8_10d] epoch 005/060 val_loss=71.20016022 best_val_loss=71.20016022 bad_epochs=0/8 epoch_time=00:00:02 eta=00:02:00
[a1_halfday_p8_10d] epoch 006/060 val_loss=84.83983459 best_val_loss=71.20016022 bad_epochs=1/8 epoch_time=00:00:02 eta=00:01:57
[a1_halfday_p8_10d] epoch 007/060 val_loss=101.22330475 best_val_loss=71.20016022 bad_epochs=2/8 epoch_time=00:00:02 eta=00:01:55
[a1_halfday_p8_10d] epoch 008/060 val_loss=144.96522751 best_val_loss=71.20016022 bad_epochs=3/8 epoch_time=00:00:02 eta=00:01:52
[a1_halfday_p8_10d] epoch 009/060 val_loss=27.47374573 best_val_loss=27.47374573 bad_epochs=0/8 epoch_time=00:00:02 eta=00:01:50
[a1_halfday_p8_10d] epoch 010/060 val_loss=40.80256844 best_val_loss=27.47374573 bad_epochs=1/8 epoch_time=00:00:02 eta=00:01:48
[a1_halfday_p8_10d] epoch 011/060 val_loss=39.69541588 best_val_loss=27.47374573 bad_epochs=2/8 epoch_time=00:00:02 eta=00:01:46
[a1_halfday_p8_10d] epoch 012/060 val_loss=22.24510078 best_val_loss=22.24510078 bad_epochs=0/8 epoch_time=00:00:02 eta=00:01:43
[a1_halfday_p8_10d] epoch 013/060 val_loss=66.21197815 best_val_loss=22.24510078 bad_epochs=1/8 epoch_time=00:00:02 eta=00:01:41
[a1_halfday_p8_10d] epoch 014/060 val_loss=72.77499847 best_val_loss=22.24510078 bad_epochs=2/8 epoch_time=00:00:02 eta=00:01:39
[a1_halfday_p8_10d] epoch 015/060 val_loss=84.30754471 best_val_loss=22.24510078 bad_epochs=3/8 epoch_time=00:00:02 eta=00:01:37
[a1_halfday_p8_10d] epoch 016/060 val_loss=91.75135956 best_val_loss=22.24510078 bad_epochs=4/8 epoch_time=00:00:02 eta=00:01:35
[a1_halfday_p8_10d] epoch 017/060 val_loss=135.17549210 best_val_loss=22.24510078 bad_epochs=5/8 epoch_time=00:00:02 eta=00:01:32
[a1_halfday_p8_10d] epoch 018/060 val_loss=19.28105259 best_val_loss=19.28105259 bad_epochs=0/8 epoch_time=00:00:02 eta=00:01:30
[a1_halfday_p8_10d] epoch 019/060 val_loss=37.75665016 best_val_loss=19.28105259 bad_epochs=1/8 epoch_time=00:00:02 eta=00:01:28
[a1_halfday_p8_10d] epoch 020/060 val_loss=31.90586796 best_val_loss=19.28105259 bad_epochs=2/8 epoch_time=00:00:02 eta=00:01:26
[a1_halfday_p8_10d] epoch 021/060 val_loss=11.52167854 best_val_loss=11.52167854 bad_epochs=0/8 epoch_time=00:00:02 eta=00:01:24
[a1_halfday_p8_10d] epoch 022/060 val_loss=59.08124084 best_val_loss=11.52167854 bad_epochs=1/8 epoch_time=00:00:02 eta=00:01:22
[a1_halfday_p8_10d] epoch 023/060 val_loss=71.60606041 best_val_loss=11.52167854 bad_epochs=2/8 epoch_time=00:00:02 eta=00:01:19
[a1_halfday_p8_10d] epoch 024/060 val_loss=82.88914795 best_val_loss=11.52167854 bad_epochs=3/8 epoch_time=00:00:02 eta=00:01:17
[a1_halfday_p8_10d] epoch 025/060 val_loss=84.45194397 best_val_loss=11.52167854 bad_epochs=4/8 epoch_time=00:00:02 eta=00:01:15
[a1_halfday_p8_10d] epoch 026/060 val_loss=126.48700409 best_val_loss=11.52167854 bad_epochs=5/8 epoch_time=00:00:02 eta=00:01:13
[a1_halfday_p8_10d] epoch 027/060 val_loss=15.52195921 best_val_loss=11.52167854 bad_epochs=6/8 epoch_time=00:00:02 eta=00:01:11
[a1_halfday_p8_10d] epoch 028/060 val_loss=36.50652351 best_val_loss=11.52167854 bad_epochs=7/8 epoch_time=00:00:02 eta=00:01:09
[a1_halfday_p8_10d] epoch 029/060 val_loss=27.31552086 best_val_loss=11.52167854 bad_epochs=8/8 epoch_time=00:00:02 eta=00:01:07
[a1_halfday_p8_10d] early stopping at epoch 29
[a1] done freq=halfday patch=8 horizon=10d test_mse=2.660166 test_corr=0.0084 test_rank_corr=0.0812 test_direction_acc=0.4836 (overall elapsed 01:19:37)
[a1] === run 27/57: freq=halfday patch=10 horizon=10d ===
[a1_halfday_p10_10d] epoch 001/060 val_loss=21238.31289062 best_val_loss=21238.31289062 bad_epochs=0/8 epoch_time=00:00:03 eta=00:02:30
[a1_halfday_p10_10d] epoch 002/060 val_loss=6167.40927734 best_val_loss=6167.40927734 bad_epochs=0/8 epoch_time=00:00:03 eta=00:02:28
[a1_halfday_p10_10d] epoch 003/060 val_loss=1641.30812988 best_val_loss=1641.30812988 bad_epochs=0/8 epoch_time=00:00:03 eta=00:02:24
[a1_halfday_p10_10d] epoch 004/060 val_loss=542.88684387 best_val_loss=542.88684387 bad_epochs=0/8 epoch_time=00:00:03 eta=00:02:22
[a1_halfday_p10_10d] epoch 005/060 val_loss=251.91446533 best_val_loss=251.91446533 bad_epochs=0/8 epoch_time=00:00:03 eta=00:02:20
[a1_halfday_p10_10d] epoch 006/060 val_loss=28.00563450 best_val_loss=28.00563450 bad_epochs=0/8 epoch_time=00:00:03 eta=00:02:17
[a1_halfday_p10_10d] epoch 007/060 val_loss=13.49560022 best_val_loss=13.49560022 bad_epochs=0/8 epoch_time=00:00:03 eta=00:02:14
[a1_halfday_p10_10d] epoch 008/060 val_loss=48.47778854 best_val_loss=13.49560022 bad_epochs=1/8 epoch_time=00:00:03 eta=00:02:12
[a1_halfday_p10_10d] epoch 009/060 val_loss=77.88548737 best_val_loss=13.49560022 bad_epochs=2/8 epoch_time=00:00:03 eta=00:02:10
[a1_halfday_p10_10d] epoch 010/060 val_loss=15.79371052 best_val_loss=13.49560022 bad_epochs=3/8 epoch_time=00:00:03 eta=00:02:07
[a1_halfday_p10_10d] epoch 011/060 val_loss=37.09270077 best_val_loss=13.49560022 bad_epochs=4/8 epoch_time=00:00:03 eta=00:02:05
[a1_halfday_p10_10d] epoch 012/060 val_loss=11.18342237 best_val_loss=11.18342237 bad_epochs=0/8 epoch_time=00:00:03 eta=00:02:02
[a1_halfday_p10_10d] epoch 013/060 val_loss=30.06933479 best_val_loss=11.18342237 bad_epochs=1/8 epoch_time=00:00:03 eta=00:02:00
[a1_halfday_p10_10d] epoch 014/060 val_loss=8.51068897 best_val_loss=8.51068897 bad_epochs=0/8 epoch_time=00:00:03 eta=00:01:57
[a1_halfday_p10_10d] epoch 015/060 val_loss=43.43976326 best_val_loss=8.51068897 bad_epochs=1/8 epoch_time=00:00:02 eta=00:01:54
[a1_halfday_p10_10d] epoch 016/060 val_loss=73.17403984 best_val_loss=8.51068897 bad_epochs=2/8 epoch_time=00:00:03 eta=00:01:52
[a1_halfday_p10_10d] epoch 017/060 val_loss=11.43747053 best_val_loss=8.51068897 bad_epochs=3/8 epoch_time=00:00:03 eta=00:01:49
[a1_halfday_p10_10d] epoch 018/060 val_loss=38.69863586 best_val_loss=8.51068897 bad_epochs=4/8 epoch_time=00:00:02 eta=00:01:46
[a1_halfday_p10_10d] epoch 019/060 val_loss=8.17097549 best_val_loss=8.17097549 bad_epochs=0/8 epoch_time=00:00:02 eta=00:01:44
[a1_halfday_p10_10d] epoch 020/060 val_loss=30.88492661 best_val_loss=8.17097549 bad_epochs=1/8 epoch_time=00:00:03 eta=00:01:41
[a1_halfday_p10_10d] epoch 021/060 val_loss=8.30799294 best_val_loss=8.17097549 bad_epochs=2/8 epoch_time=00:00:03 eta=00:01:39
[a1_halfday_p10_10d] epoch 022/060 val_loss=41.53972015 best_val_loss=8.17097549 bad_epochs=3/8 epoch_time=00:00:03 eta=00:01:36
[a1_halfday_p10_10d] epoch 023/060 val_loss=71.22200546 best_val_loss=8.17097549 bad_epochs=4/8 epoch_time=00:00:03 eta=00:01:34
[a1_halfday_p10_10d] epoch 024/060 val_loss=10.48158011 best_val_loss=8.17097549 bad_epochs=5/8 epoch_time=00:00:03 eta=00:01:31
[a1_halfday_p10_10d] epoch 025/060 val_loss=38.44713860 best_val_loss=8.17097549 bad_epochs=6/8 epoch_time=00:00:03 eta=00:01:29
[a1_halfday_p10_10d] epoch 026/060 val_loss=7.58364716 best_val_loss=7.58364716 bad_epochs=0/8 epoch_time=00:00:03 eta=00:01:26
[a1_halfday_p10_10d] epoch 027/060 val_loss=30.52534332 best_val_loss=7.58364716 bad_epochs=1/8 epoch_time=00:00:03 eta=00:01:24
[a1_halfday_p10_10d] epoch 028/060 val_loss=8.02515893 best_val_loss=7.58364716 bad_epochs=2/8 epoch_time=00:00:03 eta=00:01:21
[a1_halfday_p10_10d] epoch 029/060 val_loss=41.08761101 best_val_loss=7.58364716 bad_epochs=3/8 epoch_time=00:00:02 eta=00:01:19
[a1_halfday_p10_10d] epoch 030/060 val_loss=70.59728851 best_val_loss=7.58364716 bad_epochs=4/8 epoch_time=00:00:03 eta=00:01:16
[a1_halfday_p10_10d] epoch 031/060 val_loss=10.60749192 best_val_loss=7.58364716 bad_epochs=5/8 epoch_time=00:00:03 eta=00:01:14
[a1_halfday_p10_10d] epoch 032/060 val_loss=37.90553169 best_val_loss=7.58364716 bad_epochs=6/8 epoch_time=00:00:03 eta=00:01:11
[a1_halfday_p10_10d] epoch 033/060 val_loss=7.38865709 best_val_loss=7.38865709 bad_epochs=0/8 epoch_time=00:00:03 eta=00:01:08
[a1_halfday_p10_10d] epoch 034/060 val_loss=30.10284576 best_val_loss=7.38865709 bad_epochs=1/8 epoch_time=00:00:02 eta=00:01:06
[a1_halfday_p10_10d] epoch 035/060 val_loss=7.91795020 best_val_loss=7.38865709 bad_epochs=2/8 epoch_time=00:00:03 eta=00:01:03
[a1_halfday_p10_10d] epoch 036/060 val_loss=40.29896698 best_val_loss=7.38865709 bad_epochs=3/8 epoch_time=00:00:03 eta=00:01:01
[a1_halfday_p10_10d] epoch 037/060 val_loss=69.40594215 best_val_loss=7.38865709 bad_epochs=4/8 epoch_time=00:00:03 eta=00:00:58
[a1_halfday_p10_10d] epoch 038/060 val_loss=10.51140742 best_val_loss=7.38865709 bad_epochs=5/8 epoch_time=00:00:03 eta=00:00:56
[a1_halfday_p10_10d] epoch 039/060 val_loss=36.61869431 best_val_loss=7.38865709 bad_epochs=6/8 epoch_time=00:00:03 eta=00:00:53
[a1_halfday_p10_10d] epoch 040/060 val_loss=128.79687653 best_val_loss=7.38865709 bad_epochs=7/8 epoch_time=00:00:03 eta=00:00:51
[a1_halfday_p10_10d] epoch 041/060 val_loss=40.89376297 best_val_loss=7.38865709 bad_epochs=8/8 epoch_time=00:00:03 eta=00:00:48
[a1_halfday_p10_10d] early stopping at epoch 41
[a1] done freq=halfday patch=10 horizon=10d test_mse=1.209559 test_corr=0.1085 test_rank_corr=0.0651 test_direction_acc=0.4854 (overall elapsed 01:21:22)
[a1] === run 28/57: freq=halfday patch=12 horizon=10d ===
[a1_halfday_p12_10d] epoch 001/060 val_loss=75941.53593750 best_val_loss=75941.53593750 bad_epochs=0/8 epoch_time=00:00:02 eta=00:01:39
[a1_halfday_p12_10d] epoch 002/060 val_loss=57058.03085938 best_val_loss=57058.03085938 bad_epochs=0/8 epoch_time=00:00:02 eta=00:01:36
[a1_halfday_p12_10d] epoch 003/060 val_loss=42799.73632812 best_val_loss=42799.73632812 bad_epochs=0/8 epoch_time=00:00:02 eta=00:01:35
[a1_halfday_p12_10d] epoch 004/060 val_loss=31750.62343750 best_val_loss=31750.62343750 bad_epochs=0/8 epoch_time=00:00:02 eta=00:01:33
[a1_halfday_p12_10d] epoch 005/060 val_loss=23182.46484375 best_val_loss=23182.46484375 bad_epochs=0/8 epoch_time=00:00:02 eta=00:01:31
[a1_halfday_p12_10d] epoch 006/060 val_loss=13465.87656250 best_val_loss=13465.87656250 bad_epochs=0/8 epoch_time=00:00:02 eta=00:01:30
[a1_halfday_p12_10d] epoch 007/060 val_loss=3622.69536133 best_val_loss=3622.69536133 bad_epochs=0/8 epoch_time=00:00:02 eta=00:01:28
[a1_halfday_p12_10d] epoch 008/060 val_loss=693.68746338 best_val_loss=693.68746338 bad_epochs=0/8 epoch_time=00:00:02 eta=00:01:26
[a1_halfday_p12_10d] epoch 009/060 val_loss=142.48087769 best_val_loss=142.48087769 bad_epochs=0/8 epoch_time=00:00:02 eta=00:01:25
[a1_halfday_p12_10d] epoch 010/060 val_loss=74.92248077 best_val_loss=74.92248077 bad_epochs=0/8 epoch_time=00:00:02 eta=00:01:23
[a1_halfday_p12_10d] epoch 011/060 val_loss=54.92247849 best_val_loss=54.92247849 bad_epochs=0/8 epoch_time=00:00:02 eta=00:01:22
[a1_halfday_p12_10d] epoch 012/060 val_loss=62.02479439 best_val_loss=54.92247849 bad_epochs=1/8 epoch_time=00:00:02 eta=00:01:20
[a1_halfday_p12_10d] epoch 013/060 val_loss=52.48711739 best_val_loss=52.48711739 bad_epochs=0/8 epoch_time=00:00:02 eta=00:01:18
[a1_halfday_p12_10d] epoch 014/060 val_loss=45.10702095 best_val_loss=45.10702095 bad_epochs=0/8 epoch_time=00:00:02 eta=00:01:17
[a1_halfday_p12_10d] epoch 015/060 val_loss=62.60276718 best_val_loss=45.10702095 bad_epochs=1/8 epoch_time=00:00:02 eta=00:01:15
[a1_halfday_p12_10d] epoch 016/060 val_loss=44.41249580 best_val_loss=44.41249580 bad_epochs=0/8 epoch_time=00:00:02 eta=00:01:13
[a1_halfday_p12_10d] epoch 017/060 val_loss=37.29741669 best_val_loss=37.29741669 bad_epochs=0/8 epoch_time=00:00:02 eta=00:01:12
[a1_halfday_p12_10d] epoch 018/060 val_loss=64.54046631 best_val_loss=37.29741669 bad_epochs=1/8 epoch_time=00:00:02 eta=00:01:10
[a1_halfday_p12_10d] epoch 019/060 val_loss=37.40452423 best_val_loss=37.29741669 bad_epochs=2/8 epoch_time=00:00:02 eta=00:01:08
[a1_halfday_p12_10d] epoch 020/060 val_loss=30.31364765 best_val_loss=30.31364765 bad_epochs=0/8 epoch_time=00:00:02 eta=00:01:07
[a1_halfday_p12_10d] epoch 021/060 val_loss=67.47667847 best_val_loss=30.31364765 bad_epochs=1/8 epoch_time=00:00:02 eta=00:01:05
[a1_halfday_p12_10d] epoch 022/060 val_loss=30.76048203 best_val_loss=30.31364765 bad_epochs=2/8 epoch_time=00:00:02 eta=00:01:03
[a1_halfday_p12_10d] epoch 023/060 val_loss=23.52099419 best_val_loss=23.52099419 bad_epochs=0/8 epoch_time=00:00:02 eta=00:01:02
[a1_halfday_p12_10d] epoch 024/060 val_loss=70.34187393 best_val_loss=23.52099419 bad_epochs=1/8 epoch_time=00:00:02 eta=00:01:00
[a1_halfday_p12_10d] epoch 025/060 val_loss=25.01486092 best_val_loss=23.52099419 bad_epochs=2/8 epoch_time=00:00:02 eta=00:00:58
[a1_halfday_p12_10d] epoch 026/060 val_loss=17.23537159 best_val_loss=17.23537159 bad_epochs=0/8 epoch_time=00:00:02 eta=00:00:57
[a1_halfday_p12_10d] epoch 027/060 val_loss=73.18791428 best_val_loss=17.23537159 bad_epochs=1/8 epoch_time=00:00:02 eta=00:00:55
[a1_halfday_p12_10d] epoch 028/060 val_loss=20.28483639 best_val_loss=17.23537159 bad_epochs=2/8 epoch_time=00:00:02 eta=00:00:53
[a1_halfday_p12_10d] epoch 029/060 val_loss=12.03364801 best_val_loss=12.03364801 bad_epochs=0/8 epoch_time=00:00:02 eta=00:00:52
[a1_halfday_p12_10d] epoch 030/060 val_loss=76.26753311 best_val_loss=12.03364801 bad_epochs=1/8 epoch_time=00:00:02 eta=00:00:50
[a1_halfday_p12_10d] epoch 031/060 val_loss=15.90315037 best_val_loss=12.03364801 bad_epochs=2/8 epoch_time=00:00:02 eta=00:00:48
[a1_halfday_p12_10d] epoch 032/060 val_loss=7.26837211 best_val_loss=7.26837211 bad_epochs=0/8 epoch_time=00:00:02 eta=00:00:47
[a1_halfday_p12_10d] epoch 033/060 val_loss=79.19747391 best_val_loss=7.26837211 bad_epochs=1/8 epoch_time=00:00:02 eta=00:00:45
[a1_halfday_p12_10d] epoch 034/060 val_loss=11.81492691 best_val_loss=7.26837211 bad_epochs=2/8 epoch_time=00:00:02 eta=00:00:43
[a1_halfday_p12_10d] epoch 035/060 val_loss=2.10011264 best_val_loss=2.10011264 bad_epochs=0/8 epoch_time=00:00:02 eta=00:00:42
[a1_halfday_p12_10d] epoch 036/060 val_loss=22.71728840 best_val_loss=2.10011264 bad_epochs=1/8 epoch_time=00:00:02 eta=00:00:40
[a1_halfday_p12_10d] epoch 037/060 val_loss=13.81682549 best_val_loss=2.10011264 bad_epochs=2/8 epoch_time=00:00:02 eta=00:00:38
[a1_halfday_p12_10d] epoch 038/060 val_loss=2.33121939 best_val_loss=2.10011264 bad_epochs=3/8 epoch_time=00:00:02 eta=00:00:37
[a1_halfday_p12_10d] epoch 039/060 val_loss=8.57263823 best_val_loss=2.10011264 bad_epochs=4/8 epoch_time=00:00:02 eta=00:00:35
[a1_halfday_p12_10d] epoch 040/060 val_loss=20.74434891 best_val_loss=2.10011264 bad_epochs=5/8 epoch_time=00:00:02 eta=00:00:33
[a1_halfday_p12_10d] epoch 041/060 val_loss=1.21444604 best_val_loss=1.21444604 bad_epochs=0/8 epoch_time=00:00:02 eta=00:00:32
[a1_halfday_p12_10d] epoch 042/060 val_loss=8.07404232 best_val_loss=1.21444604 bad_epochs=1/8 epoch_time=00:00:02 eta=00:00:30
[a1_halfday_p12_10d] epoch 043/060 val_loss=20.95951424 best_val_loss=1.21444604 bad_epochs=2/8 epoch_time=00:00:02 eta=00:00:28
[a1_halfday_p12_10d] epoch 044/060 val_loss=0.90353084 best_val_loss=0.90353084 bad_epochs=0/8 epoch_time=00:00:02 eta=00:00:27
[a1_halfday_p12_10d] epoch 045/060 val_loss=22.83045769 best_val_loss=0.90353084 bad_epochs=1/8 epoch_time=00:00:02 eta=00:00:25
[a1_halfday_p12_10d] epoch 046/060 val_loss=14.50327911 best_val_loss=0.90353084 bad_epochs=2/8 epoch_time=00:00:02 eta=00:00:23
[a1_halfday_p12_10d] epoch 047/060 val_loss=0.63524363 best_val_loss=0.63524363 bad_epochs=0/8 epoch_time=00:00:02 eta=00:00:22
[a1_halfday_p12_10d] epoch 048/060 val_loss=51.25012283 best_val_loss=0.63524363 bad_epochs=1/8 epoch_time=00:00:02 eta=00:00:20
[a1_halfday_p12_10d] epoch 049/060 val_loss=11.03948078 best_val_loss=0.63524363 bad_epochs=2/8 epoch_time=00:00:02 eta=00:00:18
[a1_halfday_p12_10d] epoch 050/060 val_loss=0.64063225 best_val_loss=0.63524363 bad_epochs=3/8 epoch_time=00:00:02 eta=00:00:17
[a1_halfday_p12_10d] epoch 051/060 val_loss=66.46042328 best_val_loss=0.63524363 bad_epochs=4/8 epoch_time=00:00:02 eta=00:00:15
[a1_halfday_p12_10d] epoch 052/060 val_loss=9.12492170 best_val_loss=0.63524363 bad_epochs=5/8 epoch_time=00:00:02 eta=00:00:13
[a1_halfday_p12_10d] epoch 053/060 val_loss=37.83633118 best_val_loss=0.63524363 bad_epochs=6/8 epoch_time=00:00:02 eta=00:00:12
[a1_halfday_p12_10d] epoch 054/060 val_loss=78.85912933 best_val_loss=0.63524363 bad_epochs=7/8 epoch_time=00:00:02 eta=00:00:10
[a1_halfday_p12_10d] epoch 055/060 val_loss=13.57272110 best_val_loss=0.63524363 bad_epochs=8/8 epoch_time=00:00:02 eta=00:00:08
[a1_halfday_p12_10d] early stopping at epoch 55
[a1] done freq=halfday patch=12 horizon=10d test_mse=0.021325 test_corr=-0.0382 test_rank_corr=-0.0274 test_direction_acc=0.5109 (overall elapsed 01:22:55)
[a1] === run 29/57: freq=daily patch=5 horizon=10d ===
[a1_daily_p5_10d] epoch 001/060 val_loss=56688.60000000 best_val_loss=56688.60000000 bad_epochs=0/8 epoch_time=00:00:14 eta=00:13:48
[a1_daily_p5_10d] epoch 002/060 val_loss=19524.88496094 best_val_loss=19524.88496094 bad_epochs=0/8 epoch_time=00:00:14 eta=00:13:32
[a1_daily_p5_10d] epoch 003/060 val_loss=3516.47817383 best_val_loss=3516.47817383 bad_epochs=0/8 epoch_time=00:00:14 eta=00:13:20
[a1_daily_p5_10d] epoch 004/060 val_loss=270.81009521 best_val_loss=270.81009521 bad_epochs=0/8 epoch_time=00:00:14 eta=00:13:05
[a1_daily_p5_10d] epoch 005/060 val_loss=114.40016556 best_val_loss=114.40016556 bad_epochs=0/8 epoch_time=00:00:14 eta=00:12:51
[a1_daily_p5_10d] epoch 006/060 val_loss=192.93816528 best_val_loss=114.40016556 bad_epochs=1/8 epoch_time=00:00:14 eta=00:12:37
[a1_daily_p5_10d] epoch 007/060 val_loss=196.23862457 best_val_loss=114.40016556 bad_epochs=2/8 epoch_time=00:00:14 eta=00:12:23
[a1_daily_p5_10d] epoch 008/060 val_loss=194.84682007 best_val_loss=114.40016556 bad_epochs=3/8 epoch_time=00:00:14 eta=00:12:10
[a1_daily_p5_10d] epoch 009/060 val_loss=193.20891724 best_val_loss=114.40016556 bad_epochs=4/8 epoch_time=00:00:14 eta=00:11:56
[a1_daily_p5_10d] epoch 010/060 val_loss=191.78936615 best_val_loss=114.40016556 bad_epochs=5/8 epoch_time=00:00:14 eta=00:11:42
[a1_daily_p5_10d] epoch 011/060 val_loss=190.39630432 best_val_loss=114.40016556 bad_epochs=6/8 epoch_time=00:00:14 eta=00:11:28
[a1_daily_p5_10d] epoch 012/060 val_loss=189.13639526 best_val_loss=114.40016556 bad_epochs=7/8 epoch_time=00:00:14 eta=00:11:14
[a1_daily_p5_10d] epoch 013/060 val_loss=188.15586548 best_val_loss=114.40016556 bad_epochs=8/8 epoch_time=00:00:14 eta=00:11:00
[a1_daily_p5_10d] early stopping at epoch 13
[a1] done freq=daily patch=5 horizon=10d test_mse=56.225502 test_corr=-0.0039 test_rank_corr=-0.0323 test_direction_acc=0.4726 (overall elapsed 01:26:04)
[a1] === run 30/57: freq=daily patch=10 horizon=10d ===
[a1_daily_p10_10d] epoch 001/060 val_loss=3775.19980469 best_val_loss=3775.19980469 bad_epochs=0/8 epoch_time=00:00:13 eta=00:12:27
[a1_daily_p10_10d] epoch 002/060 val_loss=1211.57763672 best_val_loss=1211.57763672 bad_epochs=0/8 epoch_time=00:00:13 eta=00:12:17
[a1_daily_p10_10d] epoch 003/060 val_loss=554.65721130 best_val_loss=554.65721130 bad_epochs=0/8 epoch_time=00:00:13 eta=00:12:04
[a1_daily_p10_10d] epoch 004/060 val_loss=55.05105133 best_val_loss=55.05105133 bad_epochs=0/8 epoch_time=00:00:13 eta=00:11:49
[a1_daily_p10_10d] epoch 005/060 val_loss=171.06267700 best_val_loss=55.05105133 bad_epochs=1/8 epoch_time=00:00:13 eta=00:11:37
[a1_daily_p10_10d] epoch 006/060 val_loss=107.63600769 best_val_loss=55.05105133 bad_epochs=2/8 epoch_time=00:00:13 eta=00:11:24
[a1_daily_p10_10d] epoch 007/060 val_loss=297.98519592 best_val_loss=55.05105133 bad_epochs=3/8 epoch_time=00:00:13 eta=00:11:12
[a1_daily_p10_10d] epoch 008/060 val_loss=185.95044403 best_val_loss=55.05105133 bad_epochs=4/8 epoch_time=00:00:13 eta=00:10:59
[a1_daily_p10_10d] epoch 009/060 val_loss=267.75679932 best_val_loss=55.05105133 bad_epochs=5/8 epoch_time=00:00:13 eta=00:10:47
[a1_daily_p10_10d] epoch 010/060 val_loss=77.70961800 best_val_loss=55.05105133 bad_epochs=6/8 epoch_time=00:00:13 eta=00:10:34
[a1_daily_p10_10d] epoch 011/060 val_loss=74.44977875 best_val_loss=55.05105133 bad_epochs=7/8 epoch_time=00:00:13 eta=00:10:22
[a1_daily_p10_10d] epoch 012/060 val_loss=42.10254707 best_val_loss=42.10254707 bad_epochs=0/8 epoch_time=00:00:13 eta=00:10:10
[a1_daily_p10_10d] epoch 013/060 val_loss=156.82267151 best_val_loss=42.10254707 bad_epochs=1/8 epoch_time=00:00:13 eta=00:09:58
[a1_daily_p10_10d] epoch 014/060 val_loss=95.31726303 best_val_loss=42.10254707 bad_epochs=2/8 epoch_time=00:00:13 eta=00:09:45
[a1_daily_p10_10d] epoch 015/060 val_loss=288.07572327 best_val_loss=42.10254707 bad_epochs=3/8 epoch_time=00:00:13 eta=00:09:32
[a1_daily_p10_10d] epoch 016/060 val_loss=181.19573059 best_val_loss=42.10254707 bad_epochs=4/8 epoch_time=00:00:13 eta=00:09:20
[a1_daily_p10_10d] epoch 017/060 val_loss=251.06119995 best_val_loss=42.10254707 bad_epochs=5/8 epoch_time=00:00:13 eta=00:09:07
[a1_daily_p10_10d] epoch 018/060 val_loss=74.44567146 best_val_loss=42.10254707 bad_epochs=6/8 epoch_time=00:00:13 eta=00:08:54
[a1_daily_p10_10d] epoch 019/060 val_loss=69.44615707 best_val_loss=42.10254707 bad_epochs=7/8 epoch_time=00:00:13 eta=00:08:42
[a1_daily_p10_10d] epoch 020/060 val_loss=36.54927483 best_val_loss=36.54927483 bad_epochs=0/8 epoch_time=00:00:13 eta=00:08:29
[a1_daily_p10_10d] epoch 021/060 val_loss=147.15921631 best_val_loss=36.54927483 bad_epochs=1/8 epoch_time=00:00:13 eta=00:08:16
[a1_daily_p10_10d] epoch 022/060 val_loss=86.94891052 best_val_loss=36.54927483 bad_epochs=2/8 epoch_time=00:00:13 eta=00:08:04
[a1_daily_p10_10d] epoch 023/060 val_loss=276.64846497 best_val_loss=36.54927483 bad_epochs=3/8 epoch_time=00:00:13 eta=00:07:51
[a1_daily_p10_10d] epoch 024/060 val_loss=120.88261642 best_val_loss=36.54927483 bad_epochs=4/8 epoch_time=00:00:13 eta=00:07:38
[a1_daily_p10_10d] epoch 025/060 val_loss=29.34826412 best_val_loss=29.34826412 bad_epochs=0/8 epoch_time=00:00:13 eta=00:07:25
[a1_daily_p10_10d] epoch 026/060 val_loss=142.04840546 best_val_loss=29.34826412 bad_epochs=1/8 epoch_time=00:00:13 eta=00:07:12
[a1_daily_p10_10d] epoch 027/060 val_loss=237.58508911 best_val_loss=29.34826412 bad_epochs=2/8 epoch_time=00:00:13 eta=00:07:00
[a1_daily_p10_10d] epoch 028/060 val_loss=70.63553925 best_val_loss=29.34826412 bad_epochs=3/8 epoch_time=00:00:13 eta=00:06:47
[a1_daily_p10_10d] epoch 029/060 val_loss=58.79624710 best_val_loss=29.34826412 bad_epochs=4/8 epoch_time=00:00:13 eta=00:06:35
[a1_daily_p10_10d] epoch 030/060 val_loss=28.69386883 best_val_loss=28.69386883 bad_epochs=0/8 epoch_time=00:00:13 eta=00:06:22
[a1_daily_p10_10d] epoch 031/060 val_loss=162.88308868 best_val_loss=28.69386883 bad_epochs=1/8 epoch_time=00:00:13 eta=00:06:09
[a1_daily_p10_10d] epoch 032/060 val_loss=22.95181942 best_val_loss=22.95181942 bad_epochs=0/8 epoch_time=00:00:13 eta=00:05:56
[a1_daily_p10_10d] epoch 033/060 val_loss=83.12539215 best_val_loss=22.95181942 bad_epochs=1/8 epoch_time=00:00:13 eta=00:05:44
[a1_daily_p10_10d] epoch 034/060 val_loss=78.99921646 best_val_loss=22.95181942 bad_epochs=2/8 epoch_time=00:00:13 eta=00:05:31
[a1_daily_p10_10d] epoch 035/060 val_loss=190.78504181 best_val_loss=22.95181942 bad_epochs=3/8 epoch_time=00:00:13 eta=00:05:18
[a1_daily_p10_10d] epoch 036/060 val_loss=69.46630325 best_val_loss=22.95181942 bad_epochs=4/8 epoch_time=00:00:13 eta=00:05:06
[a1_daily_p10_10d] epoch 037/060 val_loss=25.61423254 best_val_loss=22.95181942 bad_epochs=5/8 epoch_time=00:00:13 eta=00:04:53
[a1_daily_p10_10d] epoch 038/060 val_loss=156.64171448 best_val_loss=22.95181942 bad_epochs=6/8 epoch_time=00:00:13 eta=00:04:40
[a1_daily_p10_10d] epoch 039/060 val_loss=19.03919621 best_val_loss=19.03919621 bad_epochs=0/8 epoch_time=00:00:13 eta=00:04:28
[a1_daily_p10_10d] epoch 040/060 val_loss=80.62268295 best_val_loss=19.03919621 bad_epochs=1/8 epoch_time=00:00:13 eta=00:04:15
[a1_daily_p10_10d] epoch 041/060 val_loss=73.18368607 best_val_loss=19.03919621 bad_epochs=2/8 epoch_time=00:00:13 eta=00:04:02
[a1_daily_p10_10d] epoch 042/060 val_loss=180.87604980 best_val_loss=19.03919621 bad_epochs=3/8 epoch_time=00:00:13 eta=00:03:49
[a1_daily_p10_10d] epoch 043/060 val_loss=65.00126038 best_val_loss=19.03919621 bad_epochs=4/8 epoch_time=00:00:13 eta=00:03:37
[a1_daily_p10_10d] epoch 044/060 val_loss=24.86772966 best_val_loss=19.03919621 bad_epochs=5/8 epoch_time=00:00:13 eta=00:03:24
[a1_daily_p10_10d] epoch 045/060 val_loss=152.85797195 best_val_loss=19.03919621 bad_epochs=6/8 epoch_time=00:00:13 eta=00:03:11
[a1_daily_p10_10d] epoch 046/060 val_loss=16.10883732 best_val_loss=16.10883732 bad_epochs=0/8 epoch_time=00:00:13 eta=00:02:59
[a1_daily_p10_10d] epoch 047/060 val_loss=79.95093918 best_val_loss=16.10883732 bad_epochs=1/8 epoch_time=00:00:13 eta=00:02:46
[a1_daily_p10_10d] epoch 048/060 val_loss=69.34024582 best_val_loss=16.10883732 bad_epochs=2/8 epoch_time=00:00:13 eta=00:02:33
[a1_daily_p10_10d] epoch 049/060 val_loss=174.01372681 best_val_loss=16.10883732 bad_epochs=3/8 epoch_time=00:00:13 eta=00:02:20
[a1_daily_p10_10d] epoch 050/060 val_loss=61.59624329 best_val_loss=16.10883732 bad_epochs=4/8 epoch_time=00:00:13 eta=00:02:08
[a1_daily_p10_10d] epoch 051/060 val_loss=24.14564695 best_val_loss=16.10883732 bad_epochs=5/8 epoch_time=00:00:13 eta=00:01:55
[a1_daily_p10_10d] epoch 052/060 val_loss=150.94604340 best_val_loss=16.10883732 bad_epochs=6/8 epoch_time=00:00:13 eta=00:01:42
[a1_daily_p10_10d] epoch 053/060 val_loss=14.17928524 best_val_loss=14.17928524 bad_epochs=0/8 epoch_time=00:00:13 eta=00:01:29
[a1_daily_p10_10d] epoch 054/060 val_loss=79.08694611 best_val_loss=14.17928524 bad_epochs=1/8 epoch_time=00:00:13 eta=00:01:17
[a1_daily_p10_10d] epoch 055/060 val_loss=66.20292549 best_val_loss=14.17928524 bad_epochs=2/8 epoch_time=00:00:13 eta=00:01:04
[a1_daily_p10_10d] epoch 056/060 val_loss=169.46157227 best_val_loss=14.17928524 bad_epochs=3/8 epoch_time=00:00:13 eta=00:00:51
[a1_daily_p10_10d] epoch 057/060 val_loss=58.51292572 best_val_loss=14.17928524 bad_epochs=4/8 epoch_time=00:00:13 eta=00:00:38
[a1_daily_p10_10d] epoch 058/060 val_loss=23.66549053 best_val_loss=14.17928524 bad_epochs=5/8 epoch_time=00:00:13 eta=00:00:26
[a1_daily_p10_10d] epoch 059/060 val_loss=149.94455414 best_val_loss=14.17928524 bad_epochs=6/8 epoch_time=00:00:13 eta=00:00:13
[a1_daily_p10_10d] epoch 060/060 val_loss=12.34121542 best_val_loss=12.34121542 bad_epochs=0/8 epoch_time=00:00:13 eta=00:00:00
[a1] done freq=daily patch=10 horizon=10d test_mse=2.274452 test_corr=-0.0438 test_rank_corr=-0.1341 test_direction_acc=0.5401 (overall elapsed 01:38:55)
[a1] === run 31/57: freq=daily patch=20 horizon=10d ===
[a1_daily_p20_10d] epoch 001/060 val_loss=74255.18984375 best_val_loss=74255.18984375 bad_epochs=0/8 epoch_time=00:00:09 eta=00:09:11
[a1_daily_p20_10d] epoch 002/060 val_loss=40100.84609375 best_val_loss=40100.84609375 bad_epochs=0/8 epoch_time=00:00:09 eta=00:08:58
[a1_daily_p20_10d] epoch 003/060 val_loss=14148.97421875 best_val_loss=14148.97421875 bad_epochs=0/8 epoch_time=00:00:09 eta=00:08:47
[a1_daily_p20_10d] epoch 004/060 val_loss=3074.82001953 best_val_loss=3074.82001953 bad_epochs=0/8 epoch_time=00:00:09 eta=00:08:36
[a1_daily_p20_10d] epoch 005/060 val_loss=826.36484985 best_val_loss=826.36484985 bad_epochs=0/8 epoch_time=00:00:09 eta=00:08:26
[a1_daily_p20_10d] epoch 006/060 val_loss=125.93999786 best_val_loss=125.93999786 bad_epochs=0/8 epoch_time=00:00:09 eta=00:08:17
[a1_daily_p20_10d] epoch 007/060 val_loss=41.43944206 best_val_loss=41.43944206 bad_epochs=0/8 epoch_time=00:00:09 eta=00:08:08
[a1_daily_p20_10d] epoch 008/060 val_loss=229.02280731 best_val_loss=41.43944206 bad_epochs=1/8 epoch_time=00:00:09 eta=00:07:59
[a1_daily_p20_10d] epoch 009/060 val_loss=39.36345177 best_val_loss=39.36345177 bad_epochs=0/8 epoch_time=00:00:09 eta=00:07:49
[a1_daily_p20_10d] epoch 010/060 val_loss=303.01253052 best_val_loss=39.36345177 bad_epochs=1/8 epoch_time=00:00:09 eta=00:07:40
[a1_daily_p20_10d] epoch 011/060 val_loss=177.37319946 best_val_loss=39.36345177 bad_epochs=2/8 epoch_time=00:00:09 eta=00:07:31
[a1_daily_p20_10d] epoch 012/060 val_loss=109.40039368 best_val_loss=39.36345177 bad_epochs=3/8 epoch_time=00:00:09 eta=00:07:22
[a1_daily_p20_10d] epoch 013/060 val_loss=54.25451126 best_val_loss=39.36345177 bad_epochs=4/8 epoch_time=00:00:09 eta=00:07:13
[a1_daily_p20_10d] epoch 014/060 val_loss=280.99319458 best_val_loss=39.36345177 bad_epochs=5/8 epoch_time=00:00:09 eta=00:07:04
[a1_daily_p20_10d] epoch 015/060 val_loss=173.63467407 best_val_loss=39.36345177 bad_epochs=6/8 epoch_time=00:00:09 eta=00:06:54
[a1_daily_p20_10d] epoch 016/060 val_loss=244.04528503 best_val_loss=39.36345177 bad_epochs=7/8 epoch_time=00:00:09 eta=00:06:45
[a1_daily_p20_10d] epoch 017/060 val_loss=38.95760155 best_val_loss=38.95760155 bad_epochs=0/8 epoch_time=00:00:09 eta=00:06:36
[a1_daily_p20_10d] epoch 018/060 val_loss=86.17951508 best_val_loss=38.95760155 bad_epochs=1/8 epoch_time=00:00:09 eta=00:06:26
[a1_daily_p20_10d] epoch 019/060 val_loss=32.49928017 best_val_loss=32.49928017 bad_epochs=0/8 epoch_time=00:00:09 eta=00:06:17
[a1_daily_p20_10d] epoch 020/060 val_loss=6.32125478 best_val_loss=6.32125478 bad_epochs=0/8 epoch_time=00:00:09 eta=00:06:08
[a1_daily_p20_10d] epoch 021/060 val_loss=220.23904724 best_val_loss=6.32125478 bad_epochs=1/8 epoch_time=00:00:09 eta=00:05:59
[a1_daily_p20_10d] epoch 022/060 val_loss=64.59690933 best_val_loss=6.32125478 bad_epochs=2/8 epoch_time=00:00:09 eta=00:05:49
[a1_daily_p20_10d] epoch 023/060 val_loss=118.40467148 best_val_loss=6.32125478 bad_epochs=3/8 epoch_time=00:00:09 eta=00:05:40
[a1_daily_p20_10d] epoch 024/060 val_loss=75.27124748 best_val_loss=6.32125478 bad_epochs=4/8 epoch_time=00:00:09 eta=00:05:31
[a1_daily_p20_10d] epoch 025/060 val_loss=46.54740410 best_val_loss=6.32125478 bad_epochs=5/8 epoch_time=00:00:09 eta=00:05:22
[a1_daily_p20_10d] epoch 026/060 val_loss=18.72955523 best_val_loss=6.32125478 bad_epochs=6/8 epoch_time=00:00:09 eta=00:05:13
[a1_daily_p20_10d] epoch 027/060 val_loss=161.28064575 best_val_loss=6.32125478 bad_epochs=7/8 epoch_time=00:00:09 eta=00:05:03
[a1_daily_p20_10d] epoch 028/060 val_loss=103.92644653 best_val_loss=6.32125478 bad_epochs=8/8 epoch_time=00:00:09 eta=00:04:54
[a1_daily_p20_10d] early stopping at epoch 28
[a1] done freq=daily patch=20 horizon=10d test_mse=0.829136 test_corr=-0.0015 test_rank_corr=-0.1131 test_direction_acc=0.4380 (overall elapsed 01:43:16)
[a1] === run 32/57: freq=daily patch=30 horizon=10d ===
[a1_daily_p30_10d] epoch 001/060 val_loss=55266.03046875 best_val_loss=55266.03046875 bad_epochs=0/8 epoch_time=00:00:11 eta=00:10:39
[a1_daily_p30_10d] epoch 002/060 val_loss=26501.48476562 best_val_loss=26501.48476562 bad_epochs=0/8 epoch_time=00:00:11 eta=00:10:23
[a1_daily_p30_10d] epoch 003/060 val_loss=1480.48786621 best_val_loss=1480.48786621 bad_epochs=0/8 epoch_time=00:00:11 eta=00:10:10
[a1_daily_p30_10d] epoch 004/060 val_loss=1181.54766846 best_val_loss=1181.54766846 bad_epochs=0/8 epoch_time=00:00:11 eta=00:09:58
[a1_daily_p30_10d] epoch 005/060 val_loss=280.98507233 best_val_loss=280.98507233 bad_epochs=0/8 epoch_time=00:00:11 eta=00:09:46
[a1_daily_p30_10d] epoch 006/060 val_loss=245.82239227 best_val_loss=245.82239227 bad_epochs=0/8 epoch_time=00:00:11 eta=00:09:35
[a1_daily_p30_10d] epoch 007/060 val_loss=238.11886292 best_val_loss=238.11886292 bad_epochs=0/8 epoch_time=00:00:11 eta=00:09:24
[a1_daily_p30_10d] epoch 008/060 val_loss=234.82510681 best_val_loss=234.82510681 bad_epochs=0/8 epoch_time=00:00:11 eta=00:09:13
[a1_daily_p30_10d] epoch 009/060 val_loss=232.32230377 best_val_loss=232.32230377 bad_epochs=0/8 epoch_time=00:00:11 eta=00:09:02
[a1_daily_p30_10d] epoch 010/060 val_loss=230.33529816 best_val_loss=230.33529816 bad_epochs=0/8 epoch_time=00:00:11 eta=00:08:51
[a1_daily_p30_10d] epoch 011/060 val_loss=228.55124817 best_val_loss=228.55124817 bad_epochs=0/8 epoch_time=00:00:11 eta=00:08:40
[a1_daily_p30_10d] epoch 012/060 val_loss=227.07174072 best_val_loss=227.07174072 bad_epochs=0/8 epoch_time=00:00:11 eta=00:08:30
[a1_daily_p30_10d] epoch 013/060 val_loss=226.25318756 best_val_loss=226.25318756 bad_epochs=0/8 epoch_time=00:00:11 eta=00:08:19
[a1_daily_p30_10d] epoch 014/060 val_loss=225.25153809 best_val_loss=225.25153809 bad_epochs=0/8 epoch_time=00:00:11 eta=00:08:08
[a1_daily_p30_10d] epoch 015/060 val_loss=224.54649963 best_val_loss=224.54649963 bad_epochs=0/8 epoch_time=00:00:11 eta=00:07:57
[a1_daily_p30_10d] epoch 016/060 val_loss=223.80484467 best_val_loss=223.80484467 bad_epochs=0/8 epoch_time=00:00:11 eta=00:07:47
[a1_daily_p30_10d] epoch 017/060 val_loss=223.25704346 best_val_loss=223.25704346 bad_epochs=0/8 epoch_time=00:00:11 eta=00:07:36
[a1_daily_p30_10d] epoch 018/060 val_loss=222.99803467 best_val_loss=222.99803467 bad_epochs=0/8 epoch_time=00:00:11 eta=00:07:26
[a1_daily_p30_10d] epoch 019/060 val_loss=222.07990570 best_val_loss=222.07990570 bad_epochs=0/8 epoch_time=00:00:11 eta=00:07:15
[a1_daily_p30_10d] epoch 020/060 val_loss=221.27712250 best_val_loss=221.27712250 bad_epochs=0/8 epoch_time=00:00:11 eta=00:07:04
[a1_daily_p30_10d] epoch 021/060 val_loss=220.39021912 best_val_loss=220.39021912 bad_epochs=0/8 epoch_time=00:00:11 eta=00:06:54
[a1_daily_p30_10d] epoch 022/060 val_loss=219.77571716 best_val_loss=219.77571716 bad_epochs=0/8 epoch_time=00:00:11 eta=00:06:43
[a1_daily_p30_10d] epoch 023/060 val_loss=219.82036133 best_val_loss=219.77571716 bad_epochs=1/8 epoch_time=00:00:11 eta=00:06:32
[a1_daily_p30_10d] epoch 024/060 val_loss=218.70390930 best_val_loss=218.70390930 bad_epochs=0/8 epoch_time=00:00:11 eta=00:06:22
[a1_daily_p30_10d] epoch 025/060 val_loss=218.14086914 best_val_loss=218.14086914 bad_epochs=0/8 epoch_time=00:00:11 eta=00:06:11
[a1_daily_p30_10d] epoch 026/060 val_loss=217.45429230 best_val_loss=217.45429230 bad_epochs=0/8 epoch_time=00:00:11 eta=00:06:01
[a1_daily_p30_10d] epoch 027/060 val_loss=217.40640869 best_val_loss=217.40640869 bad_epochs=0/8 epoch_time=00:00:11 eta=00:05:50
[a1_daily_p30_10d] epoch 028/060 val_loss=217.67926636 best_val_loss=217.40640869 bad_epochs=1/8 epoch_time=00:00:11 eta=00:05:39
[a1_daily_p30_10d] epoch 029/060 val_loss=217.07482605 best_val_loss=217.07482605 bad_epochs=0/8 epoch_time=00:00:11 eta=00:05:29
[a1_daily_p30_10d] epoch 030/060 val_loss=215.77689972 best_val_loss=215.77689972 bad_epochs=0/8 epoch_time=00:00:11 eta=00:05:18
[a1_daily_p30_10d] epoch 031/060 val_loss=215.25847168 best_val_loss=215.25847168 bad_epochs=0/8 epoch_time=00:00:11 eta=00:05:08
[a1_daily_p30_10d] epoch 032/060 val_loss=215.15559692 best_val_loss=215.15559692 bad_epochs=0/8 epoch_time=00:00:11 eta=00:04:57
[a1_daily_p30_10d] epoch 033/060 val_loss=214.09481812 best_val_loss=214.09481812 bad_epochs=0/8 epoch_time=00:00:11 eta=00:04:46
[a1_daily_p30_10d] epoch 034/060 val_loss=214.03390198 best_val_loss=214.03390198 bad_epochs=0/8 epoch_time=00:00:11 eta=00:04:36
[a1_daily_p30_10d] epoch 035/060 val_loss=213.80843658 best_val_loss=213.80843658 bad_epochs=0/8 epoch_time=00:00:11 eta=00:04:25
[a1_daily_p30_10d] epoch 036/060 val_loss=212.62925415 best_val_loss=212.62925415 bad_epochs=0/8 epoch_time=00:00:11 eta=00:04:15
[a1_daily_p30_10d] epoch 037/060 val_loss=213.21915588 best_val_loss=212.62925415 bad_epochs=1/8 epoch_time=00:00:11 eta=00:04:04
[a1_daily_p30_10d] epoch 038/060 val_loss=212.74930878 best_val_loss=212.62925415 bad_epochs=2/8 epoch_time=00:00:11 eta=00:03:54
[a1_daily_p30_10d] epoch 039/060 val_loss=213.79022827 best_val_loss=212.62925415 bad_epochs=3/8 epoch_time=00:00:11 eta=00:03:43
[a1_daily_p30_10d] epoch 040/060 val_loss=213.54477081 best_val_loss=212.62925415 bad_epochs=4/8 epoch_time=00:00:11 eta=00:03:32
[a1_daily_p30_10d] epoch 041/060 val_loss=212.21434326 best_val_loss=212.21434326 bad_epochs=0/8 epoch_time=00:00:11 eta=00:03:22
[a1_daily_p30_10d] epoch 042/060 val_loss=210.14263153 best_val_loss=210.14263153 bad_epochs=0/8 epoch_time=00:00:11 eta=00:03:11
[a1_daily_p30_10d] epoch 043/060 val_loss=212.32407684 best_val_loss=210.14263153 bad_epochs=1/8 epoch_time=00:00:11 eta=00:03:00
[a1_daily_p30_10d] epoch 044/060 val_loss=212.48680573 best_val_loss=210.14263153 bad_epochs=2/8 epoch_time=00:00:11 eta=00:02:50
[a1_daily_p30_10d] epoch 045/060 val_loss=210.91405792 best_val_loss=210.14263153 bad_epochs=3/8 epoch_time=00:00:11 eta=00:02:39
[a1_daily_p30_10d] epoch 046/060 val_loss=212.86022797 best_val_loss=210.14263153 bad_epochs=4/8 epoch_time=00:00:11 eta=00:02:29
[a1_daily_p30_10d] epoch 047/060 val_loss=212.51238098 best_val_loss=210.14263153 bad_epochs=5/8 epoch_time=00:00:11 eta=00:02:18
[a1_daily_p30_10d] epoch 048/060 val_loss=213.49442291 best_val_loss=210.14263153 bad_epochs=6/8 epoch_time=00:00:11 eta=00:02:07
[a1_daily_p30_10d] epoch 049/060 val_loss=212.30500488 best_val_loss=210.14263153 bad_epochs=7/8 epoch_time=00:00:11 eta=00:01:57
[a1_daily_p30_10d] epoch 050/060 val_loss=209.27554474 best_val_loss=209.27554474 bad_epochs=0/8 epoch_time=00:00:11 eta=00:01:46
[a1_daily_p30_10d] epoch 051/060 val_loss=210.96804962 best_val_loss=209.27554474 bad_epochs=1/8 epoch_time=00:00:11 eta=00:01:35
[a1_daily_p30_10d] epoch 052/060 val_loss=210.27981262 best_val_loss=209.27554474 bad_epochs=2/8 epoch_time=00:00:11 eta=00:01:25
[a1_daily_p30_10d] epoch 053/060 val_loss=208.86938782 best_val_loss=208.86938782 bad_epochs=0/8 epoch_time=00:00:11 eta=00:01:14
[a1_daily_p30_10d] epoch 054/060 val_loss=211.60373993 best_val_loss=208.86938782 bad_epochs=1/8 epoch_time=00:00:11 eta=00:01:04
[a1_daily_p30_10d] epoch 055/060 val_loss=214.35895691 best_val_loss=208.86938782 bad_epochs=2/8 epoch_time=00:00:11 eta=00:00:53
[a1_daily_p30_10d] epoch 056/060 val_loss=213.66192780 best_val_loss=208.86938782 bad_epochs=3/8 epoch_time=00:00:11 eta=00:00:42
[a1_daily_p30_10d] epoch 057/060 val_loss=212.57102509 best_val_loss=208.86938782 bad_epochs=4/8 epoch_time=00:00:11 eta=00:00:32
[a1_daily_p30_10d] epoch 058/060 val_loss=212.32478333 best_val_loss=208.86938782 bad_epochs=5/8 epoch_time=00:00:11 eta=00:00:21
[a1_daily_p30_10d] epoch 059/060 val_loss=213.98825836 best_val_loss=208.86938782 bad_epochs=6/8 epoch_time=00:00:11 eta=00:00:11
[a1_daily_p30_10d] epoch 060/060 val_loss=215.10461121 best_val_loss=208.86938782 bad_epochs=7/8 epoch_time=00:00:11 eta=00:00:00
[a1] done freq=daily patch=30 horizon=10d test_mse=189.603241 test_corr=-0.0229 test_rank_corr=-0.0211 test_direction_acc=0.4398 (overall elapsed 01:53:57)
[a1] === run 33/57: freq=weekly patch=2 horizon=10d ===
[a1_weekly_p2_10d] epoch 001/060 val_loss=719357.03750000 best_val_loss=719357.03750000 bad_epochs=0/8 epoch_time=00:00:05 eta=00:04:39
[a1_weekly_p2_10d] epoch 002/060 val_loss=512312.50000000 best_val_loss=512312.50000000 bad_epochs=0/8 epoch_time=00:00:05 eta=00:04:33
[a1_weekly_p2_10d] epoch 003/060 val_loss=340705.99375000 best_val_loss=340705.99375000 bad_epochs=0/8 epoch_time=00:00:05 eta=00:04:29
[a1_weekly_p2_10d] epoch 004/060 val_loss=225052.94375000 best_val_loss=225052.94375000 bad_epochs=0/8 epoch_time=00:00:05 eta=00:04:23
[a1_weekly_p2_10d] epoch 005/060 val_loss=152119.58906250 best_val_loss=152119.58906250 bad_epochs=0/8 epoch_time=00:00:05 eta=00:04:19
[a1_weekly_p2_10d] epoch 006/060 val_loss=85425.16875000 best_val_loss=85425.16875000 bad_epochs=0/8 epoch_time=00:00:05 eta=00:04:14
[a1_weekly_p2_10d] epoch 007/060 val_loss=15777.61269531 best_val_loss=15777.61269531 bad_epochs=0/8 epoch_time=00:00:05 eta=00:04:10
[a1_weekly_p2_10d] epoch 008/060 val_loss=2454.67272949 best_val_loss=2454.67272949 bad_epochs=0/8 epoch_time=00:00:05 eta=00:04:05
[a1_weekly_p2_10d] epoch 009/060 val_loss=1486.45637207 best_val_loss=1486.45637207 bad_epochs=0/8 epoch_time=00:00:05 eta=00:04:00
[a1_weekly_p2_10d] epoch 010/060 val_loss=1051.17050781 best_val_loss=1051.17050781 bad_epochs=0/8 epoch_time=00:00:05 eta=00:03:55
[a1_weekly_p2_10d] epoch 011/060 val_loss=101.21982574 best_val_loss=101.21982574 bad_epochs=0/8 epoch_time=00:00:05 eta=00:03:51
[a1_weekly_p2_10d] epoch 012/060 val_loss=181.46423187 best_val_loss=101.21982574 bad_epochs=1/8 epoch_time=00:00:05 eta=00:03:46
[a1_weekly_p2_10d] epoch 013/060 val_loss=793.91867676 best_val_loss=101.21982574 bad_epochs=2/8 epoch_time=00:00:05 eta=00:03:41
[a1_weekly_p2_10d] epoch 014/060 val_loss=392.17669678 best_val_loss=101.21982574 bad_epochs=3/8 epoch_time=00:00:05 eta=00:03:36
[a1_weekly_p2_10d] epoch 015/060 val_loss=212.27424927 best_val_loss=101.21982574 bad_epochs=4/8 epoch_time=00:00:05 eta=00:03:32
[a1_weekly_p2_10d] epoch 016/060 val_loss=785.62554932 best_val_loss=101.21982574 bad_epochs=5/8 epoch_time=00:00:05 eta=00:03:27
[a1_weekly_p2_10d] epoch 017/060 val_loss=386.57793579 best_val_loss=101.21982574 bad_epochs=6/8 epoch_time=00:00:05 eta=00:03:22
[a1_weekly_p2_10d] epoch 018/060 val_loss=208.50438080 best_val_loss=101.21982574 bad_epochs=7/8 epoch_time=00:00:05 eta=00:03:18
[a1_weekly_p2_10d] epoch 019/060 val_loss=774.33173828 best_val_loss=101.21982574 bad_epochs=8/8 epoch_time=00:00:05 eta=00:03:13
[a1_weekly_p2_10d] early stopping at epoch 19
[a1] done freq=weekly patch=2 horizon=10d test_mse=120.595772 test_corr=-0.0644 test_rank_corr=-0.1425 test_direction_acc=0.4179 (overall elapsed 01:55:29)
[a1] === run 34/57: freq=weekly patch=4 horizon=10d ===
[a1_weekly_p4_10d] epoch 001/060 val_loss=936798.60000000 best_val_loss=936798.60000000 bad_epochs=0/8 epoch_time=00:00:03 eta=00:03:25
[a1_weekly_p4_10d] epoch 002/060 val_loss=776056.07500000 best_val_loss=776056.07500000 bad_epochs=0/8 epoch_time=00:00:03 eta=00:03:22
[a1_weekly_p4_10d] epoch 003/060 val_loss=607830.23750000 best_val_loss=607830.23750000 bad_epochs=0/8 epoch_time=00:00:04 eta=00:03:20
[a1_weekly_p4_10d] epoch 004/060 val_loss=475397.64375000 best_val_loss=475397.64375000 bad_epochs=0/8 epoch_time=00:00:03 eta=00:03:16
[a1_weekly_p4_10d] epoch 005/060 val_loss=415618.85625000 best_val_loss=415618.85625000 bad_epochs=0/8 epoch_time=00:00:03 eta=00:03:13
[a1_weekly_p4_10d] epoch 006/060 val_loss=319224.95000000 best_val_loss=319224.95000000 bad_epochs=0/8 epoch_time=00:00:04 eta=00:03:10
[a1_weekly_p4_10d] epoch 007/060 val_loss=255653.75937500 best_val_loss=255653.75937500 bad_epochs=0/8 epoch_time=00:00:03 eta=00:03:06
[a1_weekly_p4_10d] epoch 008/060 val_loss=192319.09687500 best_val_loss=192319.09687500 bad_epochs=0/8 epoch_time=00:00:04 eta=00:03:02
[a1_weekly_p4_10d] epoch 009/060 val_loss=114938.90000000 best_val_loss=114938.90000000 bad_epochs=0/8 epoch_time=00:00:04 eta=00:02:59
[a1_weekly_p4_10d] epoch 010/060 val_loss=42427.54218750 best_val_loss=42427.54218750 bad_epochs=0/8 epoch_time=00:00:04 eta=00:02:55
[a1_weekly_p4_10d] epoch 011/060 val_loss=11217.94726562 best_val_loss=11217.94726562 bad_epochs=0/8 epoch_time=00:00:04 eta=00:02:52
[a1_weekly_p4_10d] epoch 012/060 val_loss=1029.77176514 best_val_loss=1029.77176514 bad_epochs=0/8 epoch_time=00:00:04 eta=00:02:48
[a1_weekly_p4_10d] epoch 013/060 val_loss=685.30162354 best_val_loss=685.30162354 bad_epochs=0/8 epoch_time=00:00:03 eta=00:02:45
[a1_weekly_p4_10d] epoch 014/060 val_loss=1355.06447754 best_val_loss=685.30162354 bad_epochs=1/8 epoch_time=00:00:04 eta=00:02:41
[a1_weekly_p4_10d] epoch 015/060 val_loss=662.98059082 best_val_loss=662.98059082 bad_epochs=0/8 epoch_time=00:00:03 eta=00:02:38
[a1_weekly_p4_10d] epoch 016/060 val_loss=128.34709930 best_val_loss=128.34709930 bad_epochs=0/8 epoch_time=00:00:03 eta=00:02:34
[a1_weekly_p4_10d] epoch 017/060 val_loss=77.90647049 best_val_loss=77.90647049 bad_epochs=0/8 epoch_time=00:00:04 eta=00:02:31
[a1_weekly_p4_10d] epoch 018/060 val_loss=421.22660522 best_val_loss=77.90647049 bad_epochs=1/8 epoch_time=00:00:04 eta=00:02:27
[a1_weekly_p4_10d] epoch 019/060 val_loss=540.91100464 best_val_loss=77.90647049 bad_epochs=2/8 epoch_time=00:00:03 eta=00:02:24
[a1_weekly_p4_10d] epoch 020/060 val_loss=1250.95312500 best_val_loss=77.90647049 bad_epochs=3/8 epoch_time=00:00:04 eta=00:02:20
[a1_weekly_p4_10d] epoch 021/060 val_loss=611.67052612 best_val_loss=77.90647049 bad_epochs=4/8 epoch_time=00:00:03 eta=00:02:17
[a1_weekly_p4_10d] epoch 022/060 val_loss=120.00505066 best_val_loss=77.90647049 bad_epochs=5/8 epoch_time=00:00:04 eta=00:02:13
[a1_weekly_p4_10d] epoch 023/060 val_loss=73.95358582 best_val_loss=73.95358582 bad_epochs=0/8 epoch_time=00:00:04 eta=00:02:10
[a1_weekly_p4_10d] epoch 024/060 val_loss=400.35457764 best_val_loss=73.95358582 bad_epochs=1/8 epoch_time=00:00:04 eta=00:02:06
[a1_weekly_p4_10d] epoch 025/060 val_loss=517.83459473 best_val_loss=73.95358582 bad_epochs=2/8 epoch_time=00:00:03 eta=00:02:03
[a1_weekly_p4_10d] epoch 026/060 val_loss=1203.24296875 best_val_loss=73.95358582 bad_epochs=3/8 epoch_time=00:00:04 eta=00:01:59
[a1_weekly_p4_10d] epoch 027/060 val_loss=591.03039551 best_val_loss=73.95358582 bad_epochs=4/8 epoch_time=00:00:03 eta=00:01:56
[a1_weekly_p4_10d] epoch 028/060 val_loss=112.51662292 best_val_loss=73.95358582 bad_epochs=5/8 epoch_time=00:00:03 eta=00:01:52
[a1_weekly_p4_10d] epoch 029/060 val_loss=68.65807190 best_val_loss=68.65807190 bad_epochs=0/8 epoch_time=00:00:04 eta=00:01:49
[a1_weekly_p4_10d] epoch 030/060 val_loss=386.66712646 best_val_loss=68.65807190 bad_epochs=1/8 epoch_time=00:00:03 eta=00:01:45
[a1_weekly_p4_10d] epoch 031/060 val_loss=504.71661987 best_val_loss=68.65807190 bad_epochs=2/8 epoch_time=00:00:04 eta=00:01:42
[a1_weekly_p4_10d] epoch 032/060 val_loss=1168.66442871 best_val_loss=68.65807190 bad_epochs=3/8 epoch_time=00:00:03 eta=00:01:38
[a1_weekly_p4_10d] epoch 033/060 val_loss=577.72934570 best_val_loss=68.65807190 bad_epochs=4/8 epoch_time=00:00:03 eta=00:01:35
[a1_weekly_p4_10d] epoch 034/060 val_loss=107.12275391 best_val_loss=68.65807190 bad_epochs=5/8 epoch_time=00:00:04 eta=00:01:31
[a1_weekly_p4_10d] epoch 035/060 val_loss=64.73592148 best_val_loss=64.73592148 bad_epochs=0/8 epoch_time=00:00:03 eta=00:01:28
[a1_weekly_p4_10d] epoch 036/060 val_loss=376.78767700 best_val_loss=64.73592148 bad_epochs=1/8 epoch_time=00:00:03 eta=00:01:24
[a1_weekly_p4_10d] epoch 037/060 val_loss=497.20331421 best_val_loss=64.73592148 bad_epochs=2/8 epoch_time=00:00:04 eta=00:01:21
[a1_weekly_p4_10d] epoch 038/060 val_loss=1149.95021973 best_val_loss=64.73592148 bad_epochs=3/8 epoch_time=00:00:04 eta=00:01:17
[a1_weekly_p4_10d] epoch 039/060 val_loss=570.75416260 best_val_loss=64.73592148 bad_epochs=4/8 epoch_time=00:00:03 eta=00:01:14
[a1_weekly_p4_10d] epoch 040/060 val_loss=103.01547394 best_val_loss=64.73592148 bad_epochs=5/8 epoch_time=00:00:04 eta=00:01:10
[a1_weekly_p4_10d] epoch 041/060 val_loss=60.54179039 best_val_loss=60.54179039 bad_epochs=0/8 epoch_time=00:00:03 eta=00:01:07
[a1_weekly_p4_10d] epoch 042/060 val_loss=373.43909302 best_val_loss=60.54179039 bad_epochs=1/8 epoch_time=00:00:03 eta=00:01:03
[a1_weekly_p4_10d] epoch 043/060 val_loss=495.91560059 best_val_loss=60.54179039 bad_epochs=2/8 epoch_time=00:00:04 eta=00:01:00
[a1_weekly_p4_10d] epoch 044/060 val_loss=1141.74937744 best_val_loss=60.54179039 bad_epochs=3/8 epoch_time=00:00:04 eta=00:00:56
[a1_weekly_p4_10d] epoch 045/060 val_loss=567.68804932 best_val_loss=60.54179039 bad_epochs=4/8 epoch_time=00:00:04 eta=00:00:53
[a1_weekly_p4_10d] epoch 046/060 val_loss=97.38942719 best_val_loss=60.54179039 bad_epochs=5/8 epoch_time=00:00:04 eta=00:00:49
[a1_weekly_p4_10d] epoch 047/060 val_loss=56.23521385 best_val_loss=56.23521385 bad_epochs=0/8 epoch_time=00:00:03 eta=00:00:46
[a1_weekly_p4_10d] epoch 048/060 val_loss=364.40175781 best_val_loss=56.23521385 bad_epochs=1/8 epoch_time=00:00:04 eta=00:00:42
[a1_weekly_p4_10d] epoch 049/060 val_loss=490.59819336 best_val_loss=56.23521385 bad_epochs=2/8 epoch_time=00:00:04 eta=00:00:39
[a1_weekly_p4_10d] epoch 050/060 val_loss=1125.89420166 best_val_loss=56.23521385 bad_epochs=3/8 epoch_time=00:00:03 eta=00:00:35
[a1_weekly_p4_10d] epoch 051/060 val_loss=564.95626831 best_val_loss=56.23521385 bad_epochs=4/8 epoch_time=00:00:04 eta=00:00:32
[a1_weekly_p4_10d] epoch 052/060 val_loss=93.06815643 best_val_loss=56.23521385 bad_epochs=5/8 epoch_time=00:00:04 eta=00:00:28
[a1_weekly_p4_10d] epoch 053/060 val_loss=52.02205658 best_val_loss=52.02205658 bad_epochs=0/8 epoch_time=00:00:04 eta=00:00:25
[a1_weekly_p4_10d] epoch 054/060 val_loss=361.41647949 best_val_loss=52.02205658 bad_epochs=1/8 epoch_time=00:00:04 eta=00:00:21
[a1_weekly_p4_10d] epoch 055/060 val_loss=491.27605591 best_val_loss=52.02205658 bad_epochs=2/8 epoch_time=00:00:04 eta=00:00:18
[a1_weekly_p4_10d] epoch 056/060 val_loss=1120.97286377 best_val_loss=52.02205658 bad_epochs=3/8 epoch_time=00:00:04 eta=00:00:14
[a1_weekly_p4_10d] epoch 057/060 val_loss=563.26840820 best_val_loss=52.02205658 bad_epochs=4/8 epoch_time=00:00:04 eta=00:00:11
[a1_weekly_p4_10d] epoch 058/060 val_loss=88.78161163 best_val_loss=52.02205658 bad_epochs=5/8 epoch_time=00:00:04 eta=00:00:07
[a1_weekly_p4_10d] epoch 059/060 val_loss=47.83217316 best_val_loss=47.83217316 bad_epochs=0/8 epoch_time=00:00:03 eta=00:00:04
[a1_weekly_p4_10d] epoch 060/060 val_loss=358.11048584 best_val_loss=47.83217316 bad_epochs=1/8 epoch_time=00:00:04 eta=00:00:00
[a1] done freq=weekly patch=4 horizon=10d test_mse=32.634556 test_corr=0.2308 test_rank_corr=0.2275 test_direction_acc=0.4836 (overall elapsed 01:59:01)
[a1] === run 35/57: freq=weekly patch=8 horizon=10d ===
[a1_weekly_p8_10d] epoch 001/060 val_loss=942961.73750000 best_val_loss=942961.73750000 bad_epochs=0/8 epoch_time=00:00:03 eta=00:03:12
[a1_weekly_p8_10d] epoch 002/060 val_loss=668372.71250000 best_val_loss=668372.71250000 bad_epochs=0/8 epoch_time=00:00:03 eta=00:03:09
[a1_weekly_p8_10d] epoch 003/060 val_loss=585841.95625000 best_val_loss=585841.95625000 bad_epochs=0/8 epoch_time=00:00:03 eta=00:03:05
[a1_weekly_p8_10d] epoch 004/060 val_loss=532612.36250000 best_val_loss=532612.36250000 bad_epochs=0/8 epoch_time=00:00:03 eta=00:03:02
[a1_weekly_p8_10d] epoch 005/060 val_loss=420780.91250000 best_val_loss=420780.91250000 bad_epochs=0/8 epoch_time=00:00:03 eta=00:02:58
[a1_weekly_p8_10d] epoch 006/060 val_loss=407828.13750000 best_val_loss=407828.13750000 bad_epochs=0/8 epoch_time=00:00:03 eta=00:02:55
[a1_weekly_p8_10d] epoch 007/060 val_loss=319674.12187500 best_val_loss=319674.12187500 bad_epochs=0/8 epoch_time=00:00:03 eta=00:02:52
[a1_weekly_p8_10d] epoch 008/060 val_loss=257333.34375000 best_val_loss=257333.34375000 bad_epochs=0/8 epoch_time=00:00:03 eta=00:02:48
[a1_weekly_p8_10d] epoch 009/060 val_loss=176309.25781250 best_val_loss=176309.25781250 bad_epochs=0/8 epoch_time=00:00:03 eta=00:02:45
[a1_weekly_p8_10d] epoch 010/060 val_loss=120091.06875000 best_val_loss=120091.06875000 bad_epochs=0/8 epoch_time=00:00:03 eta=00:02:42
[a1_weekly_p8_10d] epoch 011/060 val_loss=50686.40937500 best_val_loss=50686.40937500 bad_epochs=0/8 epoch_time=00:00:03 eta=00:02:38
[a1_weekly_p8_10d] epoch 012/060 val_loss=10190.61777344 best_val_loss=10190.61777344 bad_epochs=0/8 epoch_time=00:00:03 eta=00:02:35
[a1_weekly_p8_10d] epoch 013/060 val_loss=1046.63834229 best_val_loss=1046.63834229 bad_epochs=0/8 epoch_time=00:00:03 eta=00:02:32
[a1_weekly_p8_10d] epoch 014/060 val_loss=613.58168945 best_val_loss=613.58168945 bad_epochs=0/8 epoch_time=00:00:03 eta=00:02:29
[a1_weekly_p8_10d] epoch 015/060 val_loss=103.95612030 best_val_loss=103.95612030 bad_epochs=0/8 epoch_time=00:00:03 eta=00:02:26
[a1_weekly_p8_10d] epoch 016/060 val_loss=430.74383545 best_val_loss=103.95612030 bad_epochs=1/8 epoch_time=00:00:03 eta=00:02:22
[a1_weekly_p8_10d] epoch 017/060 val_loss=351.42235718 best_val_loss=103.95612030 bad_epochs=2/8 epoch_time=00:00:03 eta=00:02:19
[a1_weekly_p8_10d] epoch 018/060 val_loss=98.33030243 best_val_loss=98.33030243 bad_epochs=0/8 epoch_time=00:00:03 eta=00:02:16
[a1_weekly_p8_10d] epoch 019/060 val_loss=22.05404320 best_val_loss=22.05404320 bad_epochs=0/8 epoch_time=00:00:03 eta=00:02:13
[a1_weekly_p8_10d] epoch 020/060 val_loss=414.12462158 best_val_loss=22.05404320 bad_epochs=1/8 epoch_time=00:00:03 eta=00:02:09
[a1_weekly_p8_10d] epoch 021/060 val_loss=377.51981201 best_val_loss=22.05404320 bad_epochs=2/8 epoch_time=00:00:03 eta=00:02:06
[a1_weekly_p8_10d] epoch 022/060 val_loss=370.04262695 best_val_loss=22.05404320 bad_epochs=3/8 epoch_time=00:00:03 eta=00:02:03
[a1_weekly_p8_10d] epoch 023/060 val_loss=73.38674240 best_val_loss=22.05404320 bad_epochs=4/8 epoch_time=00:00:03 eta=00:02:00
[a1_weekly_p8_10d] epoch 024/060 val_loss=21.16008492 best_val_loss=21.16008492 bad_epochs=0/8 epoch_time=00:00:03 eta=00:01:57
[a1_weekly_p8_10d] epoch 025/060 val_loss=136.82967377 best_val_loss=21.16008492 bad_epochs=1/8 epoch_time=00:00:03 eta=00:01:53
[a1_weekly_p8_10d] epoch 026/060 val_loss=347.04238281 best_val_loss=21.16008492 bad_epochs=2/8 epoch_time=00:00:03 eta=00:01:50
[a1_weekly_p8_10d] epoch 027/060 val_loss=315.95341187 best_val_loss=21.16008492 bad_epochs=3/8 epoch_time=00:00:03 eta=00:01:47
[a1_weekly_p8_10d] epoch 028/060 val_loss=409.16429443 best_val_loss=21.16008492 bad_epochs=4/8 epoch_time=00:00:03 eta=00:01:44
[a1_weekly_p8_10d] epoch 029/060 val_loss=6.60669556 best_val_loss=6.60669556 bad_epochs=0/8 epoch_time=00:00:03 eta=00:01:40
[a1_weekly_p8_10d] epoch 030/060 val_loss=101.81585083 best_val_loss=6.60669556 bad_epochs=1/8 epoch_time=00:00:03 eta=00:01:37
[a1_weekly_p8_10d] epoch 031/060 val_loss=376.41958008 best_val_loss=6.60669556 bad_epochs=2/8 epoch_time=00:00:03 eta=00:01:34
[a1_weekly_p8_10d] epoch 032/060 val_loss=355.01851807 best_val_loss=6.60669556 bad_epochs=3/8 epoch_time=00:00:03 eta=00:01:31
[a1_weekly_p8_10d] epoch 033/060 val_loss=344.08889160 best_val_loss=6.60669556 bad_epochs=4/8 epoch_time=00:00:03 eta=00:01:27
[a1_weekly_p8_10d] epoch 034/060 val_loss=72.35053024 best_val_loss=6.60669556 bad_epochs=5/8 epoch_time=00:00:03 eta=00:01:24
[a1_weekly_p8_10d] epoch 035/060 val_loss=16.65216389 best_val_loss=6.60669556 bad_epochs=6/8 epoch_time=00:00:03 eta=00:01:21
[a1_weekly_p8_10d] epoch 036/060 val_loss=126.93440704 best_val_loss=6.60669556 bad_epochs=7/8 epoch_time=00:00:03 eta=00:01:18
[a1_weekly_p8_10d] epoch 037/060 val_loss=333.39610291 best_val_loss=6.60669556 bad_epochs=8/8 epoch_time=00:00:03 eta=00:01:14
[a1_weekly_p8_10d] early stopping at epoch 37
[a1] done freq=weekly patch=8 horizon=10d test_mse=0.714841 test_corr=-0.1423 test_rank_corr=-0.1486 test_direction_acc=0.5182 (overall elapsed 02:01:02)
[a1] === run 36/57: freq=weekly patch=12 horizon=10d ===
[a1_weekly_p12_10d] epoch 001/060 val_loss=914325.12500000 best_val_loss=914325.12500000 bad_epochs=0/8 epoch_time=00:00:03 eta=00:03:03
[a1_weekly_p12_10d] epoch 002/060 val_loss=716875.81250000 best_val_loss=716875.81250000 bad_epochs=0/8 epoch_time=00:00:03 eta=00:03:00
[a1_weekly_p12_10d] epoch 003/060 val_loss=479043.19375000 best_val_loss=479043.19375000 bad_epochs=0/8 epoch_time=00:00:03 eta=00:02:57
[a1_weekly_p12_10d] epoch 004/060 val_loss=377508.22500000 best_val_loss=377508.22500000 bad_epochs=0/8 epoch_time=00:00:03 eta=00:02:53
[a1_weekly_p12_10d] epoch 005/060 val_loss=297230.29375000 best_val_loss=297230.29375000 bad_epochs=0/8 epoch_time=00:00:03 eta=00:02:50
[a1_weekly_p12_10d] epoch 006/060 val_loss=280250.15000000 best_val_loss=280250.15000000 bad_epochs=0/8 epoch_time=00:00:03 eta=00:02:47
[a1_weekly_p12_10d] epoch 007/060 val_loss=188204.97343750 best_val_loss=188204.97343750 bad_epochs=0/8 epoch_time=00:00:03 eta=00:02:44
[a1_weekly_p12_10d] epoch 008/060 val_loss=132656.21093750 best_val_loss=132656.21093750 bad_epochs=0/8 epoch_time=00:00:03 eta=00:02:41
[a1_weekly_p12_10d] epoch 009/060 val_loss=69528.60078125 best_val_loss=69528.60078125 bad_epochs=0/8 epoch_time=00:00:03 eta=00:02:38
[a1_weekly_p12_10d] epoch 010/060 val_loss=5306.66367187 best_val_loss=5306.66367187 bad_epochs=0/8 epoch_time=00:00:03 eta=00:02:35
[a1_weekly_p12_10d] epoch 011/060 val_loss=4518.81025391 best_val_loss=4518.81025391 bad_epochs=0/8 epoch_time=00:00:03 eta=00:02:32
[a1_weekly_p12_10d] epoch 012/060 val_loss=526.92373047 best_val_loss=526.92373047 bad_epochs=0/8 epoch_time=00:00:03 eta=00:02:29
[a1_weekly_p12_10d] epoch 013/060 val_loss=83.50893402 best_val_loss=83.50893402 bad_epochs=0/8 epoch_time=00:00:03 eta=00:02:26
[a1_weekly_p12_10d] epoch 014/060 val_loss=440.62561646 best_val_loss=83.50893402 bad_epochs=1/8 epoch_time=00:00:03 eta=00:02:22
[a1_weekly_p12_10d] epoch 015/060 val_loss=641.41213989 best_val_loss=83.50893402 bad_epochs=2/8 epoch_time=00:00:03 eta=00:02:19
[a1_weekly_p12_10d] epoch 016/060 val_loss=58.51191559 best_val_loss=58.51191559 bad_epochs=0/8 epoch_time=00:00:03 eta=00:02:16
[a1_weekly_p12_10d] epoch 017/060 val_loss=418.71697388 best_val_loss=58.51191559 bad_epochs=1/8 epoch_time=00:00:03 eta=00:02:13
[a1_weekly_p12_10d] epoch 018/060 val_loss=616.71398315 best_val_loss=58.51191559 bad_epochs=2/8 epoch_time=00:00:03 eta=00:02:10
[a1_weekly_p12_10d] epoch 019/060 val_loss=55.79430084 best_val_loss=55.79430084 bad_epochs=0/8 epoch_time=00:00:03 eta=00:02:07
[a1_weekly_p12_10d] epoch 020/060 val_loss=405.66675415 best_val_loss=55.79430084 bad_epochs=1/8 epoch_time=00:00:03 eta=00:02:04
[a1_weekly_p12_10d] epoch 021/060 val_loss=597.56670532 best_val_loss=55.79430084 bad_epochs=2/8 epoch_time=00:00:03 eta=00:02:01
[a1_weekly_p12_10d] epoch 022/060 val_loss=53.88957138 best_val_loss=53.88957138 bad_epochs=0/8 epoch_time=00:00:03 eta=00:01:58
[a1_weekly_p12_10d] epoch 023/060 val_loss=393.95819702 best_val_loss=53.88957138 bad_epochs=1/8 epoch_time=00:00:03 eta=00:01:54
[a1_weekly_p12_10d] epoch 024/060 val_loss=581.88581543 best_val_loss=53.88957138 bad_epochs=2/8 epoch_time=00:00:03 eta=00:01:51
[a1_weekly_p12_10d] epoch 025/060 val_loss=52.63550873 best_val_loss=52.63550873 bad_epochs=0/8 epoch_time=00:00:03 eta=00:01:48
[a1_weekly_p12_10d] epoch 026/060 val_loss=387.76990967 best_val_loss=52.63550873 bad_epochs=1/8 epoch_time=00:00:03 eta=00:01:45
[a1_weekly_p12_10d] epoch 027/060 val_loss=574.13903198 best_val_loss=52.63550873 bad_epochs=2/8 epoch_time=00:00:03 eta=00:01:42
[a1_weekly_p12_10d] epoch 028/060 val_loss=51.38140640 best_val_loss=51.38140640 bad_epochs=0/8 epoch_time=00:00:03 eta=00:01:39
[a1_weekly_p12_10d] epoch 029/060 val_loss=383.48233643 best_val_loss=51.38140640 bad_epochs=1/8 epoch_time=00:00:03 eta=00:01:36
[a1_weekly_p12_10d] epoch 030/060 val_loss=571.65714111 best_val_loss=51.38140640 bad_epochs=2/8 epoch_time=00:00:03 eta=00:01:33
[a1_weekly_p12_10d] epoch 031/060 val_loss=51.56277466 best_val_loss=51.38140640 bad_epochs=3/8 epoch_time=00:00:03 eta=00:01:30
[a1_weekly_p12_10d] epoch 032/060 val_loss=378.70596924 best_val_loss=51.38140640 bad_epochs=4/8 epoch_time=00:00:03 eta=00:01:27
[a1_weekly_p12_10d] epoch 033/060 val_loss=558.72569580 best_val_loss=51.38140640 bad_epochs=5/8 epoch_time=00:00:03 eta=00:01:23
[a1_weekly_p12_10d] epoch 034/060 val_loss=50.68340988 best_val_loss=50.68340988 bad_epochs=0/8 epoch_time=00:00:03 eta=00:01:20
[a1_weekly_p12_10d] epoch 035/060 val_loss=372.66583252 best_val_loss=50.68340988 bad_epochs=1/8 epoch_time=00:00:03 eta=00:01:17
[a1_weekly_p12_10d] epoch 036/060 val_loss=552.99965210 best_val_loss=50.68340988 bad_epochs=2/8 epoch_time=00:00:03 eta=00:01:14
[a1_weekly_p12_10d] epoch 037/060 val_loss=50.37207489 best_val_loss=50.37207489 bad_epochs=0/8 epoch_time=00:00:03 eta=00:01:11
[a1_weekly_p12_10d] epoch 038/060 val_loss=368.19822388 best_val_loss=50.37207489 bad_epochs=1/8 epoch_time=00:00:03 eta=00:01:08
[a1_weekly_p12_10d] epoch 039/060 val_loss=549.69918213 best_val_loss=50.37207489 bad_epochs=2/8 epoch_time=00:00:03 eta=00:01:05
[a1_weekly_p12_10d] epoch 040/060 val_loss=50.45488052 best_val_loss=50.37207489 bad_epochs=3/8 epoch_time=00:00:03 eta=00:01:02
[a1_weekly_p12_10d] epoch 041/060 val_loss=366.97752075 best_val_loss=50.37207489 bad_epochs=4/8 epoch_time=00:00:03 eta=00:00:59
[a1_weekly_p12_10d] epoch 042/060 val_loss=548.59088135 best_val_loss=50.37207489 bad_epochs=5/8 epoch_time=00:00:03 eta=00:00:56
[a1_weekly_p12_10d] epoch 043/060 val_loss=51.10513916 best_val_loss=50.37207489 bad_epochs=6/8 epoch_time=00:00:03 eta=00:00:53
[a1_weekly_p12_10d] epoch 044/060 val_loss=365.92359619 best_val_loss=50.37207489 bad_epochs=7/8 epoch_time=00:00:03 eta=00:00:49
[a1_weekly_p12_10d] epoch 045/060 val_loss=544.18496094 best_val_loss=50.37207489 bad_epochs=8/8 epoch_time=00:00:03 eta=00:00:46
[a1_weekly_p12_10d] early stopping at epoch 45
[a1] done freq=weekly patch=12 horizon=10d test_mse=34.997547 test_corr=0.0812 test_rank_corr=0.0510 test_direction_acc=0.5620 (overall elapsed 02:03:23)
[a1] === run 37/57: freq=weekly patch=13 horizon=10d ===
[a1_weekly_p13_10d] epoch 001/060 val_loss=406574.31250000 best_val_loss=406574.31250000 bad_epochs=0/8 epoch_time=00:00:03 eta=00:03:13
[a1_weekly_p13_10d] epoch 002/060 val_loss=211818.94687500 best_val_loss=211818.94687500 bad_epochs=0/8 epoch_time=00:00:03 eta=00:03:10
[a1_weekly_p13_10d] epoch 003/060 val_loss=145215.89218750 best_val_loss=145215.89218750 bad_epochs=0/8 epoch_time=00:00:03 eta=00:03:06
[a1_weekly_p13_10d] epoch 004/060 val_loss=79267.96796875 best_val_loss=79267.96796875 bad_epochs=0/8 epoch_time=00:00:03 eta=00:03:03
[a1_weekly_p13_10d] epoch 005/060 val_loss=14664.05507813 best_val_loss=14664.05507813 bad_epochs=0/8 epoch_time=00:00:03 eta=00:03:00
[a1_weekly_p13_10d] epoch 006/060 val_loss=1298.37934570 best_val_loss=1298.37934570 bad_epochs=0/8 epoch_time=00:00:03 eta=00:02:57
[a1_weekly_p13_10d] epoch 007/060 val_loss=2078.89016113 best_val_loss=1298.37934570 bad_epochs=1/8 epoch_time=00:00:03 eta=00:02:53
[a1_weekly_p13_10d] epoch 008/060 val_loss=287.40033569 best_val_loss=287.40033569 bad_epochs=0/8 epoch_time=00:00:03 eta=00:02:50
[a1_weekly_p13_10d] epoch 009/060 val_loss=174.82784729 best_val_loss=174.82784729 bad_epochs=0/8 epoch_time=00:00:03 eta=00:02:46
[a1_weekly_p13_10d] epoch 010/060 val_loss=176.99708252 best_val_loss=174.82784729 bad_epochs=1/8 epoch_time=00:00:03 eta=00:02:42
[a1_weekly_p13_10d] epoch 011/060 val_loss=175.87665710 best_val_loss=174.82784729 bad_epochs=2/8 epoch_time=00:00:03 eta=00:02:39
[a1_weekly_p13_10d] epoch 012/060 val_loss=174.35747681 best_val_loss=174.35747681 bad_epochs=0/8 epoch_time=00:00:03 eta=00:02:36
[a1_weekly_p13_10d] epoch 013/060 val_loss=172.62941284 best_val_loss=172.62941284 bad_epochs=0/8 epoch_time=00:00:03 eta=00:02:32
[a1_weekly_p13_10d] epoch 014/060 val_loss=171.47694092 best_val_loss=171.47694092 bad_epochs=0/8 epoch_time=00:00:03 eta=00:02:29
[a1_weekly_p13_10d] epoch 015/060 val_loss=170.34338379 best_val_loss=170.34338379 bad_epochs=0/8 epoch_time=00:00:03 eta=00:02:26
[a1_weekly_p13_10d] epoch 016/060 val_loss=169.13047333 best_val_loss=169.13047333 bad_epochs=0/8 epoch_time=00:00:03 eta=00:02:23
[a1_weekly_p13_10d] epoch 017/060 val_loss=168.63149414 best_val_loss=168.63149414 bad_epochs=0/8 epoch_time=00:00:03 eta=00:02:20
[a1_weekly_p13_10d] epoch 018/060 val_loss=168.60889282 best_val_loss=168.60889282 bad_epochs=0/8 epoch_time=00:00:03 eta=00:02:16
[a1_weekly_p13_10d] epoch 019/060 val_loss=168.65692139 best_val_loss=168.60889282 bad_epochs=1/8 epoch_time=00:00:03 eta=00:02:13
[a1_weekly_p13_10d] epoch 020/060 val_loss=168.27049408 best_val_loss=168.27049408 bad_epochs=0/8 epoch_time=00:00:03 eta=00:02:10
[a1_weekly_p13_10d] epoch 021/060 val_loss=167.44554138 best_val_loss=167.44554138 bad_epochs=0/8 epoch_time=00:00:03 eta=00:02:07
[a1_weekly_p13_10d] epoch 022/060 val_loss=166.64427643 best_val_loss=166.64427643 bad_epochs=0/8 epoch_time=00:00:03 eta=00:02:03
[a1_weekly_p13_10d] epoch 023/060 val_loss=166.30051270 best_val_loss=166.30051270 bad_epochs=0/8 epoch_time=00:00:03 eta=00:02:00
[a1_weekly_p13_10d] epoch 024/060 val_loss=165.74473114 best_val_loss=165.74473114 bad_epochs=0/8 epoch_time=00:00:03 eta=00:01:57
[a1_weekly_p13_10d] epoch 025/060 val_loss=165.90399780 best_val_loss=165.74473114 bad_epochs=1/8 epoch_time=00:00:03 eta=00:01:54
[a1_weekly_p13_10d] epoch 026/060 val_loss=166.57303619 best_val_loss=165.74473114 bad_epochs=2/8 epoch_time=00:00:03 eta=00:01:50
[a1_weekly_p13_10d] epoch 027/060 val_loss=167.10994873 best_val_loss=165.74473114 bad_epochs=3/8 epoch_time=00:00:03 eta=00:01:47
[a1_weekly_p13_10d] epoch 028/060 val_loss=167.92725372 best_val_loss=165.74473114 bad_epochs=4/8 epoch_time=00:00:03 eta=00:01:44
[a1_weekly_p13_10d] epoch 029/060 val_loss=166.92042236 best_val_loss=165.74473114 bad_epochs=5/8 epoch_time=00:00:03 eta=00:01:41
[a1_weekly_p13_10d] epoch 030/060 val_loss=165.74445801 best_val_loss=165.74445801 bad_epochs=0/8 epoch_time=00:00:03 eta=00:01:38
[a1_weekly_p13_10d] epoch 031/060 val_loss=164.24335785 best_val_loss=164.24335785 bad_epochs=0/8 epoch_time=00:00:03 eta=00:01:34
[a1_weekly_p13_10d] epoch 032/060 val_loss=163.96069031 best_val_loss=163.96069031 bad_epochs=0/8 epoch_time=00:00:03 eta=00:01:31
[a1_weekly_p13_10d] epoch 033/060 val_loss=164.26080627 best_val_loss=163.96069031 bad_epochs=1/8 epoch_time=00:00:03 eta=00:01:28
[a1_weekly_p13_10d] epoch 034/060 val_loss=163.41852417 best_val_loss=163.41852417 bad_epochs=0/8 epoch_time=00:00:03 eta=00:01:25
[a1_weekly_p13_10d] epoch 035/060 val_loss=163.47643738 best_val_loss=163.41852417 bad_epochs=1/8 epoch_time=00:00:03 eta=00:01:21
[a1_weekly_p13_10d] epoch 036/060 val_loss=163.05982361 best_val_loss=163.05982361 bad_epochs=0/8 epoch_time=00:00:03 eta=00:01:18
[a1_weekly_p13_10d] epoch 037/060 val_loss=161.71833191 best_val_loss=161.71833191 bad_epochs=0/8 epoch_time=00:00:03 eta=00:01:15
[a1_weekly_p13_10d] epoch 038/060 val_loss=161.37787323 best_val_loss=161.37787323 bad_epochs=0/8 epoch_time=00:00:03 eta=00:01:12
[a1_weekly_p13_10d] epoch 039/060 val_loss=159.87034302 best_val_loss=159.87034302 bad_epochs=0/8 epoch_time=00:00:03 eta=00:01:08
[a1_weekly_p13_10d] epoch 040/060 val_loss=160.65434418 best_val_loss=159.87034302 bad_epochs=1/8 epoch_time=00:00:03 eta=00:01:05
[a1_weekly_p13_10d] epoch 041/060 val_loss=162.14309387 best_val_loss=159.87034302 bad_epochs=2/8 epoch_time=00:00:03 eta=00:01:02
[a1_weekly_p13_10d] epoch 042/060 val_loss=162.53218079 best_val_loss=159.87034302 bad_epochs=3/8 epoch_time=00:00:03 eta=00:00:59
[a1_weekly_p13_10d] epoch 043/060 val_loss=163.32435150 best_val_loss=159.87034302 bad_epochs=4/8 epoch_time=00:00:03 eta=00:00:55
[a1_weekly_p13_10d] epoch 044/060 val_loss=163.45892487 best_val_loss=159.87034302 bad_epochs=5/8 epoch_time=00:00:03 eta=00:00:52
[a1_weekly_p13_10d] epoch 045/060 val_loss=162.93835297 best_val_loss=159.87034302 bad_epochs=6/8 epoch_time=00:00:03 eta=00:00:49
[a1_weekly_p13_10d] epoch 046/060 val_loss=162.46039429 best_val_loss=159.87034302 bad_epochs=7/8 epoch_time=00:00:03 eta=00:00:46
[a1_weekly_p13_10d] epoch 047/060 val_loss=161.92407074 best_val_loss=159.87034302 bad_epochs=8/8 epoch_time=00:00:03 eta=00:00:42
[a1_weekly_p13_10d] early stopping at epoch 47
[a1] done freq=weekly patch=13 horizon=10d test_mse=239.473602 test_corr=-0.0275 test_rank_corr=0.0021 test_direction_acc=0.4599 (overall elapsed 02:05:58)
[a1] === run 38/57: freq=weekly patch=14 horizon=10d ===
[a1_weekly_p14_10d] epoch 001/060 val_loss=255135.71875000 best_val_loss=255135.71875000 bad_epochs=0/8 epoch_time=00:00:02 eta=00:02:03
[a1_weekly_p14_10d] epoch 002/060 val_loss=156373.01406250 best_val_loss=156373.01406250 bad_epochs=0/8 epoch_time=00:00:02 eta=00:02:00
[a1_weekly_p14_10d] epoch 003/060 val_loss=91043.74843750 best_val_loss=91043.74843750 bad_epochs=0/8 epoch_time=00:00:02 eta=00:01:58
[a1_weekly_p14_10d] epoch 004/060 val_loss=37499.60742188 best_val_loss=37499.60742188 bad_epochs=0/8 epoch_time=00:00:02 eta=00:01:56
[a1_weekly_p14_10d] epoch 005/060 val_loss=9081.83037109 best_val_loss=9081.83037109 bad_epochs=0/8 epoch_time=00:00:02 eta=00:01:54
[a1_weekly_p14_10d] epoch 006/060 val_loss=1119.77246094 best_val_loss=1119.77246094 bad_epochs=0/8 epoch_time=00:00:02 eta=00:01:52
[a1_weekly_p14_10d] epoch 007/060 val_loss=342.39985352 best_val_loss=342.39985352 bad_epochs=0/8 epoch_time=00:00:02 eta=00:01:50
[a1_weekly_p14_10d] epoch 008/060 val_loss=338.29183960 best_val_loss=338.29183960 bad_epochs=0/8 epoch_time=00:00:02 eta=00:01:48
[a1_weekly_p14_10d] epoch 009/060 val_loss=273.96093445 best_val_loss=273.96093445 bad_epochs=0/8 epoch_time=00:00:02 eta=00:01:45
[a1_weekly_p14_10d] epoch 010/060 val_loss=252.23086548 best_val_loss=252.23086548 bad_epochs=0/8 epoch_time=00:00:02 eta=00:01:43
[a1_weekly_p14_10d] epoch 011/060 val_loss=345.48180542 best_val_loss=252.23086548 bad_epochs=1/8 epoch_time=00:00:02 eta=00:01:41
[a1_weekly_p14_10d] epoch 012/060 val_loss=271.17525330 best_val_loss=252.23086548 bad_epochs=2/8 epoch_time=00:00:02 eta=00:01:39
[a1_weekly_p14_10d] epoch 013/060 val_loss=250.91619263 best_val_loss=250.91619263 bad_epochs=0/8 epoch_time=00:00:02 eta=00:01:37
[a1_weekly_p14_10d] epoch 014/060 val_loss=344.27786255 best_val_loss=250.91619263 bad_epochs=1/8 epoch_time=00:00:02 eta=00:01:35
[a1_weekly_p14_10d] epoch 015/060 val_loss=269.47561646 best_val_loss=250.91619263 bad_epochs=2/8 epoch_time=00:00:02 eta=00:01:32
[a1_weekly_p14_10d] epoch 016/060 val_loss=250.21567383 best_val_loss=250.21567383 bad_epochs=0/8 epoch_time=00:00:02 eta=00:01:30
[a1_weekly_p14_10d] epoch 017/060 val_loss=345.07575073 best_val_loss=250.21567383 bad_epochs=1/8 epoch_time=00:00:02 eta=00:01:28
[a1_weekly_p14_10d] epoch 018/060 val_loss=270.39747620 best_val_loss=250.21567383 bad_epochs=2/8 epoch_time=00:00:02 eta=00:01:26
[a1_weekly_p14_10d] epoch 019/060 val_loss=249.68656616 best_val_loss=249.68656616 bad_epochs=0/8 epoch_time=00:00:02 eta=00:01:24
[a1_weekly_p14_10d] epoch 020/060 val_loss=345.55760498 best_val_loss=249.68656616 bad_epochs=1/8 epoch_time=00:00:02 eta=00:01:22
[a1_weekly_p14_10d] epoch 021/060 val_loss=268.42208557 best_val_loss=249.68656616 bad_epochs=2/8 epoch_time=00:00:02 eta=00:01:20
[a1_weekly_p14_10d] epoch 022/060 val_loss=248.66733093 best_val_loss=248.66733093 bad_epochs=0/8 epoch_time=00:00:02 eta=00:01:18
[a1_weekly_p14_10d] epoch 023/060 val_loss=345.26536865 best_val_loss=248.66733093 bad_epochs=1/8 epoch_time=00:00:02 eta=00:01:16
[a1_weekly_p14_10d] epoch 024/060 val_loss=267.98311157 best_val_loss=248.66733093 bad_epochs=2/8 epoch_time=00:00:02 eta=00:01:14
[a1_weekly_p14_10d] epoch 025/060 val_loss=248.59745483 best_val_loss=248.59745483 bad_epochs=0/8 epoch_time=00:00:02 eta=00:01:12
[a1_weekly_p14_10d] epoch 026/060 val_loss=345.72398682 best_val_loss=248.59745483 bad_epochs=1/8 epoch_time=00:00:02 eta=00:01:10
[a1_weekly_p14_10d] epoch 027/060 val_loss=267.63609619 best_val_loss=248.59745483 bad_epochs=2/8 epoch_time=00:00:02 eta=00:01:08
[a1_weekly_p14_10d] epoch 028/060 val_loss=247.01629028 best_val_loss=247.01629028 bad_epochs=0/8 epoch_time=00:00:02 eta=00:01:05
[a1_weekly_p14_10d] epoch 029/060 val_loss=343.88936157 best_val_loss=247.01629028 bad_epochs=1/8 epoch_time=00:00:02 eta=00:01:03
[a1_weekly_p14_10d] epoch 030/060 val_loss=266.43045654 best_val_loss=247.01629028 bad_epochs=2/8 epoch_time=00:00:02 eta=00:01:01
[a1_weekly_p14_10d] epoch 031/060 val_loss=246.89780273 best_val_loss=246.89780273 bad_epochs=0/8 epoch_time=00:00:02 eta=00:00:59
[a1_weekly_p14_10d] epoch 032/060 val_loss=346.69208374 best_val_loss=246.89780273 bad_epochs=1/8 epoch_time=00:00:02 eta=00:00:57
[a1_weekly_p14_10d] epoch 033/060 val_loss=269.21784363 best_val_loss=246.89780273 bad_epochs=2/8 epoch_time=00:00:02 eta=00:00:55
[a1_weekly_p14_10d] epoch 034/060 val_loss=248.23760986 best_val_loss=246.89780273 bad_epochs=3/8 epoch_time=00:00:02 eta=00:00:53
[a1_weekly_p14_10d] epoch 035/060 val_loss=346.18741455 best_val_loss=246.89780273 bad_epochs=4/8 epoch_time=00:00:02 eta=00:00:51
[a1_weekly_p14_10d] epoch 036/060 val_loss=267.46702881 best_val_loss=246.89780273 bad_epochs=5/8 epoch_time=00:00:02 eta=00:00:49
[a1_weekly_p14_10d] epoch 037/060 val_loss=246.88371582 best_val_loss=246.88371582 bad_epochs=0/8 epoch_time=00:00:02 eta=00:00:47
[a1_weekly_p14_10d] epoch 038/060 val_loss=345.26172485 best_val_loss=246.88371582 bad_epochs=1/8 epoch_time=00:00:02 eta=00:00:45
[a1_weekly_p14_10d] epoch 039/060 val_loss=266.67947388 best_val_loss=246.88371582 bad_epochs=2/8 epoch_time=00:00:02 eta=00:00:43
[a1_weekly_p14_10d] epoch 040/060 val_loss=244.82952271 best_val_loss=244.82952271 bad_epochs=0/8 epoch_time=00:00:02 eta=00:00:41
[a1_weekly_p14_10d] epoch 041/060 val_loss=344.39807739 best_val_loss=244.82952271 bad_epochs=1/8 epoch_time=00:00:02 eta=00:00:39
[a1_weekly_p14_10d] epoch 042/060 val_loss=235.33843079 best_val_loss=235.33843079 bad_epochs=0/8 epoch_time=00:00:02 eta=00:00:37
[a1_weekly_p14_10d] epoch 043/060 val_loss=229.78203430 best_val_loss=229.78203430 bad_epochs=0/8 epoch_time=00:00:02 eta=00:00:35
[a1_weekly_p14_10d] epoch 044/060 val_loss=228.90153198 best_val_loss=228.90153198 bad_epochs=0/8 epoch_time=00:00:02 eta=00:00:33
[a1_weekly_p14_10d] epoch 045/060 val_loss=228.57710876 best_val_loss=228.57710876 bad_epochs=0/8 epoch_time=00:00:02 eta=00:00:31
[a1_weekly_p14_10d] epoch 046/060 val_loss=228.51756897 best_val_loss=228.51756897 bad_epochs=0/8 epoch_time=00:00:02 eta=00:00:29
[a1_weekly_p14_10d] epoch 047/060 val_loss=227.85842285 best_val_loss=227.85842285 bad_epochs=0/8 epoch_time=00:00:02 eta=00:00:27
[a1_weekly_p14_10d] epoch 048/060 val_loss=227.75227356 best_val_loss=227.75227356 bad_epochs=0/8 epoch_time=00:00:02 eta=00:00:24
[a1_weekly_p14_10d] epoch 049/060 val_loss=227.71569214 best_val_loss=227.71569214 bad_epochs=0/8 epoch_time=00:00:02 eta=00:00:22
[a1_weekly_p14_10d] epoch 050/060 val_loss=227.52109680 best_val_loss=227.52109680 bad_epochs=0/8 epoch_time=00:00:02 eta=00:00:20
[a1_weekly_p14_10d] epoch 051/060 val_loss=227.39666443 best_val_loss=227.39666443 bad_epochs=0/8 epoch_time=00:00:02 eta=00:00:18
[a1_weekly_p14_10d] epoch 052/060 val_loss=227.32461853 best_val_loss=227.32461853 bad_epochs=0/8 epoch_time=00:00:02 eta=00:00:16
[a1_weekly_p14_10d] epoch 053/060 val_loss=227.48998718 best_val_loss=227.32461853 bad_epochs=1/8 epoch_time=00:00:02 eta=00:00:14
[a1_weekly_p14_10d] epoch 054/060 val_loss=227.46175232 best_val_loss=227.32461853 bad_epochs=2/8 epoch_time=00:00:02 eta=00:00:12
[a1_weekly_p14_10d] epoch 055/060 val_loss=228.39142456 best_val_loss=227.32461853 bad_epochs=3/8 epoch_time=00:00:02 eta=00:00:10
[a1_weekly_p14_10d] epoch 056/060 val_loss=228.99151001 best_val_loss=227.32461853 bad_epochs=4/8 epoch_time=00:00:02 eta=00:00:08
[a1_weekly_p14_10d] epoch 057/060 val_loss=228.86646118 best_val_loss=227.32461853 bad_epochs=5/8 epoch_time=00:00:02 eta=00:00:06
[a1_weekly_p14_10d] epoch 058/060 val_loss=228.69581604 best_val_loss=227.32461853 bad_epochs=6/8 epoch_time=00:00:02 eta=00:00:04
[a1_weekly_p14_10d] epoch 059/060 val_loss=228.79027710 best_val_loss=227.32461853 bad_epochs=7/8 epoch_time=00:00:02 eta=00:00:02
[a1_weekly_p14_10d] epoch 060/060 val_loss=227.81470947 best_val_loss=227.32461853 bad_epochs=8/8 epoch_time=00:00:02 eta=00:00:00
[a1_weekly_p14_10d] early stopping at epoch 60
[a1] done freq=weekly patch=14 horizon=10d test_mse=500.494019 test_corr=-0.0405 test_rank_corr=-0.0351 test_direction_acc=0.4288 (overall elapsed 02:08:01)
[a1] === run 39/57: freq=hourly patch=2 horizon=20d ===
[a1_hourly_p2_20d] epoch 001/060 val_loss=23581.98925781 best_val_loss=23581.98925781 bad_epochs=0/8 epoch_time=00:00:04 eta=00:04:10
[a1_hourly_p2_20d] epoch 002/060 val_loss=15239.85332031 best_val_loss=15239.85332031 bad_epochs=0/8 epoch_time=00:00:04 eta=00:04:09
[a1_hourly_p2_20d] epoch 003/060 val_loss=11693.16835938 best_val_loss=11693.16835938 bad_epochs=0/8 epoch_time=00:00:04 eta=00:04:03
[a1_hourly_p2_20d] epoch 004/060 val_loss=9445.86738281 best_val_loss=9445.86738281 bad_epochs=0/8 epoch_time=00:00:04 eta=00:04:01
[a1_hourly_p2_20d] epoch 005/060 val_loss=6252.26733398 best_val_loss=6252.26733398 bad_epochs=0/8 epoch_time=00:00:04 eta=00:03:56
[a1_hourly_p2_20d] epoch 006/060 val_loss=3843.10673828 best_val_loss=3843.10673828 bad_epochs=0/8 epoch_time=00:00:04 eta=00:03:52
[a1_hourly_p2_20d] epoch 007/060 val_loss=1681.90527344 best_val_loss=1681.90527344 bad_epochs=0/8 epoch_time=00:00:04 eta=00:03:48
[a1_hourly_p2_20d] epoch 008/060 val_loss=256.26570129 best_val_loss=256.26570129 bad_epochs=0/8 epoch_time=00:00:05 eta=00:03:45
[a1_hourly_p2_20d] epoch 009/060 val_loss=38.10496559 best_val_loss=38.10496559 bad_epochs=0/8 epoch_time=00:00:04 eta=00:03:41
[a1_hourly_p2_20d] epoch 010/060 val_loss=7.15199628 best_val_loss=7.15199628 bad_epochs=0/8 epoch_time=00:00:04 eta=00:03:36
[a1_hourly_p2_20d] epoch 011/060 val_loss=9.34359741 best_val_loss=7.15199628 bad_epochs=1/8 epoch_time=00:00:04 eta=00:03:32
[a1_hourly_p2_20d] epoch 012/060 val_loss=0.69714340 best_val_loss=0.69714340 bad_epochs=0/8 epoch_time=00:00:04 eta=00:03:27
[a1_hourly_p2_20d] epoch 013/060 val_loss=8.02302947 best_val_loss=0.69714340 bad_epochs=1/8 epoch_time=00:00:04 eta=00:03:23
[a1_hourly_p2_20d] epoch 014/060 val_loss=3.05574756 best_val_loss=0.69714340 bad_epochs=2/8 epoch_time=00:00:04 eta=00:03:19
[a1_hourly_p2_20d] epoch 015/060 val_loss=4.55431123 best_val_loss=0.69714340 bad_epochs=3/8 epoch_time=00:00:04 eta=00:03:14
[a1_hourly_p2_20d] epoch 016/060 val_loss=5.54479747 best_val_loss=0.69714340 bad_epochs=4/8 epoch_time=00:00:04 eta=00:03:10
[a1_hourly_p2_20d] epoch 017/060 val_loss=2.44265646 best_val_loss=0.69714340 bad_epochs=5/8 epoch_time=00:00:04 eta=00:03:06
[a1_hourly_p2_20d] epoch 018/060 val_loss=7.15369921 best_val_loss=0.69714340 bad_epochs=6/8 epoch_time=00:00:04 eta=00:03:01
[a1_hourly_p2_20d] epoch 019/060 val_loss=1.20960830 best_val_loss=0.69714340 bad_epochs=7/8 epoch_time=00:00:04 eta=00:02:57
[a1_hourly_p2_20d] epoch 020/060 val_loss=8.15135803 best_val_loss=0.69714340 bad_epochs=8/8 epoch_time=00:00:04 eta=00:02:53
[a1_hourly_p2_20d] early stopping at epoch 20
[a1] done freq=hourly patch=2 horizon=20d test_mse=0.047597 test_corr=0.0443 test_rank_corr=0.2116 test_direction_acc=0.5456 (overall elapsed 02:09:30)
[a1] === run 40/57: freq=hourly patch=4 horizon=20d ===
[a1_hourly_p4_20d] epoch 001/060 val_loss=1110.20280151 best_val_loss=1110.20280151 bad_epochs=0/8 epoch_time=00:00:03 eta=00:03:20
[a1_hourly_p4_20d] epoch 002/060 val_loss=252.98311157 best_val_loss=252.98311157 bad_epochs=0/8 epoch_time=00:00:03 eta=00:03:18
[a1_hourly_p4_20d] epoch 003/060 val_loss=140.83809204 best_val_loss=140.83809204 bad_epochs=0/8 epoch_time=00:00:04 eta=00:03:17
[a1_hourly_p4_20d] epoch 004/060 val_loss=126.36008987 best_val_loss=126.36008987 bad_epochs=0/8 epoch_time=00:00:03 eta=00:03:13
[a1_hourly_p4_20d] epoch 005/060 val_loss=116.80959549 best_val_loss=116.80959549 bad_epochs=0/8 epoch_time=00:00:03 eta=00:03:10
[a1_hourly_p4_20d] epoch 006/060 val_loss=94.73425217 best_val_loss=94.73425217 bad_epochs=0/8 epoch_time=00:00:03 eta=00:03:06
[a1_hourly_p4_20d] epoch 007/060 val_loss=117.71492996 best_val_loss=94.73425217 bad_epochs=1/8 epoch_time=00:00:03 eta=00:03:02
[a1_hourly_p4_20d] epoch 008/060 val_loss=115.78693924 best_val_loss=94.73425217 bad_epochs=2/8 epoch_time=00:00:03 eta=00:02:59
[a1_hourly_p4_20d] epoch 009/060 val_loss=131.60014038 best_val_loss=94.73425217 bad_epochs=3/8 epoch_time=00:00:03 eta=00:02:55
[a1_hourly_p4_20d] epoch 010/060 val_loss=124.65922241 best_val_loss=94.73425217 bad_epochs=4/8 epoch_time=00:00:03 eta=00:02:52
[a1_hourly_p4_20d] epoch 011/060 val_loss=97.87602081 best_val_loss=94.73425217 bad_epochs=5/8 epoch_time=00:00:03 eta=00:02:48
[a1_hourly_p4_20d] epoch 012/060 val_loss=116.17389450 best_val_loss=94.73425217 bad_epochs=6/8 epoch_time=00:00:04 eta=00:02:45
[a1_hourly_p4_20d] epoch 013/060 val_loss=74.29573364 best_val_loss=74.29573364 bad_epochs=0/8 epoch_time=00:00:03 eta=00:02:42
[a1_hourly_p4_20d] epoch 014/060 val_loss=82.02087936 best_val_loss=74.29573364 bad_epochs=1/8 epoch_time=00:00:03 eta=00:02:38
[a1_hourly_p4_20d] epoch 015/060 val_loss=105.60372009 best_val_loss=74.29573364 bad_epochs=2/8 epoch_time=00:00:03 eta=00:02:35
[a1_hourly_p4_20d] epoch 016/060 val_loss=124.00956726 best_val_loss=74.29573364 bad_epochs=3/8 epoch_time=00:00:03 eta=00:02:31
[a1_hourly_p4_20d] epoch 017/060 val_loss=92.15785294 best_val_loss=74.29573364 bad_epochs=4/8 epoch_time=00:00:03 eta=00:02:28
[a1_hourly_p4_20d] epoch 018/060 val_loss=85.20460510 best_val_loss=74.29573364 bad_epochs=5/8 epoch_time=00:00:03 eta=00:02:24
[a1_hourly_p4_20d] epoch 019/060 val_loss=102.36933594 best_val_loss=74.29573364 bad_epochs=6/8 epoch_time=00:00:03 eta=00:02:21
[a1_hourly_p4_20d] epoch 020/060 val_loss=89.30431061 best_val_loss=74.29573364 bad_epochs=7/8 epoch_time=00:00:03 eta=00:02:17
[a1_hourly_p4_20d] epoch 021/060 val_loss=80.34211655 best_val_loss=74.29573364 bad_epochs=8/8 epoch_time=00:00:03 eta=00:02:14
[a1_hourly_p4_20d] early stopping at epoch 21
[a1] done freq=hourly patch=4 horizon=20d test_mse=155.202072 test_corr=0.1780 test_rank_corr=0.2455 test_direction_acc=0.4635 (overall elapsed 02:10:43)
[a1] === run 41/57: freq=hourly patch=8 horizon=20d ===
[a1_hourly_p8_20d] epoch 001/060 val_loss=8832.71367188 best_val_loss=8832.71367188 bad_epochs=0/8 epoch_time=00:00:03 eta=00:03:03
[a1_hourly_p8_20d] epoch 002/060 val_loss=6750.03276367 best_val_loss=6750.03276367 bad_epochs=0/8 epoch_time=00:00:03 eta=00:03:01
[a1_hourly_p8_20d] epoch 003/060 val_loss=4399.80751953 best_val_loss=4399.80751953 bad_epochs=0/8 epoch_time=00:00:03 eta=00:02:58
[a1_hourly_p8_20d] epoch 004/060 val_loss=2566.16916504 best_val_loss=2566.16916504 bad_epochs=0/8 epoch_time=00:00:03 eta=00:02:54
[a1_hourly_p8_20d] epoch 005/060 val_loss=324.13812256 best_val_loss=324.13812256 bad_epochs=0/8 epoch_time=00:00:03 eta=00:02:52
[a1_hourly_p8_20d] epoch 006/060 val_loss=81.81487503 best_val_loss=81.81487503 bad_epochs=0/8 epoch_time=00:00:03 eta=00:02:48
[a1_hourly_p8_20d] epoch 007/060 val_loss=47.58711128 best_val_loss=47.58711128 bad_epochs=0/8 epoch_time=00:00:03 eta=00:02:45
[a1_hourly_p8_20d] epoch 008/060 val_loss=40.55008049 best_val_loss=40.55008049 bad_epochs=0/8 epoch_time=00:00:03 eta=00:02:41
[a1_hourly_p8_20d] epoch 009/060 val_loss=37.63647003 best_val_loss=37.63647003 bad_epochs=0/8 epoch_time=00:00:03 eta=00:02:39
[a1_hourly_p8_20d] epoch 010/060 val_loss=34.27643967 best_val_loss=34.27643967 bad_epochs=0/8 epoch_time=00:00:03 eta=00:02:35
[a1_hourly_p8_20d] epoch 011/060 val_loss=31.30714111 best_val_loss=31.30714111 bad_epochs=0/8 epoch_time=00:00:03 eta=00:02:32
[a1_hourly_p8_20d] epoch 012/060 val_loss=30.01040535 best_val_loss=30.01040535 bad_epochs=0/8 epoch_time=00:00:03 eta=00:02:29
[a1_hourly_p8_20d] epoch 013/060 val_loss=27.34401360 best_val_loss=27.34401360 bad_epochs=0/8 epoch_time=00:00:03 eta=00:02:26
[a1_hourly_p8_20d] epoch 014/060 val_loss=23.03062916 best_val_loss=23.03062916 bad_epochs=0/8 epoch_time=00:00:03 eta=00:02:22
[a1_hourly_p8_20d] epoch 015/060 val_loss=19.10388145 best_val_loss=19.10388145 bad_epochs=0/8 epoch_time=00:00:03 eta=00:02:19
[a1_hourly_p8_20d] epoch 016/060 val_loss=15.94667206 best_val_loss=15.94667206 bad_epochs=0/8 epoch_time=00:00:03 eta=00:02:16
[a1_hourly_p8_20d] epoch 017/060 val_loss=13.83578396 best_val_loss=13.83578396 bad_epochs=0/8 epoch_time=00:00:03 eta=00:02:13
[a1_hourly_p8_20d] epoch 018/060 val_loss=13.93751879 best_val_loss=13.83578396 bad_epochs=1/8 epoch_time=00:00:03 eta=00:02:09
[a1_hourly_p8_20d] epoch 019/060 val_loss=9.19580345 best_val_loss=9.19580345 bad_epochs=0/8 epoch_time=00:00:03 eta=00:02:06
[a1_hourly_p8_20d] epoch 020/060 val_loss=13.33784151 best_val_loss=9.19580345 bad_epochs=1/8 epoch_time=00:00:03 eta=00:02:03
[a1_hourly_p8_20d] epoch 021/060 val_loss=7.56522970 best_val_loss=7.56522970 bad_epochs=0/8 epoch_time=00:00:03 eta=00:02:00
[a1_hourly_p8_20d] epoch 022/060 val_loss=11.05915613 best_val_loss=7.56522970 bad_epochs=1/8 epoch_time=00:00:03 eta=00:01:57
[a1_hourly_p8_20d] epoch 023/060 val_loss=11.86542130 best_val_loss=7.56522970 bad_epochs=2/8 epoch_time=00:00:03 eta=00:01:54
[a1_hourly_p8_20d] epoch 024/060 val_loss=5.72411394 best_val_loss=5.72411394 bad_epochs=0/8 epoch_time=00:00:03 eta=00:01:50
[a1_hourly_p8_20d] epoch 025/060 val_loss=12.83327532 best_val_loss=5.72411394 bad_epochs=1/8 epoch_time=00:00:03 eta=00:01:47
[a1_hourly_p8_20d] epoch 026/060 val_loss=10.76693163 best_val_loss=5.72411394 bad_epochs=2/8 epoch_time=00:00:03 eta=00:01:44
[a1_hourly_p8_20d] epoch 027/060 val_loss=5.10334959 best_val_loss=5.10334959 bad_epochs=0/8 epoch_time=00:00:03 eta=00:01:41
[a1_hourly_p8_20d] epoch 028/060 val_loss=12.30142689 best_val_loss=5.10334959 bad_epochs=1/8 epoch_time=00:00:03 eta=00:01:38
[a1_hourly_p8_20d] epoch 029/060 val_loss=10.51080618 best_val_loss=5.10334959 bad_epochs=2/8 epoch_time=00:00:03 eta=00:01:35
[a1_hourly_p8_20d] epoch 030/060 val_loss=5.11010857 best_val_loss=5.10334959 bad_epochs=3/8 epoch_time=00:00:03 eta=00:01:32
[a1_hourly_p8_20d] epoch 031/060 val_loss=12.33094120 best_val_loss=5.10334959 bad_epochs=4/8 epoch_time=00:00:03 eta=00:01:29
[a1_hourly_p8_20d] epoch 032/060 val_loss=10.53086271 best_val_loss=5.10334959 bad_epochs=5/8 epoch_time=00:00:03 eta=00:01:26
[a1_hourly_p8_20d] epoch 033/060 val_loss=5.05707192 best_val_loss=5.05707192 bad_epochs=0/8 epoch_time=00:00:03 eta=00:01:23
[a1_hourly_p8_20d] epoch 034/060 val_loss=12.31418476 best_val_loss=5.05707192 bad_epochs=1/8 epoch_time=00:00:03 eta=00:01:19
[a1_hourly_p8_20d] epoch 035/060 val_loss=10.46900616 best_val_loss=5.05707192 bad_epochs=2/8 epoch_time=00:00:03 eta=00:01:16
[a1_hourly_p8_20d] epoch 036/060 val_loss=4.93144970 best_val_loss=4.93144970 bad_epochs=0/8 epoch_time=00:00:03 eta=00:01:13
[a1_hourly_p8_20d] epoch 037/060 val_loss=12.20675087 best_val_loss=4.93144970 bad_epochs=1/8 epoch_time=00:00:03 eta=00:01:10
[a1_hourly_p8_20d] epoch 038/060 val_loss=10.34476881 best_val_loss=4.93144970 bad_epochs=2/8 epoch_time=00:00:03 eta=00:01:07
[a1_hourly_p8_20d] epoch 039/060 val_loss=4.83540211 best_val_loss=4.83540211 bad_epochs=0/8 epoch_time=00:00:03 eta=00:01:04
[a1_hourly_p8_20d] epoch 040/060 val_loss=12.17413578 best_val_loss=4.83540211 bad_epochs=1/8 epoch_time=00:00:03 eta=00:01:01
[a1_hourly_p8_20d] epoch 041/060 val_loss=10.37940497 best_val_loss=4.83540211 bad_epochs=2/8 epoch_time=00:00:03 eta=00:00:58
[a1_hourly_p8_20d] epoch 042/060 val_loss=4.81974096 best_val_loss=4.81974096 bad_epochs=0/8 epoch_time=00:00:03 eta=00:00:55
[a1_hourly_p8_20d] epoch 043/060 val_loss=12.31143818 best_val_loss=4.81974096 bad_epochs=1/8 epoch_time=00:00:03 eta=00:00:52
[a1_hourly_p8_20d] epoch 044/060 val_loss=10.47029705 best_val_loss=4.81974096 bad_epochs=2/8 epoch_time=00:00:03 eta=00:00:49
[a1_hourly_p8_20d] epoch 045/060 val_loss=4.78648572 best_val_loss=4.78648572 bad_epochs=0/8 epoch_time=00:00:03 eta=00:00:46
[a1_hourly_p8_20d] epoch 046/060 val_loss=12.22099056 best_val_loss=4.78648572 bad_epochs=1/8 epoch_time=00:00:03 eta=00:00:43
[a1_hourly_p8_20d] epoch 047/060 val_loss=10.40109863 best_val_loss=4.78648572 bad_epochs=2/8 epoch_time=00:00:03 eta=00:00:40
[a1_hourly_p8_20d] epoch 048/060 val_loss=4.75582194 best_val_loss=4.75582194 bad_epochs=0/8 epoch_time=00:00:03 eta=00:00:37
[a1_hourly_p8_20d] epoch 049/060 val_loss=12.33883171 best_val_loss=4.75582194 bad_epochs=1/8 epoch_time=00:00:03 eta=00:00:34
[a1_hourly_p8_20d] epoch 050/060 val_loss=10.55222473 best_val_loss=4.75582194 bad_epochs=2/8 epoch_time=00:00:03 eta=00:00:30
[a1_hourly_p8_20d] epoch 051/060 val_loss=4.77209082 best_val_loss=4.75582194 bad_epochs=3/8 epoch_time=00:00:03 eta=00:00:27
[a1_hourly_p8_20d] epoch 052/060 val_loss=12.30443001 best_val_loss=4.75582194 bad_epochs=4/8 epoch_time=00:00:03 eta=00:00:24
[a1_hourly_p8_20d] epoch 053/060 val_loss=10.34981031 best_val_loss=4.75582194 bad_epochs=5/8 epoch_time=00:00:03 eta=00:00:21
[a1_hourly_p8_20d] epoch 054/060 val_loss=4.70479300 best_val_loss=4.70479300 bad_epochs=0/8 epoch_time=00:00:03 eta=00:00:18
[a1_hourly_p8_20d] epoch 055/060 val_loss=12.18587055 best_val_loss=4.70479300 bad_epochs=1/8 epoch_time=00:00:03 eta=00:00:15
[a1_hourly_p8_20d] epoch 056/060 val_loss=10.40241270 best_val_loss=4.70479300 bad_epochs=2/8 epoch_time=00:00:03 eta=00:00:12
[a1_hourly_p8_20d] epoch 057/060 val_loss=4.67067301 best_val_loss=4.67067301 bad_epochs=0/8 epoch_time=00:00:03 eta=00:00:09
[a1_hourly_p8_20d] epoch 058/060 val_loss=12.18444777 best_val_loss=4.67067301 bad_epochs=1/8 epoch_time=00:00:03 eta=00:00:06
[a1_hourly_p8_20d] epoch 059/060 val_loss=10.36343765 best_val_loss=4.67067301 bad_epochs=2/8 epoch_time=00:00:03 eta=00:00:03
[a1_hourly_p8_20d] epoch 060/060 val_loss=4.62456858 best_val_loss=4.62456858 bad_epochs=0/8 epoch_time=00:00:03 eta=00:00:00
[a1] done freq=hourly patch=8 horizon=20d test_mse=2.006039 test_corr=0.0356 test_rank_corr=-0.1273 test_direction_acc=0.4489 (overall elapsed 02:13:47)
[a1] === run 42/57: freq=hourly patch=12 horizon=20d ===
[a1_hourly_p12_20d] epoch 001/060 val_loss=68.51243362 best_val_loss=68.51243362 bad_epochs=0/8 epoch_time=00:00:03 eta=00:02:52
[a1_hourly_p12_20d] epoch 002/060 val_loss=53.69792175 best_val_loss=53.69792175 bad_epochs=0/8 epoch_time=00:00:03 eta=00:02:48
[a1_hourly_p12_20d] epoch 003/060 val_loss=41.41805191 best_val_loss=41.41805191 bad_epochs=0/8 epoch_time=00:00:03 eta=00:02:44
[a1_hourly_p12_20d] epoch 004/060 val_loss=32.92159157 best_val_loss=32.92159157 bad_epochs=0/8 epoch_time=00:00:03 eta=00:02:41
[a1_hourly_p12_20d] epoch 005/060 val_loss=46.60228348 best_val_loss=32.92159157 bad_epochs=1/8 epoch_time=00:00:03 eta=00:02:38
[a1_hourly_p12_20d] epoch 006/060 val_loss=28.79960785 best_val_loss=28.79960785 bad_epochs=0/8 epoch_time=00:00:03 eta=00:02:35
[a1_hourly_p12_20d] epoch 007/060 val_loss=30.36826515 best_val_loss=28.79960785 bad_epochs=1/8 epoch_time=00:00:03 eta=00:02:33
[a1_hourly_p12_20d] epoch 008/060 val_loss=27.07630157 best_val_loss=27.07630157 bad_epochs=0/8 epoch_time=00:00:03 eta=00:02:30
[a1_hourly_p12_20d] epoch 009/060 val_loss=27.19993610 best_val_loss=27.07630157 bad_epochs=1/8 epoch_time=00:00:03 eta=00:02:27
[a1_hourly_p12_20d] epoch 010/060 val_loss=24.56473560 best_val_loss=24.56473560 bad_epochs=0/8 epoch_time=00:00:03 eta=00:02:24
[a1_hourly_p12_20d] epoch 011/060 val_loss=21.71031952 best_val_loss=21.71031952 bad_epochs=0/8 epoch_time=00:00:03 eta=00:02:22
[a1_hourly_p12_20d] epoch 012/060 val_loss=22.11905518 best_val_loss=21.71031952 bad_epochs=1/8 epoch_time=00:00:03 eta=00:02:19
[a1_hourly_p12_20d] epoch 013/060 val_loss=18.94851971 best_val_loss=18.94851971 bad_epochs=0/8 epoch_time=00:00:03 eta=00:02:16
[a1_hourly_p12_20d] epoch 014/060 val_loss=17.92783241 best_val_loss=17.92783241 bad_epochs=0/8 epoch_time=00:00:03 eta=00:02:13
[a1_hourly_p12_20d] epoch 015/060 val_loss=14.98668594 best_val_loss=14.98668594 bad_epochs=0/8 epoch_time=00:00:03 eta=00:02:10
[a1_hourly_p12_20d] epoch 016/060 val_loss=26.17422199 best_val_loss=14.98668594 bad_epochs=1/8 epoch_time=00:00:03 eta=00:02:07
[a1_hourly_p12_20d] epoch 017/060 val_loss=17.70051842 best_val_loss=14.98668594 bad_epochs=2/8 epoch_time=00:00:03 eta=00:02:04
[a1_hourly_p12_20d] epoch 018/060 val_loss=7.05274472 best_val_loss=7.05274472 bad_epochs=0/8 epoch_time=00:00:03 eta=00:02:01
[a1_hourly_p12_20d] epoch 019/060 val_loss=30.27207184 best_val_loss=7.05274472 bad_epochs=1/8 epoch_time=00:00:03 eta=00:01:58
[a1_hourly_p12_20d] epoch 020/060 val_loss=10.14485264 best_val_loss=7.05274472 bad_epochs=2/8 epoch_time=00:00:03 eta=00:01:55
[a1_hourly_p12_20d] epoch 021/060 val_loss=6.49131813 best_val_loss=6.49131813 bad_epochs=0/8 epoch_time=00:00:03 eta=00:01:52
[a1_hourly_p12_20d] epoch 022/060 val_loss=9.08366156 best_val_loss=6.49131813 bad_epochs=1/8 epoch_time=00:00:03 eta=00:01:50
[a1_hourly_p12_20d] epoch 023/060 val_loss=21.17055140 best_val_loss=6.49131813 bad_epochs=2/8 epoch_time=00:00:03 eta=00:01:47
[a1_hourly_p12_20d] epoch 024/060 val_loss=16.96267109 best_val_loss=6.49131813 bad_epochs=3/8 epoch_time=00:00:03 eta=00:01:44
[a1_hourly_p12_20d] epoch 025/060 val_loss=3.32529171 best_val_loss=3.32529171 bad_epochs=0/8 epoch_time=00:00:03 eta=00:01:41
[a1_hourly_p12_20d] epoch 026/060 val_loss=26.94567184 best_val_loss=3.32529171 bad_epochs=1/8 epoch_time=00:00:03 eta=00:01:38
[a1_hourly_p12_20d] epoch 027/060 val_loss=7.70453625 best_val_loss=3.32529171 bad_epochs=2/8 epoch_time=00:00:03 eta=00:01:35
[a1_hourly_p12_20d] epoch 028/060 val_loss=3.53365984 best_val_loss=3.32529171 bad_epochs=3/8 epoch_time=00:00:03 eta=00:01:32
[a1_hourly_p12_20d] epoch 029/060 val_loss=6.78200274 best_val_loss=3.32529171 bad_epochs=4/8 epoch_time=00:00:03 eta=00:01:30
[a1_hourly_p12_20d] epoch 030/060 val_loss=17.81638737 best_val_loss=3.32529171 bad_epochs=5/8 epoch_time=00:00:03 eta=00:01:27
[a1_hourly_p12_20d] epoch 031/060 val_loss=14.83394489 best_val_loss=3.32529171 bad_epochs=6/8 epoch_time=00:00:03 eta=00:01:24
[a1_hourly_p12_20d] epoch 032/060 val_loss=1.84472589 best_val_loss=1.84472589 bad_epochs=0/8 epoch_time=00:00:03 eta=00:01:21
[a1_hourly_p12_20d] epoch 033/060 val_loss=24.61923122 best_val_loss=1.84472589 bad_epochs=1/8 epoch_time=00:00:03 eta=00:01:18
[a1_hourly_p12_20d] epoch 034/060 val_loss=5.89167242 best_val_loss=1.84472589 bad_epochs=2/8 epoch_time=00:00:03 eta=00:01:15
[a1_hourly_p12_20d] epoch 035/060 val_loss=2.26824751 best_val_loss=1.84472589 bad_epochs=3/8 epoch_time=00:00:03 eta=00:01:12
[a1_hourly_p12_20d] epoch 036/060 val_loss=5.72729120 best_val_loss=1.84472589 bad_epochs=4/8 epoch_time=00:00:03 eta=00:01:09
[a1_hourly_p12_20d] epoch 037/060 val_loss=15.69290180 best_val_loss=1.84472589 bad_epochs=5/8 epoch_time=00:00:03 eta=00:01:06
[a1_hourly_p12_20d] epoch 038/060 val_loss=16.29992456 best_val_loss=1.84472589 bad_epochs=6/8 epoch_time=00:00:03 eta=00:01:04
[a1_hourly_p12_20d] epoch 039/060 val_loss=0.99306189 best_val_loss=0.99306189 bad_epochs=0/8 epoch_time=00:00:03 eta=00:01:01
[a1_hourly_p12_20d] epoch 040/060 val_loss=22.72185860 best_val_loss=0.99306189 bad_epochs=1/8 epoch_time=00:00:03 eta=00:00:58
[a1_hourly_p12_20d] epoch 041/060 val_loss=6.64199967 best_val_loss=0.99306189 bad_epochs=2/8 epoch_time=00:00:03 eta=00:00:55
[a1_hourly_p12_20d] epoch 042/060 val_loss=1.86329551 best_val_loss=0.99306189 bad_epochs=3/8 epoch_time=00:00:03 eta=00:00:52
[a1_hourly_p12_20d] epoch 043/060 val_loss=4.91696646 best_val_loss=0.99306189 bad_epochs=4/8 epoch_time=00:00:03 eta=00:00:49
[a1_hourly_p12_20d] epoch 044/060 val_loss=13.63565054 best_val_loss=0.99306189 bad_epochs=5/8 epoch_time=00:00:03 eta=00:00:46
[a1_hourly_p12_20d] epoch 045/060 val_loss=15.49250832 best_val_loss=0.99306189 bad_epochs=6/8 epoch_time=00:00:03 eta=00:00:43
[a1_hourly_p12_20d] epoch 046/060 val_loss=0.91167255 best_val_loss=0.91167255 bad_epochs=0/8 epoch_time=00:00:03 eta=00:00:40
[a1_hourly_p12_20d] epoch 047/060 val_loss=18.40508442 best_val_loss=0.91167255 bad_epochs=1/8 epoch_time=00:00:03 eta=00:00:38
[a1_hourly_p12_20d] epoch 048/060 val_loss=6.47731371 best_val_loss=0.91167255 bad_epochs=2/8 epoch_time=00:00:03 eta=00:00:35
[a1_hourly_p12_20d] epoch 049/060 val_loss=3.78828995 best_val_loss=0.91167255 bad_epochs=3/8 epoch_time=00:00:03 eta=00:00:32
[a1_hourly_p12_20d] epoch 050/060 val_loss=17.68042822 best_val_loss=0.91167255 bad_epochs=4/8 epoch_time=00:00:03 eta=00:00:29
[a1_hourly_p12_20d] epoch 051/060 val_loss=13.27600660 best_val_loss=0.91167255 bad_epochs=5/8 epoch_time=00:00:03 eta=00:00:26
[a1_hourly_p12_20d] epoch 052/060 val_loss=0.39681033 best_val_loss=0.39681033 bad_epochs=0/8 epoch_time=00:00:03 eta=00:00:23
[a1_hourly_p12_20d] epoch 053/060 val_loss=15.68222218 best_val_loss=0.39681033 bad_epochs=1/8 epoch_time=00:00:03 eta=00:00:20
[a1_hourly_p12_20d] epoch 054/060 val_loss=17.38687477 best_val_loss=0.39681033 bad_epochs=2/8 epoch_time=00:00:03 eta=00:00:17
[a1_hourly_p12_20d] epoch 055/060 val_loss=6.73812466 best_val_loss=0.39681033 bad_epochs=3/8 epoch_time=00:00:03 eta=00:00:14
[a1_hourly_p12_20d] epoch 056/060 val_loss=3.40285735 best_val_loss=0.39681033 bad_epochs=4/8 epoch_time=00:00:03 eta=00:00:12
[a1_hourly_p12_20d] epoch 057/060 val_loss=18.75566692 best_val_loss=0.39681033 bad_epochs=5/8 epoch_time=00:00:03 eta=00:00:09
[a1_hourly_p12_20d] epoch 058/060 val_loss=12.85182123 best_val_loss=0.39681033 bad_epochs=6/8 epoch_time=00:00:03 eta=00:00:06
[a1_hourly_p12_20d] epoch 059/060 val_loss=0.38110412 best_val_loss=0.38110412 bad_epochs=0/8 epoch_time=00:00:03 eta=00:00:03
[a1_hourly_p12_20d] epoch 060/060 val_loss=11.44434166 best_val_loss=0.38110412 bad_epochs=1/8 epoch_time=00:00:03 eta=00:00:00
[a1] done freq=hourly patch=12 horizon=20d test_mse=0.024897 test_corr=0.0750 test_rank_corr=0.0344 test_direction_acc=0.4818 (overall elapsed 02:16:42)
[a1] === run 43/57: freq=halfday patch=2 horizon=20d ===
[a1_halfday_p2_20d] epoch 001/060 val_loss=35915.93789062 best_val_loss=35915.93789062 bad_epochs=0/8 epoch_time=00:00:03 eta=00:03:25
[a1_halfday_p2_20d] epoch 002/060 val_loss=22705.50585938 best_val_loss=22705.50585938 bad_epochs=0/8 epoch_time=00:00:04 eta=00:03:24
[a1_halfday_p2_20d] epoch 003/060 val_loss=11016.25966797 best_val_loss=11016.25966797 bad_epochs=0/8 epoch_time=00:00:04 eta=00:03:21
[a1_halfday_p2_20d] epoch 004/060 val_loss=1416.00732422 best_val_loss=1416.00732422 bad_epochs=0/8 epoch_time=00:00:04 eta=00:03:17
[a1_halfday_p2_20d] epoch 005/060 val_loss=440.94583435 best_val_loss=440.94583435 bad_epochs=0/8 epoch_time=00:00:04 eta=00:03:14
[a1_halfday_p2_20d] epoch 006/060 val_loss=52.48133163 best_val_loss=52.48133163 bad_epochs=0/8 epoch_time=00:00:04 eta=00:03:11
[a1_halfday_p2_20d] epoch 007/060 val_loss=51.66365433 best_val_loss=51.66365433 bad_epochs=0/8 epoch_time=00:00:04 eta=00:03:07
[a1_halfday_p2_20d] epoch 008/060 val_loss=48.72097931 best_val_loss=48.72097931 bad_epochs=0/8 epoch_time=00:00:04 eta=00:03:04
[a1_halfday_p2_20d] epoch 009/060 val_loss=44.43094101 best_val_loss=44.43094101 bad_epochs=0/8 epoch_time=00:00:04 eta=00:03:01
[a1_halfday_p2_20d] epoch 010/060 val_loss=39.72969666 best_val_loss=39.72969666 bad_epochs=0/8 epoch_time=00:00:04 eta=00:02:57
[a1_halfday_p2_20d] epoch 011/060 val_loss=35.35324783 best_val_loss=35.35324783 bad_epochs=0/8 epoch_time=00:00:04 eta=00:02:54
[a1_halfday_p2_20d] epoch 012/060 val_loss=31.34401169 best_val_loss=31.34401169 bad_epochs=0/8 epoch_time=00:00:03 eta=00:02:50
[a1_halfday_p2_20d] epoch 013/060 val_loss=27.87454548 best_val_loss=27.87454548 bad_epochs=0/8 epoch_time=00:00:04 eta=00:02:47
[a1_halfday_p2_20d] epoch 014/060 val_loss=24.91034393 best_val_loss=24.91034393 bad_epochs=0/8 epoch_time=00:00:04 eta=00:02:43
[a1_halfday_p2_20d] epoch 015/060 val_loss=22.09919930 best_val_loss=22.09919930 bad_epochs=0/8 epoch_time=00:00:04 eta=00:02:39
[a1_halfday_p2_20d] epoch 016/060 val_loss=19.71386662 best_val_loss=19.71386662 bad_epochs=0/8 epoch_time=00:00:04 eta=00:02:36
[a1_halfday_p2_20d] epoch 017/060 val_loss=17.60743256 best_val_loss=17.60743256 bad_epochs=0/8 epoch_time=00:00:04 eta=00:02:33
[a1_halfday_p2_20d] epoch 018/060 val_loss=15.63075533 best_val_loss=15.63075533 bad_epochs=0/8 epoch_time=00:00:04 eta=00:02:29
[a1_halfday_p2_20d] epoch 019/060 val_loss=13.86441402 best_val_loss=13.86441402 bad_epochs=0/8 epoch_time=00:00:04 eta=00:02:26
[a1_halfday_p2_20d] epoch 020/060 val_loss=12.34040003 best_val_loss=12.34040003 bad_epochs=0/8 epoch_time=00:00:04 eta=00:02:22
[a1_halfday_p2_20d] epoch 021/060 val_loss=10.93645334 best_val_loss=10.93645334 bad_epochs=0/8 epoch_time=00:00:04 eta=00:02:19
[a1_halfday_p2_20d] epoch 022/060 val_loss=9.64175158 best_val_loss=9.64175158 bad_epochs=0/8 epoch_time=00:00:04 eta=00:02:15
[a1_halfday_p2_20d] epoch 023/060 val_loss=8.45245147 best_val_loss=8.45245147 bad_epochs=0/8 epoch_time=00:00:04 eta=00:02:12
[a1_halfday_p2_20d] epoch 024/060 val_loss=7.43076382 best_val_loss=7.43076382 bad_epochs=0/8 epoch_time=00:00:04 eta=00:02:08
[a1_halfday_p2_20d] epoch 025/060 val_loss=6.51803875 best_val_loss=6.51803875 bad_epochs=0/8 epoch_time=00:00:04 eta=00:02:05
[a1_halfday_p2_20d] epoch 026/060 val_loss=5.70704155 best_val_loss=5.70704155 bad_epochs=0/8 epoch_time=00:00:04 eta=00:02:01
[a1_halfday_p2_20d] epoch 027/060 val_loss=5.00774996 best_val_loss=5.00774996 bad_epochs=0/8 epoch_time=00:00:04 eta=00:01:58
[a1_halfday_p2_20d] epoch 028/060 val_loss=4.41113024 best_val_loss=4.41113024 bad_epochs=0/8 epoch_time=00:00:04 eta=00:01:54
[a1_halfday_p2_20d] epoch 029/060 val_loss=4.02427337 best_val_loss=4.02427337 bad_epochs=0/8 epoch_time=00:00:04 eta=00:01:50
[a1_halfday_p2_20d] epoch 030/060 val_loss=3.75614858 best_val_loss=3.75614858 bad_epochs=0/8 epoch_time=00:00:04 eta=00:01:47
[a1_halfday_p2_20d] epoch 031/060 val_loss=3.59793656 best_val_loss=3.59793656 bad_epochs=0/8 epoch_time=00:00:04 eta=00:01:43
[a1_halfday_p2_20d] epoch 032/060 val_loss=3.47937410 best_val_loss=3.47937410 bad_epochs=0/8 epoch_time=00:00:04 eta=00:01:40
[a1_halfday_p2_20d] epoch 033/060 val_loss=3.44206452 best_val_loss=3.44206452 bad_epochs=0/8 epoch_time=00:00:04 eta=00:01:36
[a1_halfday_p2_20d] epoch 034/060 val_loss=3.44480295 best_val_loss=3.44206452 bad_epochs=1/8 epoch_time=00:00:04 eta=00:01:33
[a1_halfday_p2_20d] epoch 035/060 val_loss=3.48437395 best_val_loss=3.44206452 bad_epochs=2/8 epoch_time=00:00:04 eta=00:01:29
[a1_halfday_p2_20d] epoch 036/060 val_loss=3.56276431 best_val_loss=3.44206452 bad_epochs=3/8 epoch_time=00:00:04 eta=00:01:26
[a1_halfday_p2_20d] epoch 037/060 val_loss=3.61562593 best_val_loss=3.44206452 bad_epochs=4/8 epoch_time=00:00:04 eta=00:01:22
[a1_halfday_p2_20d] epoch 038/060 val_loss=3.69299397 best_val_loss=3.44206452 bad_epochs=5/8 epoch_time=00:00:04 eta=00:01:19
[a1_halfday_p2_20d] epoch 039/060 val_loss=3.76352746 best_val_loss=3.44206452 bad_epochs=6/8 epoch_time=00:00:04 eta=00:01:15
[a1_halfday_p2_20d] epoch 040/060 val_loss=3.87327247 best_val_loss=3.44206452 bad_epochs=7/8 epoch_time=00:00:04 eta=00:01:12
[a1_halfday_p2_20d] epoch 041/060 val_loss=3.93433983 best_val_loss=3.44206452 bad_epochs=8/8 epoch_time=00:00:04 eta=00:01:08
[a1_halfday_p2_20d] early stopping at epoch 41
[a1] done freq=halfday patch=2 horizon=20d test_mse=0.987695 test_corr=0.0005 test_rank_corr=-0.0423 test_direction_acc=0.4982 (overall elapsed 02:19:11)
[a1] === run 44/57: freq=halfday patch=4 horizon=20d ===
[a1_halfday_p4_20d] epoch 001/060 val_loss=468.33251343 best_val_loss=468.33251343 bad_epochs=0/8 epoch_time=00:00:03 eta=00:02:46
[a1_halfday_p4_20d] epoch 002/060 val_loss=17.45236216 best_val_loss=17.45236216 bad_epochs=0/8 epoch_time=00:00:03 eta=00:02:44
[a1_halfday_p4_20d] epoch 003/060 val_loss=5.84081321 best_val_loss=5.84081321 bad_epochs=0/8 epoch_time=00:00:03 eta=00:02:42
[a1_halfday_p4_20d] epoch 004/060 val_loss=60.06213531 best_val_loss=5.84081321 bad_epochs=1/8 epoch_time=00:00:03 eta=00:02:39
[a1_halfday_p4_20d] epoch 005/060 val_loss=55.57756882 best_val_loss=5.84081321 bad_epochs=2/8 epoch_time=00:00:03 eta=00:02:36
[a1_halfday_p4_20d] epoch 006/060 val_loss=65.51043472 best_val_loss=5.84081321 bad_epochs=3/8 epoch_time=00:00:03 eta=00:02:33
[a1_halfday_p4_20d] epoch 007/060 val_loss=13.38992720 best_val_loss=5.84081321 bad_epochs=4/8 epoch_time=00:00:03 eta=00:02:31
[a1_halfday_p4_20d] epoch 008/060 val_loss=29.87645683 best_val_loss=5.84081321 bad_epochs=5/8 epoch_time=00:00:03 eta=00:02:27
[a1_halfday_p4_20d] epoch 009/060 val_loss=32.57463303 best_val_loss=5.84081321 bad_epochs=6/8 epoch_time=00:00:03 eta=00:02:24
[a1_halfday_p4_20d] epoch 010/060 val_loss=0.52382056 best_val_loss=0.52382056 bad_epochs=0/8 epoch_time=00:00:03 eta=00:02:21
[a1_halfday_p4_20d] epoch 011/060 val_loss=55.92312241 best_val_loss=0.52382056 bad_epochs=1/8 epoch_time=00:00:03 eta=00:02:19
[a1_halfday_p4_20d] epoch 012/060 val_loss=52.50026855 best_val_loss=0.52382056 bad_epochs=2/8 epoch_time=00:00:03 eta=00:02:16
[a1_halfday_p4_20d] epoch 013/060 val_loss=65.06652756 best_val_loss=0.52382056 bad_epochs=3/8 epoch_time=00:00:03 eta=00:02:13
[a1_halfday_p4_20d] epoch 014/060 val_loss=13.44064751 best_val_loss=0.52382056 bad_epochs=4/8 epoch_time=00:00:03 eta=00:02:10
[a1_halfday_p4_20d] epoch 015/060 val_loss=29.07703552 best_val_loss=0.52382056 bad_epochs=5/8 epoch_time=00:00:03 eta=00:02:07
[a1_halfday_p4_20d] epoch 016/060 val_loss=31.37486153 best_val_loss=0.52382056 bad_epochs=6/8 epoch_time=00:00:03 eta=00:02:05
[a1_halfday_p4_20d] epoch 017/060 val_loss=0.45965699 best_val_loss=0.45965699 bad_epochs=0/8 epoch_time=00:00:03 eta=00:02:02
[a1_halfday_p4_20d] epoch 018/060 val_loss=53.87299728 best_val_loss=0.45965699 bad_epochs=1/8 epoch_time=00:00:03 eta=00:01:59
[a1_halfday_p4_20d] epoch 019/060 val_loss=51.29677124 best_val_loss=0.45965699 bad_epochs=2/8 epoch_time=00:00:03 eta=00:01:56
[a1_halfday_p4_20d] epoch 020/060 val_loss=63.98883514 best_val_loss=0.45965699 bad_epochs=3/8 epoch_time=00:00:03 eta=00:01:53
[a1_halfday_p4_20d] epoch 021/060 val_loss=12.64904118 best_val_loss=0.45965699 bad_epochs=4/8 epoch_time=00:00:03 eta=00:01:51
[a1_halfday_p4_20d] epoch 022/060 val_loss=29.02364731 best_val_loss=0.45965699 bad_epochs=5/8 epoch_time=00:00:03 eta=00:01:48
[a1_halfday_p4_20d] epoch 023/060 val_loss=32.52176247 best_val_loss=0.45965699 bad_epochs=6/8 epoch_time=00:00:03 eta=00:01:45
[a1_halfday_p4_20d] epoch 024/060 val_loss=1.71668587 best_val_loss=0.45965699 bad_epochs=7/8 epoch_time=00:00:03 eta=00:01:42
[a1_halfday_p4_20d] epoch 025/060 val_loss=22.13196335 best_val_loss=0.45965699 bad_epochs=8/8 epoch_time=00:00:03 eta=00:01:39
[a1_halfday_p4_20d] early stopping at epoch 25
[a1] done freq=halfday patch=4 horizon=20d test_mse=0.029045 test_corr=-0.0226 test_rank_corr=-0.0445 test_direction_acc=0.4361 (overall elapsed 02:20:23)
[a1] === run 45/57: freq=halfday patch=8 horizon=20d ===
[a1_halfday_p8_20d] epoch 001/060 val_loss=100925.48281250 best_val_loss=100925.48281250 bad_epochs=0/8 epoch_time=00:00:02 eta=00:02:09
[a1_halfday_p8_20d] epoch 002/060 val_loss=70612.59531250 best_val_loss=70612.59531250 bad_epochs=0/8 epoch_time=00:00:02 eta=00:02:06
[a1_halfday_p8_20d] epoch 003/060 val_loss=52460.86406250 best_val_loss=52460.86406250 bad_epochs=0/8 epoch_time=00:00:02 eta=00:02:06
[a1_halfday_p8_20d] epoch 004/060 val_loss=40495.36953125 best_val_loss=40495.36953125 bad_epochs=0/8 epoch_time=00:00:02 eta=00:02:03
[a1_halfday_p8_20d] epoch 005/060 val_loss=29030.85585937 best_val_loss=29030.85585937 bad_epochs=0/8 epoch_time=00:00:02 eta=00:02:01
[a1_halfday_p8_20d] epoch 006/060 val_loss=17943.78105469 best_val_loss=17943.78105469 bad_epochs=0/8 epoch_time=00:00:02 eta=00:01:59
[a1_halfday_p8_20d] epoch 007/060 val_loss=7369.46181641 best_val_loss=7369.46181641 bad_epochs=0/8 epoch_time=00:00:02 eta=00:01:57
[a1_halfday_p8_20d] epoch 008/060 val_loss=1656.50524902 best_val_loss=1656.50524902 bad_epochs=0/8 epoch_time=00:00:02 eta=00:01:55
[a1_halfday_p8_20d] epoch 009/060 val_loss=269.61940002 best_val_loss=269.61940002 bad_epochs=0/8 epoch_time=00:00:02 eta=00:01:53
[a1_halfday_p8_20d] epoch 010/060 val_loss=117.07722931 best_val_loss=117.07722931 bad_epochs=0/8 epoch_time=00:00:02 eta=00:01:50
[a1_halfday_p8_20d] epoch 011/060 val_loss=104.38169937 best_val_loss=104.38169937 bad_epochs=0/8 epoch_time=00:00:02 eta=00:01:48
[a1_halfday_p8_20d] epoch 012/060 val_loss=88.21656342 best_val_loss=88.21656342 bad_epochs=0/8 epoch_time=00:00:02 eta=00:01:46
[a1_halfday_p8_20d] epoch 013/060 val_loss=109.80590515 best_val_loss=88.21656342 bad_epochs=1/8 epoch_time=00:00:02 eta=00:01:44
[a1_halfday_p8_20d] epoch 014/060 val_loss=162.38376160 best_val_loss=88.21656342 bad_epochs=2/8 epoch_time=00:00:02 eta=00:01:41
[a1_halfday_p8_20d] epoch 015/060 val_loss=149.99639587 best_val_loss=88.21656342 bad_epochs=3/8 epoch_time=00:00:02 eta=00:01:39
[a1_halfday_p8_20d] epoch 016/060 val_loss=70.59799881 best_val_loss=70.59799881 bad_epochs=0/8 epoch_time=00:00:02 eta=00:01:37
[a1_halfday_p8_20d] epoch 017/060 val_loss=95.71325073 best_val_loss=70.59799881 bad_epochs=1/8 epoch_time=00:00:02 eta=00:01:35
[a1_halfday_p8_20d] epoch 018/060 val_loss=41.04897652 best_val_loss=41.04897652 bad_epochs=0/8 epoch_time=00:00:02 eta=00:01:33
[a1_halfday_p8_20d] epoch 019/060 val_loss=40.05449028 best_val_loss=40.05449028 bad_epochs=0/8 epoch_time=00:00:02 eta=00:01:30
[a1_halfday_p8_20d] epoch 020/060 val_loss=40.14721413 best_val_loss=40.05449028 bad_epochs=1/8 epoch_time=00:00:02 eta=00:01:28
[a1_halfday_p8_20d] epoch 021/060 val_loss=40.44623642 best_val_loss=40.05449028 bad_epochs=2/8 epoch_time=00:00:02 eta=00:01:26
[a1_halfday_p8_20d] epoch 022/060 val_loss=40.82526932 best_val_loss=40.05449028 bad_epochs=3/8 epoch_time=00:00:02 eta=00:01:24
[a1_halfday_p8_20d] epoch 023/060 val_loss=41.29053726 best_val_loss=40.05449028 bad_epochs=4/8 epoch_time=00:00:02 eta=00:01:21
[a1_halfday_p8_20d] epoch 024/060 val_loss=41.87802887 best_val_loss=40.05449028 bad_epochs=5/8 epoch_time=00:00:02 eta=00:01:19
[a1_halfday_p8_20d] epoch 025/060 val_loss=42.58801689 best_val_loss=40.05449028 bad_epochs=6/8 epoch_time=00:00:02 eta=00:01:17
[a1_halfday_p8_20d] epoch 026/060 val_loss=43.31206284 best_val_loss=40.05449028 bad_epochs=7/8 epoch_time=00:00:02 eta=00:01:15
[a1_halfday_p8_20d] epoch 027/060 val_loss=43.84195518 best_val_loss=40.05449028 bad_epochs=8/8 epoch_time=00:00:02 eta=00:01:13
[a1_halfday_p8_20d] early stopping at epoch 27
[a1] done freq=halfday patch=8 horizon=20d test_mse=96.387009 test_corr=-0.0747 test_rank_corr=-0.1320 test_direction_acc=0.4891 (overall elapsed 02:21:23)
[a1] === run 46/57: freq=halfday patch=10 horizon=20d ===
[a1_halfday_p10_20d] epoch 001/060 val_loss=53380.86718750 best_val_loss=53380.86718750 bad_epochs=0/8 epoch_time=00:00:03 eta=00:02:33
[a1_halfday_p10_20d] epoch 002/060 val_loss=37442.14882812 best_val_loss=37442.14882812 bad_epochs=0/8 epoch_time=00:00:03 eta=00:02:30
[a1_halfday_p10_20d] epoch 003/060 val_loss=23886.10488281 best_val_loss=23886.10488281 bad_epochs=0/8 epoch_time=00:00:03 eta=00:02:27
[a1_halfday_p10_20d] epoch 004/060 val_loss=13155.14423828 best_val_loss=13155.14423828 bad_epochs=0/8 epoch_time=00:00:03 eta=00:02:24
[a1_halfday_p10_20d] epoch 005/060 val_loss=3247.67395020 best_val_loss=3247.67395020 bad_epochs=0/8 epoch_time=00:00:03 eta=00:02:21
[a1_halfday_p10_20d] epoch 006/060 val_loss=441.77050781 best_val_loss=441.77050781 bad_epochs=0/8 epoch_time=00:00:03 eta=00:02:19
[a1_halfday_p10_20d] epoch 007/060 val_loss=58.77664566 best_val_loss=58.77664566 bad_epochs=0/8 epoch_time=00:00:03 eta=00:02:16
[a1_halfday_p10_20d] epoch 008/060 val_loss=66.89644012 best_val_loss=58.77664566 bad_epochs=1/8 epoch_time=00:00:03 eta=00:02:14
[a1_halfday_p10_20d] epoch 009/060 val_loss=50.91875916 best_val_loss=50.91875916 bad_epochs=0/8 epoch_time=00:00:03 eta=00:02:11
[a1_halfday_p10_20d] epoch 010/060 val_loss=42.84375916 best_val_loss=42.84375916 bad_epochs=0/8 epoch_time=00:00:03 eta=00:02:09
[a1_halfday_p10_20d] epoch 011/060 val_loss=47.72547226 best_val_loss=42.84375916 bad_epochs=1/8 epoch_time=00:00:03 eta=00:02:06
[a1_halfday_p10_20d] epoch 012/060 val_loss=53.26914978 best_val_loss=42.84375916 bad_epochs=2/8 epoch_time=00:00:03 eta=00:02:03
[a1_halfday_p10_20d] epoch 013/060 val_loss=43.56943741 best_val_loss=42.84375916 bad_epochs=3/8 epoch_time=00:00:03 eta=00:02:00
[a1_halfday_p10_20d] epoch 014/060 val_loss=45.72179642 best_val_loss=42.84375916 bad_epochs=4/8 epoch_time=00:00:03 eta=00:01:58
[a1_halfday_p10_20d] epoch 015/060 val_loss=53.75573196 best_val_loss=42.84375916 bad_epochs=5/8 epoch_time=00:00:03 eta=00:01:55
[a1_halfday_p10_20d] epoch 016/060 val_loss=44.07051659 best_val_loss=42.84375916 bad_epochs=6/8 epoch_time=00:00:03 eta=00:01:53
[a1_halfday_p10_20d] epoch 017/060 val_loss=44.51016693 best_val_loss=42.84375916 bad_epochs=7/8 epoch_time=00:00:03 eta=00:01:50
[a1_halfday_p10_20d] epoch 018/060 val_loss=54.08518448 best_val_loss=42.84375916 bad_epochs=8/8 epoch_time=00:00:03 eta=00:01:48
[a1_halfday_p10_20d] early stopping at epoch 18
[a1] done freq=halfday patch=10 horizon=20d test_mse=80.480026 test_corr=0.0297 test_rank_corr=-0.0062 test_direction_acc=0.4909 (overall elapsed 02:22:10)
[a1] === run 47/57: freq=halfday patch=12 horizon=20d ===
[a1_halfday_p12_20d] epoch 001/060 val_loss=178.63260803 best_val_loss=178.63260803 bad_epochs=0/8 epoch_time=00:00:02 eta=00:01:41
[a1_halfday_p12_20d] epoch 002/060 val_loss=34.44253120 best_val_loss=34.44253120 bad_epochs=0/8 epoch_time=00:00:02 eta=00:01:40
[a1_halfday_p12_20d] epoch 003/060 val_loss=25.08191586 best_val_loss=25.08191586 bad_epochs=0/8 epoch_time=00:00:02 eta=00:01:39
[a1_halfday_p12_20d] epoch 004/060 val_loss=68.06913300 best_val_loss=25.08191586 bad_epochs=1/8 epoch_time=00:00:02 eta=00:01:37
[a1_halfday_p12_20d] epoch 005/060 val_loss=25.51151352 best_val_loss=25.08191586 bad_epochs=2/8 epoch_time=00:00:02 eta=00:01:36
[a1_halfday_p12_20d] epoch 006/060 val_loss=66.03263779 best_val_loss=25.08191586 bad_epochs=3/8 epoch_time=00:00:02 eta=00:01:34
[a1_halfday_p12_20d] epoch 007/060 val_loss=25.41427021 best_val_loss=25.08191586 bad_epochs=4/8 epoch_time=00:00:02 eta=00:01:32
[a1_halfday_p12_20d] epoch 008/060 val_loss=61.98495636 best_val_loss=25.08191586 bad_epochs=5/8 epoch_time=00:00:02 eta=00:01:30
[a1_halfday_p12_20d] epoch 009/060 val_loss=22.56451283 best_val_loss=22.56451283 bad_epochs=0/8 epoch_time=00:00:02 eta=00:01:28
[a1_halfday_p12_20d] epoch 010/060 val_loss=22.73733044 best_val_loss=22.56451283 bad_epochs=1/8 epoch_time=00:00:02 eta=00:01:26
[a1_halfday_p12_20d] epoch 011/060 val_loss=22.89867134 best_val_loss=22.56451283 bad_epochs=2/8 epoch_time=00:00:02 eta=00:01:25
[a1_halfday_p12_20d] epoch 012/060 val_loss=53.28644066 best_val_loss=22.56451283 bad_epochs=3/8 epoch_time=00:00:02 eta=00:01:23
[a1_halfday_p12_20d] epoch 013/060 val_loss=14.96332932 best_val_loss=14.96332932 bad_epochs=0/8 epoch_time=00:00:02 eta=00:01:21
[a1_halfday_p12_20d] epoch 014/060 val_loss=51.40601120 best_val_loss=14.96332932 bad_epochs=1/8 epoch_time=00:00:02 eta=00:01:20
[a1_halfday_p12_20d] epoch 015/060 val_loss=87.60453720 best_val_loss=14.96332932 bad_epochs=2/8 epoch_time=00:00:02 eta=00:01:18
[a1_halfday_p12_20d] epoch 016/060 val_loss=47.86394424 best_val_loss=14.96332932 bad_epochs=3/8 epoch_time=00:00:02 eta=00:01:16
[a1_halfday_p12_20d] epoch 017/060 val_loss=9.84218745 best_val_loss=9.84218745 bad_epochs=0/8 epoch_time=00:00:02 eta=00:01:14
[a1_halfday_p12_20d] epoch 018/060 val_loss=49.75308685 best_val_loss=9.84218745 bad_epochs=1/8 epoch_time=00:00:02 eta=00:01:13
[a1_halfday_p12_20d] epoch 019/060 val_loss=20.57054787 best_val_loss=9.84218745 bad_epochs=2/8 epoch_time=00:00:02 eta=00:01:11
[a1_halfday_p12_20d] epoch 020/060 val_loss=13.77396231 best_val_loss=9.84218745 bad_epochs=3/8 epoch_time=00:00:02 eta=00:01:09
[a1_halfday_p12_20d] epoch 021/060 val_loss=47.60630608 best_val_loss=9.84218745 bad_epochs=4/8 epoch_time=00:00:02 eta=00:01:08
[a1_halfday_p12_20d] epoch 022/060 val_loss=8.72430835 best_val_loss=8.72430835 bad_epochs=0/8 epoch_time=00:00:02 eta=00:01:06
[a1_halfday_p12_20d] epoch 023/060 val_loss=48.92778549 best_val_loss=8.72430835 bad_epochs=1/8 epoch_time=00:00:02 eta=00:01:04
[a1_halfday_p12_20d] epoch 024/060 val_loss=9.00766978 best_val_loss=8.72430835 bad_epochs=2/8 epoch_time=00:00:02 eta=00:01:03
[a1_halfday_p12_20d] epoch 025/060 val_loss=47.98967934 best_val_loss=8.72430835 bad_epochs=3/8 epoch_time=00:00:02 eta=00:01:01
[a1_halfday_p12_20d] epoch 026/060 val_loss=20.66637344 best_val_loss=8.72430835 bad_epochs=4/8 epoch_time=00:00:02 eta=00:00:59
[a1_halfday_p12_20d] epoch 027/060 val_loss=12.57623062 best_val_loss=8.72430835 bad_epochs=5/8 epoch_time=00:00:02 eta=00:00:57
[a1_halfday_p12_20d] epoch 028/060 val_loss=47.08018570 best_val_loss=8.72430835 bad_epochs=6/8 epoch_time=00:00:02 eta=00:00:56
[a1_halfday_p12_20d] epoch 029/060 val_loss=7.03505864 best_val_loss=7.03505864 bad_epochs=0/8 epoch_time=00:00:02 eta=00:00:54
[a1_halfday_p12_20d] epoch 030/060 val_loss=45.59306564 best_val_loss=7.03505864 bad_epochs=1/8 epoch_time=00:00:02 eta=00:00:52
[a1_halfday_p12_20d] epoch 031/060 val_loss=8.63087945 best_val_loss=7.03505864 bad_epochs=2/8 epoch_time=00:00:02 eta=00:00:50
[a1_halfday_p12_20d] epoch 032/060 val_loss=48.40494766 best_val_loss=7.03505864 bad_epochs=3/8 epoch_time=00:00:02 eta=00:00:49
[a1_halfday_p12_20d] epoch 033/060 val_loss=21.23953018 best_val_loss=7.03505864 bad_epochs=4/8 epoch_time=00:00:02 eta=00:00:47
[a1_halfday_p12_20d] epoch 034/060 val_loss=11.24226208 best_val_loss=7.03505864 bad_epochs=5/8 epoch_time=00:00:02 eta=00:00:45
[a1_halfday_p12_20d] epoch 035/060 val_loss=44.82883072 best_val_loss=7.03505864 bad_epochs=6/8 epoch_time=00:00:02 eta=00:00:43
[a1_halfday_p12_20d] epoch 036/060 val_loss=5.39663000 best_val_loss=5.39663000 bad_epochs=0/8 epoch_time=00:00:02 eta=00:00:42
[a1_halfday_p12_20d] epoch 037/060 val_loss=43.91885338 best_val_loss=5.39663000 bad_epochs=1/8 epoch_time=00:00:02 eta=00:00:40
[a1_halfday_p12_20d] epoch 038/060 val_loss=8.86130123 best_val_loss=5.39663000 bad_epochs=2/8 epoch_time=00:00:02 eta=00:00:38
[a1_halfday_p12_20d] epoch 039/060 val_loss=49.51426315 best_val_loss=5.39663000 bad_epochs=3/8 epoch_time=00:00:02 eta=00:00:36
[a1_halfday_p12_20d] epoch 040/060 val_loss=21.94778328 best_val_loss=5.39663000 bad_epochs=4/8 epoch_time=00:00:02 eta=00:00:35
[a1_halfday_p12_20d] epoch 041/060 val_loss=10.70773792 best_val_loss=5.39663000 bad_epochs=5/8 epoch_time=00:00:02 eta=00:00:33
[a1_halfday_p12_20d] epoch 042/060 val_loss=43.63962212 best_val_loss=5.39663000 bad_epochs=6/8 epoch_time=00:00:02 eta=00:00:31
[a1_halfday_p12_20d] epoch 043/060 val_loss=4.63884461 best_val_loss=4.63884461 bad_epochs=0/8 epoch_time=00:00:02 eta=00:00:29
[a1_halfday_p12_20d] epoch 044/060 val_loss=44.48393097 best_val_loss=4.63884461 bad_epochs=1/8 epoch_time=00:00:02 eta=00:00:28
[a1_halfday_p12_20d] epoch 045/060 val_loss=9.38938293 best_val_loss=4.63884461 bad_epochs=2/8 epoch_time=00:00:02 eta=00:00:26
[a1_halfday_p12_20d] epoch 046/060 val_loss=51.12224617 best_val_loss=4.63884461 bad_epochs=3/8 epoch_time=00:00:02 eta=00:00:24
[a1_halfday_p12_20d] epoch 047/060 val_loss=23.73131771 best_val_loss=4.63884461 bad_epochs=4/8 epoch_time=00:00:02 eta=00:00:23
[a1_halfday_p12_20d] epoch 048/060 val_loss=9.61064539 best_val_loss=4.63884461 bad_epochs=5/8 epoch_time=00:00:02 eta=00:00:21
[a1_halfday_p12_20d] epoch 049/060 val_loss=42.42397079 best_val_loss=4.63884461 bad_epochs=6/8 epoch_time=00:00:02 eta=00:00:19
[a1_halfday_p12_20d] epoch 050/060 val_loss=3.09480906 best_val_loss=3.09480906 bad_epochs=0/8 epoch_time=00:00:02 eta=00:00:17
[a1_halfday_p12_20d] epoch 051/060 val_loss=41.68197479 best_val_loss=3.09480906 bad_epochs=1/8 epoch_time=00:00:02 eta=00:00:16
[a1_halfday_p12_20d] epoch 052/060 val_loss=10.58954802 best_val_loss=3.09480906 bad_epochs=2/8 epoch_time=00:00:02 eta=00:00:14
[a1_halfday_p12_20d] epoch 053/060 val_loss=50.95281601 best_val_loss=3.09480906 bad_epochs=3/8 epoch_time=00:00:02 eta=00:00:12
[a1_halfday_p12_20d] epoch 054/060 val_loss=23.99324150 best_val_loss=3.09480906 bad_epochs=4/8 epoch_time=00:00:02 eta=00:00:10
[a1_halfday_p12_20d] epoch 055/060 val_loss=7.02438974 best_val_loss=3.09480906 bad_epochs=5/8 epoch_time=00:00:02 eta=00:00:09
[a1_halfday_p12_20d] epoch 056/060 val_loss=39.33784790 best_val_loss=3.09480906 bad_epochs=6/8 epoch_time=00:00:02 eta=00:00:07
[a1_halfday_p12_20d] epoch 057/060 val_loss=93.59550171 best_val_loss=3.09480906 bad_epochs=7/8 epoch_time=00:00:02 eta=00:00:05
[a1_halfday_p12_20d] epoch 058/060 val_loss=53.89363861 best_val_loss=3.09480906 bad_epochs=8/8 epoch_time=00:00:02 eta=00:00:03
[a1_halfday_p12_20d] early stopping at epoch 58
[a1] done freq=halfday patch=12 horizon=20d test_mse=0.674543 test_corr=0.0336 test_rank_corr=0.0821 test_direction_acc=0.4672 (overall elapsed 02:23:52)
[a1] === run 48/57: freq=daily patch=5 horizon=20d ===
[a1_daily_p5_20d] epoch 001/060 val_loss=53131.42109375 best_val_loss=53131.42109375 bad_epochs=0/8 epoch_time=00:00:14 eta=00:13:41
[a1_daily_p5_20d] epoch 002/060 val_loss=26159.46914062 best_val_loss=26159.46914062 bad_epochs=0/8 epoch_time=00:00:14 eta=00:13:27
[a1_daily_p5_20d] epoch 003/060 val_loss=5070.58364258 best_val_loss=5070.58364258 bad_epochs=0/8 epoch_time=00:00:14 eta=00:13:10
[a1_daily_p5_20d] epoch 004/060 val_loss=720.17406616 best_val_loss=720.17406616 bad_epochs=0/8 epoch_time=00:00:14 eta=00:12:56
[a1_daily_p5_20d] epoch 005/060 val_loss=200.07030029 best_val_loss=200.07030029 bad_epochs=0/8 epoch_time=00:00:14 eta=00:12:43
[a1_daily_p5_20d] epoch 006/060 val_loss=199.28201141 best_val_loss=199.28201141 bad_epochs=0/8 epoch_time=00:00:14 eta=00:12:28
[a1_daily_p5_20d] epoch 007/060 val_loss=30.69497356 best_val_loss=30.69497356 bad_epochs=0/8 epoch_time=00:00:14 eta=00:12:14
[a1_daily_p5_20d] epoch 008/060 val_loss=174.62670288 best_val_loss=30.69497356 bad_epochs=1/8 epoch_time=00:00:14 eta=00:12:01
[a1_daily_p5_20d] epoch 009/060 val_loss=30.23656998 best_val_loss=30.23656998 bad_epochs=0/8 epoch_time=00:00:14 eta=00:11:47
[a1_daily_p5_20d] epoch 010/060 val_loss=120.38913879 best_val_loss=30.23656998 bad_epochs=1/8 epoch_time=00:00:14 eta=00:11:33
[a1_daily_p5_20d] epoch 011/060 val_loss=110.72277832 best_val_loss=30.23656998 bad_epochs=2/8 epoch_time=00:00:14 eta=00:11:20
[a1_daily_p5_20d] epoch 012/060 val_loss=345.46421204 best_val_loss=30.23656998 bad_epochs=3/8 epoch_time=00:00:14 eta=00:11:07
[a1_daily_p5_20d] epoch 013/060 val_loss=214.52389832 best_val_loss=30.23656998 bad_epochs=4/8 epoch_time=00:00:14 eta=00:10:53
[a1_daily_p5_20d] epoch 014/060 val_loss=22.58926506 best_val_loss=22.58926506 bad_epochs=0/8 epoch_time=00:00:14 eta=00:10:39
[a1_daily_p5_20d] epoch 015/060 val_loss=167.45388641 best_val_loss=22.58926506 bad_epochs=1/8 epoch_time=00:00:14 eta=00:10:25
[a1_daily_p5_20d] epoch 016/060 val_loss=24.18989124 best_val_loss=22.58926506 bad_epochs=2/8 epoch_time=00:00:14 eta=00:10:11
[a1_daily_p5_20d] epoch 017/060 val_loss=119.15862198 best_val_loss=22.58926506 bad_epochs=3/8 epoch_time=00:00:14 eta=00:09:57
[a1_daily_p5_20d] epoch 018/060 val_loss=110.30881577 best_val_loss=22.58926506 bad_epochs=4/8 epoch_time=00:00:14 eta=00:09:43
[a1_daily_p5_20d] epoch 019/060 val_loss=342.58459473 best_val_loss=22.58926506 bad_epochs=5/8 epoch_time=00:00:14 eta=00:09:29
[a1_daily_p5_20d] epoch 020/060 val_loss=209.05881653 best_val_loss=22.58926506 bad_epochs=6/8 epoch_time=00:00:14 eta=00:09:15
[a1_daily_p5_20d] epoch 021/060 val_loss=16.22610626 best_val_loss=16.22610626 bad_epochs=0/8 epoch_time=00:00:14 eta=00:09:01
[a1_daily_p5_20d] epoch 022/060 val_loss=163.04323730 best_val_loss=16.22610626 bad_epochs=1/8 epoch_time=00:00:14 eta=00:08:47
[a1_daily_p5_20d] epoch 023/060 val_loss=20.24799957 best_val_loss=16.22610626 bad_epochs=2/8 epoch_time=00:00:14 eta=00:08:33
[a1_daily_p5_20d] epoch 024/060 val_loss=119.25282898 best_val_loss=16.22610626 bad_epochs=3/8 epoch_time=00:00:14 eta=00:08:19
[a1_daily_p5_20d] epoch 025/060 val_loss=110.02238846 best_val_loss=16.22610626 bad_epochs=4/8 epoch_time=00:00:14 eta=00:08:05
[a1_daily_p5_20d] epoch 026/060 val_loss=339.80941162 best_val_loss=16.22610626 bad_epochs=5/8 epoch_time=00:00:14 eta=00:07:52
[a1_daily_p5_20d] epoch 027/060 val_loss=205.72636108 best_val_loss=16.22610626 bad_epochs=6/8 epoch_time=00:00:14 eta=00:07:38
[a1_daily_p5_20d] epoch 028/060 val_loss=11.96373782 best_val_loss=11.96373782 bad_epochs=0/8 epoch_time=00:00:14 eta=00:07:24
[a1_daily_p5_20d] epoch 029/060 val_loss=160.39420929 best_val_loss=11.96373782 bad_epochs=1/8 epoch_time=00:00:14 eta=00:07:10
[a1_daily_p5_20d] epoch 030/060 val_loss=17.83450451 best_val_loss=11.96373782 bad_epochs=2/8 epoch_time=00:00:14 eta=00:06:56
[a1_daily_p5_20d] epoch 031/060 val_loss=119.72935944 best_val_loss=11.96373782 bad_epochs=3/8 epoch_time=00:00:14 eta=00:06:42
[a1_daily_p5_20d] epoch 032/060 val_loss=110.83431396 best_val_loss=11.96373782 bad_epochs=4/8 epoch_time=00:00:14 eta=00:06:28
[a1_daily_p5_20d] epoch 033/060 val_loss=338.43420715 best_val_loss=11.96373782 bad_epochs=5/8 epoch_time=00:00:14 eta=00:06:14
[a1_daily_p5_20d] epoch 034/060 val_loss=202.80843964 best_val_loss=11.96373782 bad_epochs=6/8 epoch_time=00:00:14 eta=00:06:00
[a1_daily_p5_20d] epoch 035/060 val_loss=9.16699004 best_val_loss=9.16699004 bad_epochs=0/8 epoch_time=00:00:14 eta=00:05:46
[a1_daily_p5_20d] epoch 036/060 val_loss=158.30070953 best_val_loss=9.16699004 bad_epochs=1/8 epoch_time=00:00:14 eta=00:05:33
[a1_daily_p5_20d] epoch 037/060 val_loss=16.07398758 best_val_loss=9.16699004 bad_epochs=2/8 epoch_time=00:00:14 eta=00:05:19
[a1_daily_p5_20d] epoch 038/060 val_loss=119.64828110 best_val_loss=9.16699004 bad_epochs=3/8 epoch_time=00:00:14 eta=00:05:05
[a1_daily_p5_20d] epoch 039/060 val_loss=110.55911026 best_val_loss=9.16699004 bad_epochs=4/8 epoch_time=00:00:14 eta=00:04:51
[a1_daily_p5_20d] epoch 040/060 val_loss=337.83422852 best_val_loss=9.16699004 bad_epochs=5/8 epoch_time=00:00:14 eta=00:04:37
[a1_daily_p5_20d] epoch 041/060 val_loss=201.76700134 best_val_loss=9.16699004 bad_epochs=6/8 epoch_time=00:00:14 eta=00:04:23
[a1_daily_p5_20d] epoch 042/060 val_loss=7.78206027 best_val_loss=7.78206027 bad_epochs=0/8 epoch_time=00:00:14 eta=00:04:09
[a1_daily_p5_20d] epoch 043/060 val_loss=156.65183563 best_val_loss=7.78206027 bad_epochs=1/8 epoch_time=00:00:14 eta=00:03:56
[a1_daily_p5_20d] epoch 044/060 val_loss=15.00588913 best_val_loss=7.78206027 bad_epochs=2/8 epoch_time=00:00:14 eta=00:03:42
[a1_daily_p5_20d] epoch 045/060 val_loss=119.96419144 best_val_loss=7.78206027 bad_epochs=3/8 epoch_time=00:00:14 eta=00:03:28
[a1_daily_p5_20d] epoch 046/060 val_loss=111.32466583 best_val_loss=7.78206027 bad_epochs=4/8 epoch_time=00:00:14 eta=00:03:14
[a1_daily_p5_20d] epoch 047/060 val_loss=338.36332855 best_val_loss=7.78206027 bad_epochs=5/8 epoch_time=00:00:14 eta=00:03:00
[a1_daily_p5_20d] epoch 048/060 val_loss=200.01745911 best_val_loss=7.78206027 bad_epochs=6/8 epoch_time=00:00:14 eta=00:02:46
[a1_daily_p5_20d] epoch 049/060 val_loss=7.40555754 best_val_loss=7.40555754 bad_epochs=0/8 epoch_time=00:00:14 eta=00:02:32
[a1_daily_p5_20d] epoch 050/060 val_loss=155.36779175 best_val_loss=7.40555754 bad_epochs=1/8 epoch_time=00:00:14 eta=00:02:18
[a1_daily_p5_20d] epoch 051/060 val_loss=14.01953821 best_val_loss=7.40555754 bad_epochs=2/8 epoch_time=00:00:14 eta=00:02:05
[a1_daily_p5_20d] epoch 052/060 val_loss=120.60267868 best_val_loss=7.40555754 bad_epochs=3/8 epoch_time=00:00:14 eta=00:01:51
[a1_daily_p5_20d] epoch 053/060 val_loss=111.74252548 best_val_loss=7.40555754 bad_epochs=4/8 epoch_time=00:00:14 eta=00:01:37
[a1_daily_p5_20d] epoch 054/060 val_loss=337.80603943 best_val_loss=7.40555754 bad_epochs=5/8 epoch_time=00:00:14 eta=00:01:23
[a1_daily_p5_20d] epoch 055/060 val_loss=199.01139526 best_val_loss=7.40555754 bad_epochs=6/8 epoch_time=00:00:14 eta=00:01:09
[a1_daily_p5_20d] epoch 056/060 val_loss=7.82886107 best_val_loss=7.40555754 bad_epochs=7/8 epoch_time=00:00:14 eta=00:00:55
[a1_daily_p5_20d] epoch 057/060 val_loss=154.56392365 best_val_loss=7.40555754 bad_epochs=8/8 epoch_time=00:00:14 eta=00:00:42
[a1_daily_p5_20d] early stopping at epoch 57
[a1] done freq=daily patch=5 horizon=20d test_mse=0.524024 test_corr=-0.1385 test_rank_corr=-0.1578 test_direction_acc=0.4708 (overall elapsed 02:37:07)
[a1] === run 49/57: freq=daily patch=10 horizon=20d ===
[a1_daily_p10_20d] epoch 001/060 val_loss=75051.82812500 best_val_loss=75051.82812500 bad_epochs=0/8 epoch_time=00:00:13 eta=00:12:26
[a1_daily_p10_20d] epoch 002/060 val_loss=40464.58945313 best_val_loss=40464.58945313 bad_epochs=0/8 epoch_time=00:00:13 eta=00:12:13
[a1_daily_p10_20d] epoch 003/060 val_loss=14415.54492188 best_val_loss=14415.54492188 bad_epochs=0/8 epoch_time=00:00:13 eta=00:11:58
[a1_daily_p10_20d] epoch 004/060 val_loss=3824.85017090 best_val_loss=3824.85017090 bad_epochs=0/8 epoch_time=00:00:13 eta=00:11:45
[a1_daily_p10_20d] epoch 005/060 val_loss=383.55008545 best_val_loss=383.55008545 bad_epochs=0/8 epoch_time=00:00:13 eta=00:11:34
[a1_daily_p10_20d] epoch 006/060 val_loss=196.99104462 best_val_loss=196.99104462 bad_epochs=0/8 epoch_time=00:00:13 eta=00:11:21
[a1_daily_p10_20d] epoch 007/060 val_loss=344.11512451 best_val_loss=196.99104462 bad_epochs=1/8 epoch_time=00:00:13 eta=00:11:10
[a1_daily_p10_20d] epoch 008/060 val_loss=76.03990021 best_val_loss=76.03990021 bad_epochs=0/8 epoch_time=00:00:13 eta=00:10:57
[a1_daily_p10_20d] epoch 009/060 val_loss=175.23561249 best_val_loss=76.03990021 bad_epochs=1/8 epoch_time=00:00:13 eta=00:10:44
[a1_daily_p10_20d] epoch 010/060 val_loss=331.56831970 best_val_loss=76.03990021 bad_epochs=2/8 epoch_time=00:00:13 eta=00:10:31
[a1_daily_p10_20d] epoch 011/060 val_loss=72.36574860 best_val_loss=72.36574860 bad_epochs=0/8 epoch_time=00:00:13 eta=00:10:18
[a1_daily_p10_20d] epoch 012/060 val_loss=172.85858154 best_val_loss=72.36574860 bad_epochs=1/8 epoch_time=00:00:13 eta=00:10:06
[a1_daily_p10_20d] epoch 013/060 val_loss=327.60250854 best_val_loss=72.36574860 bad_epochs=2/8 epoch_time=00:00:13 eta=00:09:53
[a1_daily_p10_20d] epoch 014/060 val_loss=69.48960724 best_val_loss=69.48960724 bad_epochs=0/8 epoch_time=00:00:13 eta=00:09:41
[a1_daily_p10_20d] epoch 015/060 val_loss=171.97046204 best_val_loss=69.48960724 bad_epochs=1/8 epoch_time=00:00:13 eta=00:09:28
[a1_daily_p10_20d] epoch 016/060 val_loss=324.92501221 best_val_loss=69.48960724 bad_epochs=2/8 epoch_time=00:00:13 eta=00:09:16
[a1_daily_p10_20d] epoch 017/060 val_loss=67.66949615 best_val_loss=67.66949615 bad_epochs=0/8 epoch_time=00:00:13 eta=00:09:03
[a1_daily_p10_20d] epoch 018/060 val_loss=171.53669891 best_val_loss=67.66949615 bad_epochs=1/8 epoch_time=00:00:13 eta=00:08:51
[a1_daily_p10_20d] epoch 019/060 val_loss=323.60234680 best_val_loss=67.66949615 bad_epochs=2/8 epoch_time=00:00:13 eta=00:08:38
[a1_daily_p10_20d] epoch 020/060 val_loss=66.08927307 best_val_loss=66.08927307 bad_epochs=0/8 epoch_time=00:00:13 eta=00:08:25
[a1_daily_p10_20d] epoch 021/060 val_loss=171.18264313 best_val_loss=66.08927307 bad_epochs=1/8 epoch_time=00:00:13 eta=00:08:12
[a1_daily_p10_20d] epoch 022/060 val_loss=322.27919312 best_val_loss=66.08927307 bad_epochs=2/8 epoch_time=00:00:13 eta=00:08:00
[a1_daily_p10_20d] epoch 023/060 val_loss=64.97161713 best_val_loss=64.97161713 bad_epochs=0/8 epoch_time=00:00:13 eta=00:07:47
[a1_daily_p10_20d] epoch 024/060 val_loss=171.02920837 best_val_loss=64.97161713 bad_epochs=1/8 epoch_time=00:00:13 eta=00:07:35
[a1_daily_p10_20d] epoch 025/060 val_loss=321.34950562 best_val_loss=64.97161713 bad_epochs=2/8 epoch_time=00:00:13 eta=00:07:22
[a1_daily_p10_20d] epoch 026/060 val_loss=63.89892197 best_val_loss=63.89892197 bad_epochs=0/8 epoch_time=00:00:13 eta=00:07:09
[a1_daily_p10_20d] epoch 027/060 val_loss=171.13924255 best_val_loss=63.89892197 bad_epochs=1/8 epoch_time=00:00:13 eta=00:06:57
[a1_daily_p10_20d] epoch 028/060 val_loss=320.67741699 best_val_loss=63.89892197 bad_epochs=2/8 epoch_time=00:00:13 eta=00:06:44
[a1_daily_p10_20d] epoch 029/060 val_loss=62.97095871 best_val_loss=62.97095871 bad_epochs=0/8 epoch_time=00:00:13 eta=00:06:31
[a1_daily_p10_20d] epoch 030/060 val_loss=171.20307007 best_val_loss=62.97095871 bad_epochs=1/8 epoch_time=00:00:13 eta=00:06:19
[a1_daily_p10_20d] epoch 031/060 val_loss=320.26651917 best_val_loss=62.97095871 bad_epochs=2/8 epoch_time=00:00:13 eta=00:06:06
[a1_daily_p10_20d] epoch 032/060 val_loss=61.99646721 best_val_loss=61.99646721 bad_epochs=0/8 epoch_time=00:00:13 eta=00:05:53
[a1_daily_p10_20d] epoch 033/060 val_loss=171.23162231 best_val_loss=61.99646721 bad_epochs=1/8 epoch_time=00:00:13 eta=00:05:41
[a1_daily_p10_20d] epoch 034/060 val_loss=319.77715149 best_val_loss=61.99646721 bad_epochs=2/8 epoch_time=00:00:13 eta=00:05:28
[a1_daily_p10_20d] epoch 035/060 val_loss=61.23828087 best_val_loss=61.23828087 bad_epochs=0/8 epoch_time=00:00:13 eta=00:05:16
[a1_daily_p10_20d] epoch 036/060 val_loss=171.18319550 best_val_loss=61.23828087 bad_epochs=1/8 epoch_time=00:00:13 eta=00:05:03
[a1_daily_p10_20d] epoch 037/060 val_loss=319.37666016 best_val_loss=61.23828087 bad_epochs=2/8 epoch_time=00:00:13 eta=00:04:50
[a1_daily_p10_20d] epoch 038/060 val_loss=60.23071976 best_val_loss=60.23071976 bad_epochs=0/8 epoch_time=00:00:13 eta=00:04:38
[a1_daily_p10_20d] epoch 039/060 val_loss=171.27439880 best_val_loss=60.23071976 bad_epochs=1/8 epoch_time=00:00:13 eta=00:04:25
[a1_daily_p10_20d] epoch 040/060 val_loss=319.14127808 best_val_loss=60.23071976 bad_epochs=2/8 epoch_time=00:00:13 eta=00:04:13
[a1_daily_p10_20d] epoch 041/060 val_loss=59.72291412 best_val_loss=59.72291412 bad_epochs=0/8 epoch_time=00:00:13 eta=00:04:00
[a1_daily_p10_20d] epoch 042/060 val_loss=171.62222443 best_val_loss=59.72291412 bad_epochs=1/8 epoch_time=00:00:13 eta=00:03:47
[a1_daily_p10_20d] epoch 043/060 val_loss=319.29302063 best_val_loss=59.72291412 bad_epochs=2/8 epoch_time=00:00:13 eta=00:03:35
[a1_daily_p10_20d] epoch 044/060 val_loss=59.03412094 best_val_loss=59.03412094 bad_epochs=0/8 epoch_time=00:00:13 eta=00:03:22
[a1_daily_p10_20d] epoch 045/060 val_loss=172.16639709 best_val_loss=59.03412094 bad_epochs=1/8 epoch_time=00:00:13 eta=00:03:09
[a1_daily_p10_20d] epoch 046/060 val_loss=319.12301941 best_val_loss=59.03412094 bad_epochs=2/8 epoch_time=00:00:13 eta=00:02:57
[a1_daily_p10_20d] epoch 047/060 val_loss=58.38500366 best_val_loss=58.38500366 bad_epochs=0/8 epoch_time=00:00:13 eta=00:02:44
[a1_daily_p10_20d] epoch 048/060 val_loss=172.22431488 best_val_loss=58.38500366 bad_epochs=1/8 epoch_time=00:00:13 eta=00:02:32
[a1_daily_p10_20d] epoch 049/060 val_loss=319.40361328 best_val_loss=58.38500366 bad_epochs=2/8 epoch_time=00:00:13 eta=00:02:19
[a1_daily_p10_20d] epoch 050/060 val_loss=57.72690125 best_val_loss=57.72690125 bad_epochs=0/8 epoch_time=00:00:13 eta=00:02:06
[a1_daily_p10_20d] epoch 051/060 val_loss=172.39423828 best_val_loss=57.72690125 bad_epochs=1/8 epoch_time=00:00:13 eta=00:01:54
[a1_daily_p10_20d] epoch 052/060 val_loss=319.06667786 best_val_loss=57.72690125 bad_epochs=2/8 epoch_time=00:00:13 eta=00:01:41
[a1_daily_p10_20d] epoch 053/060 val_loss=57.06301270 best_val_loss=57.06301270 bad_epochs=0/8 epoch_time=00:00:13 eta=00:01:28
[a1_daily_p10_20d] epoch 054/060 val_loss=172.79553528 best_val_loss=57.06301270 bad_epochs=1/8 epoch_time=00:00:13 eta=00:01:16
[a1_daily_p10_20d] epoch 055/060 val_loss=319.74946899 best_val_loss=57.06301270 bad_epochs=2/8 epoch_time=00:00:13 eta=00:01:03
[a1_daily_p10_20d] epoch 056/060 val_loss=56.40064774 best_val_loss=56.40064774 bad_epochs=0/8 epoch_time=00:00:13 eta=00:00:51
[a1_daily_p10_20d] epoch 057/060 val_loss=173.32058411 best_val_loss=56.40064774 bad_epochs=1/8 epoch_time=00:00:13 eta=00:00:38
[a1_daily_p10_20d] epoch 058/060 val_loss=319.97952118 best_val_loss=56.40064774 bad_epochs=2/8 epoch_time=00:00:13 eta=00:00:25
[a1_daily_p10_20d] epoch 059/060 val_loss=55.73269081 best_val_loss=55.73269081 bad_epochs=0/8 epoch_time=00:00:13 eta=00:00:13
[a1_daily_p10_20d] epoch 060/060 val_loss=173.26424255 best_val_loss=55.73269081 bad_epochs=1/8 epoch_time=00:00:13 eta=00:00:00
[a1] done freq=daily patch=10 horizon=20d test_mse=25.670799 test_corr=0.0584 test_rank_corr=0.0603 test_direction_acc=0.4836 (overall elapsed 02:49:51)
[a1] === run 50/57: freq=daily patch=20 horizon=20d ===
[a1_daily_p20_20d] epoch 001/060 val_loss=60951.91640625 best_val_loss=60951.91640625 bad_epochs=0/8 epoch_time=00:00:09 eta=00:09:05
[a1_daily_p20_20d] epoch 002/060 val_loss=26488.01523438 best_val_loss=26488.01523438 bad_epochs=0/8 epoch_time=00:00:09 eta=00:08:51
[a1_daily_p20_20d] epoch 003/060 val_loss=1491.46578369 best_val_loss=1491.46578369 bad_epochs=0/8 epoch_time=00:00:09 eta=00:08:40
[a1_daily_p20_20d] epoch 004/060 val_loss=1158.02985229 best_val_loss=1158.02985229 bad_epochs=0/8 epoch_time=00:00:09 eta=00:08:30
[a1_daily_p20_20d] epoch 005/060 val_loss=352.92938843 best_val_loss=352.92938843 bad_epochs=0/8 epoch_time=00:00:09 eta=00:08:21
[a1_daily_p20_20d] epoch 006/060 val_loss=316.20830994 best_val_loss=316.20830994 bad_epochs=0/8 epoch_time=00:00:09 eta=00:08:12
[a1_daily_p20_20d] epoch 007/060 val_loss=308.04628906 best_val_loss=308.04628906 bad_epochs=0/8 epoch_time=00:00:09 eta=00:08:03
[a1_daily_p20_20d] epoch 008/060 val_loss=303.69116211 best_val_loss=303.69116211 bad_epochs=0/8 epoch_time=00:00:09 eta=00:07:53
[a1_daily_p20_20d] epoch 009/060 val_loss=299.98602600 best_val_loss=299.98602600 bad_epochs=0/8 epoch_time=00:00:09 eta=00:07:45
[a1_daily_p20_20d] epoch 010/060 val_loss=297.69001160 best_val_loss=297.69001160 bad_epochs=0/8 epoch_time=00:00:09 eta=00:07:36
[a1_daily_p20_20d] epoch 011/060 val_loss=295.81651917 best_val_loss=295.81651917 bad_epochs=0/8 epoch_time=00:00:09 eta=00:07:26
[a1_daily_p20_20d] epoch 012/060 val_loss=293.21370850 best_val_loss=293.21370850 bad_epochs=0/8 epoch_time=00:00:09 eta=00:07:17
[a1_daily_p20_20d] epoch 013/060 val_loss=291.08876038 best_val_loss=291.08876038 bad_epochs=0/8 epoch_time=00:00:09 eta=00:07:08
[a1_daily_p20_20d] epoch 014/060 val_loss=289.54606934 best_val_loss=289.54606934 bad_epochs=0/8 epoch_time=00:00:09 eta=00:06:59
[a1_daily_p20_20d] epoch 015/060 val_loss=287.92976227 best_val_loss=287.92976227 bad_epochs=0/8 epoch_time=00:00:09 eta=00:06:50
[a1_daily_p20_20d] epoch 016/060 val_loss=287.72771606 best_val_loss=287.72771606 bad_epochs=0/8 epoch_time=00:00:09 eta=00:06:41
[a1_daily_p20_20d] epoch 017/060 val_loss=285.03801422 best_val_loss=285.03801422 bad_epochs=0/8 epoch_time=00:00:09 eta=00:06:32
[a1_daily_p20_20d] epoch 018/060 val_loss=284.14064026 best_val_loss=284.14064026 bad_epochs=0/8 epoch_time=00:00:09 eta=00:06:23
[a1_daily_p20_20d] epoch 019/060 val_loss=283.18287354 best_val_loss=283.18287354 bad_epochs=0/8 epoch_time=00:00:09 eta=00:06:14
[a1_daily_p20_20d] epoch 020/060 val_loss=281.65754242 best_val_loss=281.65754242 bad_epochs=0/8 epoch_time=00:00:09 eta=00:06:05
[a1_daily_p20_20d] epoch 021/060 val_loss=280.66375122 best_val_loss=280.66375122 bad_epochs=0/8 epoch_time=00:00:09 eta=00:05:56
[a1_daily_p20_20d] epoch 022/060 val_loss=279.59015656 best_val_loss=279.59015656 bad_epochs=0/8 epoch_time=00:00:09 eta=00:05:47
[a1_daily_p20_20d] epoch 023/060 val_loss=278.30311127 best_val_loss=278.30311127 bad_epochs=0/8 epoch_time=00:00:09 eta=00:05:37
[a1_daily_p20_20d] epoch 024/060 val_loss=277.04255371 best_val_loss=277.04255371 bad_epochs=0/8 epoch_time=00:00:09 eta=00:05:28
[a1_daily_p20_20d] epoch 025/060 val_loss=275.93764954 best_val_loss=275.93764954 bad_epochs=0/8 epoch_time=00:00:09 eta=00:05:19
[a1_daily_p20_20d] epoch 026/060 val_loss=275.00878448 best_val_loss=275.00878448 bad_epochs=0/8 epoch_time=00:00:09 eta=00:05:10
[a1_daily_p20_20d] epoch 027/060 val_loss=273.86268311 best_val_loss=273.86268311 bad_epochs=0/8 epoch_time=00:00:09 eta=00:05:01
[a1_daily_p20_20d] epoch 028/060 val_loss=272.88651123 best_val_loss=272.88651123 bad_epochs=0/8 epoch_time=00:00:09 eta=00:04:52
[a1_daily_p20_20d] epoch 029/060 val_loss=271.57921600 best_val_loss=271.57921600 bad_epochs=0/8 epoch_time=00:00:09 eta=00:04:43
[a1_daily_p20_20d] epoch 030/060 val_loss=270.12529144 best_val_loss=270.12529144 bad_epochs=0/8 epoch_time=00:00:09 eta=00:04:33
[a1_daily_p20_20d] epoch 031/060 val_loss=269.79011688 best_val_loss=269.79011688 bad_epochs=0/8 epoch_time=00:00:09 eta=00:04:24
[a1_daily_p20_20d] epoch 032/060 val_loss=268.77182465 best_val_loss=268.77182465 bad_epochs=0/8 epoch_time=00:00:09 eta=00:04:15
[a1_daily_p20_20d] epoch 033/060 val_loss=268.32921753 best_val_loss=268.32921753 bad_epochs=0/8 epoch_time=00:00:09 eta=00:04:06
[a1_daily_p20_20d] epoch 034/060 val_loss=267.42759094 best_val_loss=267.42759094 bad_epochs=0/8 epoch_time=00:00:09 eta=00:03:57
[a1_daily_p20_20d] epoch 035/060 val_loss=266.86475372 best_val_loss=266.86475372 bad_epochs=0/8 epoch_time=00:00:09 eta=00:03:48
[a1_daily_p20_20d] epoch 036/060 val_loss=266.71655884 best_val_loss=266.71655884 bad_epochs=0/8 epoch_time=00:00:09 eta=00:03:39
[a1_daily_p20_20d] epoch 037/060 val_loss=265.64161682 best_val_loss=265.64161682 bad_epochs=0/8 epoch_time=00:00:09 eta=00:03:30
[a1_daily_p20_20d] epoch 038/060 val_loss=265.19301758 best_val_loss=265.19301758 bad_epochs=0/8 epoch_time=00:00:09 eta=00:03:21
[a1_daily_p20_20d] epoch 039/060 val_loss=264.20406952 best_val_loss=264.20406952 bad_epochs=0/8 epoch_time=00:00:09 eta=00:03:11
[a1_daily_p20_20d] epoch 040/060 val_loss=263.14615784 best_val_loss=263.14615784 bad_epochs=0/8 epoch_time=00:00:09 eta=00:03:02
[a1_daily_p20_20d] epoch 041/060 val_loss=262.45438232 best_val_loss=262.45438232 bad_epochs=0/8 epoch_time=00:00:09 eta=00:02:53
[a1_daily_p20_20d] epoch 042/060 val_loss=261.71935425 best_val_loss=261.71935425 bad_epochs=0/8 epoch_time=00:00:09 eta=00:02:44
[a1_daily_p20_20d] epoch 043/060 val_loss=260.45511932 best_val_loss=260.45511932 bad_epochs=0/8 epoch_time=00:00:09 eta=00:02:35
[a1_daily_p20_20d] epoch 044/060 val_loss=260.55433502 best_val_loss=260.45511932 bad_epochs=1/8 epoch_time=00:00:09 eta=00:02:26
[a1_daily_p20_20d] epoch 045/060 val_loss=259.57082520 best_val_loss=259.57082520 bad_epochs=0/8 epoch_time=00:00:09 eta=00:02:17
[a1_daily_p20_20d] epoch 046/060 val_loss=258.74532166 best_val_loss=258.74532166 bad_epochs=0/8 epoch_time=00:00:09 eta=00:02:08
[a1_daily_p20_20d] epoch 047/060 val_loss=258.25925140 best_val_loss=258.25925140 bad_epochs=0/8 epoch_time=00:00:09 eta=00:01:59
[a1_daily_p20_20d] epoch 048/060 val_loss=257.52666016 best_val_loss=257.52666016 bad_epochs=0/8 epoch_time=00:00:09 eta=00:01:49
[a1_daily_p20_20d] epoch 049/060 val_loss=256.32285156 best_val_loss=256.32285156 bad_epochs=0/8 epoch_time=00:00:09 eta=00:01:40
[a1_daily_p20_20d] epoch 050/060 val_loss=256.35452271 best_val_loss=256.32285156 bad_epochs=1/8 epoch_time=00:00:09 eta=00:01:31
[a1_daily_p20_20d] epoch 051/060 val_loss=256.00932312 best_val_loss=256.00932312 bad_epochs=0/8 epoch_time=00:00:09 eta=00:01:22
[a1_daily_p20_20d] epoch 052/060 val_loss=255.39049072 best_val_loss=255.39049072 bad_epochs=0/8 epoch_time=00:00:09 eta=00:01:13
[a1_daily_p20_20d] epoch 053/060 val_loss=255.59740601 best_val_loss=255.39049072 bad_epochs=1/8 epoch_time=00:00:09 eta=00:01:04
[a1_daily_p20_20d] epoch 054/060 val_loss=255.00545654 best_val_loss=255.00545654 bad_epochs=0/8 epoch_time=00:00:09 eta=00:00:55
[a1_daily_p20_20d] epoch 055/060 val_loss=254.37826843 best_val_loss=254.37826843 bad_epochs=0/8 epoch_time=00:00:09 eta=00:00:46
[a1_daily_p20_20d] epoch 056/060 val_loss=253.54228516 best_val_loss=253.54228516 bad_epochs=0/8 epoch_time=00:00:09 eta=00:00:36
[a1_daily_p20_20d] epoch 057/060 val_loss=252.92613983 best_val_loss=252.92613983 bad_epochs=0/8 epoch_time=00:00:09 eta=00:00:27
[a1_daily_p20_20d] epoch 058/060 val_loss=251.55428162 best_val_loss=251.55428162 bad_epochs=0/8 epoch_time=00:00:09 eta=00:00:18
[a1_daily_p20_20d] epoch 059/060 val_loss=251.03835449 best_val_loss=251.03835449 bad_epochs=0/8 epoch_time=00:00:09 eta=00:00:09
[a1_daily_p20_20d] epoch 060/060 val_loss=250.22736511 best_val_loss=250.22736511 bad_epochs=0/8 epoch_time=00:00:09 eta=00:00:00
[a1] done freq=daily patch=20 horizon=20d test_mse=536.809998 test_corr=0.0487 test_rank_corr=0.0670 test_direction_acc=0.4763 (overall elapsed 02:59:02)
[a1] === run 51/57: freq=daily patch=30 horizon=20d ===
[a1_daily_p30_20d] epoch 001/060 val_loss=28358.10859375 best_val_loss=28358.10859375 bad_epochs=0/8 epoch_time=00:00:11 eta=00:10:25
[a1_daily_p30_20d] epoch 002/060 val_loss=5871.34985352 best_val_loss=5871.34985352 bad_epochs=0/8 epoch_time=00:00:10 eta=00:10:11
[a1_daily_p30_20d] epoch 003/060 val_loss=212.97320251 best_val_loss=212.97320251 bad_epochs=0/8 epoch_time=00:00:10 eta=00:10:00
[a1_daily_p30_20d] epoch 004/060 val_loss=578.07038574 best_val_loss=212.97320251 bad_epochs=1/8 epoch_time=00:00:10 eta=00:09:47
[a1_daily_p30_20d] epoch 005/060 val_loss=110.29289551 best_val_loss=110.29289551 bad_epochs=0/8 epoch_time=00:00:10 eta=00:09:36
[a1_daily_p30_20d] epoch 006/060 val_loss=256.10852661 best_val_loss=110.29289551 bad_epochs=1/8 epoch_time=00:00:10 eta=00:09:26
[a1_daily_p30_20d] epoch 007/060 val_loss=198.19158020 best_val_loss=110.29289551 bad_epochs=2/8 epoch_time=00:00:10 eta=00:09:15
[a1_daily_p30_20d] epoch 008/060 val_loss=7.22342143 best_val_loss=7.22342143 bad_epochs=0/8 epoch_time=00:00:10 eta=00:09:04
[a1_daily_p30_20d] epoch 009/060 val_loss=47.94630547 best_val_loss=7.22342143 bad_epochs=1/8 epoch_time=00:00:10 eta=00:08:54
[a1_daily_p30_20d] epoch 010/060 val_loss=135.66601410 best_val_loss=7.22342143 bad_epochs=2/8 epoch_time=00:00:10 eta=00:08:43
[a1_daily_p30_20d] epoch 011/060 val_loss=63.29678383 best_val_loss=7.22342143 bad_epochs=3/8 epoch_time=00:00:10 eta=00:08:33
[a1_daily_p30_20d] epoch 012/060 val_loss=70.32461243 best_val_loss=7.22342143 bad_epochs=4/8 epoch_time=00:00:10 eta=00:08:22
[a1_daily_p30_20d] epoch 013/060 val_loss=209.80200806 best_val_loss=7.22342143 bad_epochs=5/8 epoch_time=00:00:10 eta=00:08:12
[a1_daily_p30_20d] epoch 014/060 val_loss=173.14855347 best_val_loss=7.22342143 bad_epochs=6/8 epoch_time=00:00:10 eta=00:08:01
[a1_daily_p30_20d] epoch 015/060 val_loss=8.95247827 best_val_loss=7.22342143 bad_epochs=7/8 epoch_time=00:00:10 eta=00:07:50
[a1_daily_p30_20d] epoch 016/060 val_loss=274.67119904 best_val_loss=7.22342143 bad_epochs=8/8 epoch_time=00:00:11 eta=00:07:40
[a1_daily_p30_20d] early stopping at epoch 16
[a1] done freq=daily patch=30 horizon=20d test_mse=1.241317 test_corr=0.1932 test_rank_corr=0.3062 test_direction_acc=0.4434 (overall elapsed 03:01:54)
[a1] === run 52/57: freq=weekly patch=2 horizon=20d ===
[a1_weekly_p2_20d] epoch 001/060 val_loss=442396.60625000 best_val_loss=442396.60625000 bad_epochs=0/8 epoch_time=00:00:05 eta=00:04:30
[a1_weekly_p2_20d] epoch 002/060 val_loss=317335.09375000 best_val_loss=317335.09375000 bad_epochs=0/8 epoch_time=00:00:05 eta=00:04:29
[a1_weekly_p2_20d] epoch 003/060 val_loss=203133.93125000 best_val_loss=203133.93125000 bad_epochs=0/8 epoch_time=00:00:05 eta=00:04:23
[a1_weekly_p2_20d] epoch 004/060 val_loss=103789.63906250 best_val_loss=103789.63906250 bad_epochs=0/8 epoch_time=00:00:05 eta=00:04:20
[a1_weekly_p2_20d] epoch 005/060 val_loss=37304.45000000 best_val_loss=37304.45000000 bad_epochs=0/8 epoch_time=00:00:05 eta=00:04:15
[a1_weekly_p2_20d] epoch 006/060 val_loss=8120.53076172 best_val_loss=8120.53076172 bad_epochs=0/8 epoch_time=00:00:05 eta=00:04:11
[a1_weekly_p2_20d] epoch 007/060 val_loss=2909.24985352 best_val_loss=2909.24985352 bad_epochs=0/8 epoch_time=00:00:05 eta=00:04:06
[a1_weekly_p2_20d] epoch 008/060 val_loss=254.98596191 best_val_loss=254.98596191 bad_epochs=0/8 epoch_time=00:00:05 eta=00:04:02
[a1_weekly_p2_20d] epoch 009/060 val_loss=334.53951721 best_val_loss=254.98596191 bad_epochs=1/8 epoch_time=00:00:05 eta=00:03:57
[a1_weekly_p2_20d] epoch 010/060 val_loss=254.35364075 best_val_loss=254.35364075 bad_epochs=0/8 epoch_time=00:00:05 eta=00:03:52
[a1_weekly_p2_20d] epoch 011/060 val_loss=419.44068604 best_val_loss=254.35364075 bad_epochs=1/8 epoch_time=00:00:05 eta=00:03:47
[a1_weekly_p2_20d] epoch 012/060 val_loss=351.88714600 best_val_loss=254.35364075 bad_epochs=2/8 epoch_time=00:00:05 eta=00:03:43
[a1_weekly_p2_20d] epoch 013/060 val_loss=244.27667847 best_val_loss=244.27667847 bad_epochs=0/8 epoch_time=00:00:05 eta=00:03:38
[a1_weekly_p2_20d] epoch 014/060 val_loss=416.54725952 best_val_loss=244.27667847 bad_epochs=1/8 epoch_time=00:00:05 eta=00:03:33
[a1_weekly_p2_20d] epoch 015/060 val_loss=350.24608765 best_val_loss=244.27667847 bad_epochs=2/8 epoch_time=00:00:05 eta=00:03:29
[a1_weekly_p2_20d] epoch 016/060 val_loss=238.78585510 best_val_loss=238.78585510 bad_epochs=0/8 epoch_time=00:00:05 eta=00:03:24
[a1_weekly_p2_20d] epoch 017/060 val_loss=414.55882568 best_val_loss=238.78585510 bad_epochs=1/8 epoch_time=00:00:05 eta=00:03:19
[a1_weekly_p2_20d] epoch 018/060 val_loss=349.64592896 best_val_loss=238.78585510 bad_epochs=2/8 epoch_time=00:00:05 eta=00:03:15
[a1_weekly_p2_20d] epoch 019/060 val_loss=235.48809204 best_val_loss=235.48809204 bad_epochs=0/8 epoch_time=00:00:05 eta=00:03:10
[a1_weekly_p2_20d] epoch 020/060 val_loss=414.22608032 best_val_loss=235.48809204 bad_epochs=1/8 epoch_time=00:00:05 eta=00:03:05
[a1_weekly_p2_20d] epoch 021/060 val_loss=349.40815430 best_val_loss=235.48809204 bad_epochs=2/8 epoch_time=00:00:05 eta=00:03:01
[a1_weekly_p2_20d] epoch 022/060 val_loss=233.17294617 best_val_loss=233.17294617 bad_epochs=0/8 epoch_time=00:00:05 eta=00:02:56
[a1_weekly_p2_20d] epoch 023/060 val_loss=415.06182251 best_val_loss=233.17294617 bad_epochs=1/8 epoch_time=00:00:05 eta=00:02:52
[a1_weekly_p2_20d] epoch 024/060 val_loss=349.52440796 best_val_loss=233.17294617 bad_epochs=2/8 epoch_time=00:00:05 eta=00:02:47
[a1_weekly_p2_20d] epoch 025/060 val_loss=231.35242004 best_val_loss=231.35242004 bad_epochs=0/8 epoch_time=00:00:05 eta=00:02:42
[a1_weekly_p2_20d] epoch 026/060 val_loss=414.19302979 best_val_loss=231.35242004 bad_epochs=1/8 epoch_time=00:00:05 eta=00:02:38
[a1_weekly_p2_20d] epoch 027/060 val_loss=349.84972534 best_val_loss=231.35242004 bad_epochs=2/8 epoch_time=00:00:05 eta=00:02:33
[a1_weekly_p2_20d] epoch 028/060 val_loss=230.03050537 best_val_loss=230.03050537 bad_epochs=0/8 epoch_time=00:00:05 eta=00:02:29
[a1_weekly_p2_20d] epoch 029/060 val_loss=415.29337769 best_val_loss=230.03050537 bad_epochs=1/8 epoch_time=00:00:05 eta=00:02:24
[a1_weekly_p2_20d] epoch 030/060 val_loss=350.78156128 best_val_loss=230.03050537 bad_epochs=2/8 epoch_time=00:00:05 eta=00:02:19
[a1_weekly_p2_20d] epoch 031/060 val_loss=228.15928040 best_val_loss=228.15928040 bad_epochs=0/8 epoch_time=00:00:05 eta=00:02:15
[a1_weekly_p2_20d] epoch 032/060 val_loss=414.80164795 best_val_loss=228.15928040 bad_epochs=1/8 epoch_time=00:00:05 eta=00:02:10
[a1_weekly_p2_20d] epoch 033/060 val_loss=350.47578125 best_val_loss=228.15928040 bad_epochs=2/8 epoch_time=00:00:05 eta=00:02:05
[a1_weekly_p2_20d] epoch 034/060 val_loss=227.08276672 best_val_loss=227.08276672 bad_epochs=0/8 epoch_time=00:00:05 eta=00:02:01
[a1_weekly_p2_20d] epoch 035/060 val_loss=415.04368286 best_val_loss=227.08276672 bad_epochs=1/8 epoch_time=00:00:05 eta=00:01:56
[a1_weekly_p2_20d] epoch 036/060 val_loss=350.66844482 best_val_loss=227.08276672 bad_epochs=2/8 epoch_time=00:00:05 eta=00:01:51
[a1_weekly_p2_20d] epoch 037/060 val_loss=225.94491272 best_val_loss=225.94491272 bad_epochs=0/8 epoch_time=00:00:05 eta=00:01:47
[a1_weekly_p2_20d] epoch 038/060 val_loss=415.44910889 best_val_loss=225.94491272 bad_epochs=1/8 epoch_time=00:00:05 eta=00:01:42
[a1_weekly_p2_20d] epoch 039/060 val_loss=351.37318726 best_val_loss=225.94491272 bad_epochs=2/8 epoch_time=00:00:05 eta=00:01:38
[a1_weekly_p2_20d] epoch 040/060 val_loss=225.24208374 best_val_loss=225.24208374 bad_epochs=0/8 epoch_time=00:00:05 eta=00:01:33
[a1_weekly_p2_20d] epoch 041/060 val_loss=415.17171021 best_val_loss=225.24208374 bad_epochs=1/8 epoch_time=00:00:05 eta=00:01:28
[a1_weekly_p2_20d] epoch 042/060 val_loss=349.72114258 best_val_loss=225.24208374 bad_epochs=2/8 epoch_time=00:00:05 eta=00:01:24
[a1_weekly_p2_20d] epoch 043/060 val_loss=223.49331970 best_val_loss=223.49331970 bad_epochs=0/8 epoch_time=00:00:05 eta=00:01:19
[a1_weekly_p2_20d] epoch 044/060 val_loss=414.83203125 best_val_loss=223.49331970 bad_epochs=1/8 epoch_time=00:00:05 eta=00:01:14
[a1_weekly_p2_20d] epoch 045/060 val_loss=350.85402832 best_val_loss=223.49331970 bad_epochs=2/8 epoch_time=00:00:05 eta=00:01:10
[a1_weekly_p2_20d] epoch 046/060 val_loss=221.84323120 best_val_loss=221.84323120 bad_epochs=0/8 epoch_time=00:00:05 eta=00:01:05
[a1_weekly_p2_20d] epoch 047/060 val_loss=414.09721680 best_val_loss=221.84323120 bad_epochs=1/8 epoch_time=00:00:05 eta=00:01:00
[a1_weekly_p2_20d] epoch 048/060 val_loss=350.85635986 best_val_loss=221.84323120 bad_epochs=2/8 epoch_time=00:00:05 eta=00:00:56
[a1_weekly_p2_20d] epoch 049/060 val_loss=221.16677856 best_val_loss=221.16677856 bad_epochs=0/8 epoch_time=00:00:05 eta=00:00:51
[a1_weekly_p2_20d] epoch 050/060 val_loss=414.54603271 best_val_loss=221.16677856 bad_epochs=1/8 epoch_time=00:00:05 eta=00:00:46
[a1_weekly_p2_20d] epoch 051/060 val_loss=350.45643311 best_val_loss=221.16677856 bad_epochs=2/8 epoch_time=00:00:05 eta=00:00:42
[a1_weekly_p2_20d] epoch 052/060 val_loss=219.90957947 best_val_loss=219.90957947 bad_epochs=0/8 epoch_time=00:00:05 eta=00:00:37
[a1_weekly_p2_20d] epoch 053/060 val_loss=413.49326172 best_val_loss=219.90957947 bad_epochs=1/8 epoch_time=00:00:05 eta=00:00:32
[a1_weekly_p2_20d] epoch 054/060 val_loss=349.77620850 best_val_loss=219.90957947 bad_epochs=2/8 epoch_time=00:00:05 eta=00:00:28
[a1_weekly_p2_20d] epoch 055/060 val_loss=219.08144531 best_val_loss=219.08144531 bad_epochs=0/8 epoch_time=00:00:05 eta=00:00:23
[a1_weekly_p2_20d] epoch 056/060 val_loss=413.83777466 best_val_loss=219.08144531 bad_epochs=1/8 epoch_time=00:00:05 eta=00:00:19
[a1_weekly_p2_20d] epoch 057/060 val_loss=350.44654541 best_val_loss=219.08144531 bad_epochs=2/8 epoch_time=00:00:05 eta=00:00:14
[a1_weekly_p2_20d] epoch 058/060 val_loss=218.72495728 best_val_loss=218.72495728 bad_epochs=0/8 epoch_time=00:00:05 eta=00:00:09
[a1_weekly_p2_20d] epoch 059/060 val_loss=411.63616943 best_val_loss=218.72495728 bad_epochs=1/8 epoch_time=00:00:05 eta=00:00:05
[a1_weekly_p2_20d] epoch 060/060 val_loss=348.90941772 best_val_loss=218.72495728 bad_epochs=2/8 epoch_time=00:00:05 eta=00:00:00
[a1] done freq=weekly patch=2 horizon=20d test_mse=758.681885 test_corr=-0.0397 test_rank_corr=-0.0589 test_direction_acc=0.5438 (overall elapsed 03:06:35)
[a1] === run 53/57: freq=weekly patch=4 horizon=20d ===
[a1_weekly_p4_20d] epoch 001/060 val_loss=267809.72500000 best_val_loss=267809.72500000 bad_epochs=0/8 epoch_time=00:00:03 eta=00:03:24
[a1_weekly_p4_20d] epoch 002/060 val_loss=168083.21250000 best_val_loss=168083.21250000 bad_epochs=0/8 epoch_time=00:00:04 eta=00:03:22
[a1_weekly_p4_20d] epoch 003/060 val_loss=64566.26171875 best_val_loss=64566.26171875 bad_epochs=0/8 epoch_time=00:00:03 eta=00:03:18
[a1_weekly_p4_20d] epoch 004/060 val_loss=2775.80244141 best_val_loss=2775.80244141 bad_epochs=0/8 epoch_time=00:00:03 eta=00:03:15
[a1_weekly_p4_20d] epoch 005/060 val_loss=4988.72402344 best_val_loss=2775.80244141 bad_epochs=1/8 epoch_time=00:00:04 eta=00:03:12
[a1_weekly_p4_20d] epoch 006/060 val_loss=2510.55258789 best_val_loss=2510.55258789 bad_epochs=0/8 epoch_time=00:00:03 eta=00:03:08
[a1_weekly_p4_20d] epoch 007/060 val_loss=887.23870850 best_val_loss=887.23870850 bad_epochs=0/8 epoch_time=00:00:03 eta=00:03:04
[a1_weekly_p4_20d] epoch 008/060 val_loss=632.24830322 best_val_loss=632.24830322 bad_epochs=0/8 epoch_time=00:00:04 eta=00:03:01
[a1_weekly_p4_20d] epoch 009/060 val_loss=154.08121948 best_val_loss=154.08121948 bad_epochs=0/8 epoch_time=00:00:04 eta=00:02:58
[a1_weekly_p4_20d] epoch 010/060 val_loss=75.40853233 best_val_loss=75.40853233 bad_epochs=0/8 epoch_time=00:00:04 eta=00:02:55
[a1_weekly_p4_20d] epoch 011/060 val_loss=516.20114746 best_val_loss=75.40853233 bad_epochs=1/8 epoch_time=00:00:03 eta=00:02:51
[a1_weekly_p4_20d] epoch 012/060 val_loss=472.99641724 best_val_loss=75.40853233 bad_epochs=2/8 epoch_time=00:00:03 eta=00:02:47
[a1_weekly_p4_20d] epoch 013/060 val_loss=62.70751534 best_val_loss=62.70751534 bad_epochs=0/8 epoch_time=00:00:04 eta=00:02:44
[a1_weekly_p4_20d] epoch 014/060 val_loss=67.24177475 best_val_loss=62.70751534 bad_epochs=1/8 epoch_time=00:00:03 eta=00:02:40
[a1_weekly_p4_20d] epoch 015/060 val_loss=124.87440338 best_val_loss=62.70751534 bad_epochs=2/8 epoch_time=00:00:03 eta=00:02:37
[a1_weekly_p4_20d] epoch 016/060 val_loss=467.44597168 best_val_loss=62.70751534 bad_epochs=3/8 epoch_time=00:00:03 eta=00:02:33
[a1_weekly_p4_20d] epoch 017/060 val_loss=416.17521973 best_val_loss=62.70751534 bad_epochs=4/8 epoch_time=00:00:03 eta=00:02:30
[a1_weekly_p4_20d] epoch 018/060 val_loss=838.93054199 best_val_loss=62.70751534 bad_epochs=5/8 epoch_time=00:00:03 eta=00:02:26
[a1_weekly_p4_20d] epoch 019/060 val_loss=278.98343811 best_val_loss=62.70751534 bad_epochs=6/8 epoch_time=00:00:04 eta=00:02:23
[a1_weekly_p4_20d] epoch 020/060 val_loss=296.13630981 best_val_loss=62.70751534 bad_epochs=7/8 epoch_time=00:00:03 eta=00:02:19
[a1_weekly_p4_20d] epoch 021/060 val_loss=549.43054199 best_val_loss=62.70751534 bad_epochs=8/8 epoch_time=00:00:04 eta=00:02:16
[a1_weekly_p4_20d] early stopping at epoch 21
[a1] done freq=weekly patch=4 horizon=20d test_mse=159.140305 test_corr=-0.1112 test_rank_corr=-0.1134 test_direction_acc=0.5018 (overall elapsed 03:07:49)
[a1] === run 54/57: freq=weekly patch=8 horizon=20d ===
[a1_weekly_p8_20d] epoch 001/060 val_loss=136972.21562500 best_val_loss=136972.21562500 bad_epochs=0/8 epoch_time=00:00:03 eta=00:03:08
[a1_weekly_p8_20d] epoch 002/060 val_loss=51324.47734375 best_val_loss=51324.47734375 bad_epochs=0/8 epoch_time=00:00:03 eta=00:03:04
[a1_weekly_p8_20d] epoch 003/060 val_loss=10633.30068359 best_val_loss=10633.30068359 bad_epochs=0/8 epoch_time=00:00:03 eta=00:03:01
[a1_weekly_p8_20d] epoch 004/060 val_loss=1869.51616211 best_val_loss=1869.51616211 bad_epochs=0/8 epoch_time=00:00:03 eta=00:02:59
[a1_weekly_p8_20d] epoch 005/060 val_loss=613.23310547 best_val_loss=613.23310547 bad_epochs=0/8 epoch_time=00:00:03 eta=00:02:55
[a1_weekly_p8_20d] epoch 006/060 val_loss=1039.79244385 best_val_loss=613.23310547 bad_epochs=1/8 epoch_time=00:00:03 eta=00:02:52
[a1_weekly_p8_20d] epoch 007/060 val_loss=389.10159302 best_val_loss=389.10159302 bad_epochs=0/8 epoch_time=00:00:03 eta=00:02:49
[a1_weekly_p8_20d] epoch 008/060 val_loss=268.26505737 best_val_loss=268.26505737 bad_epochs=0/8 epoch_time=00:00:03 eta=00:02:46
[a1_weekly_p8_20d] epoch 009/060 val_loss=800.90261230 best_val_loss=268.26505737 bad_epochs=1/8 epoch_time=00:00:03 eta=00:02:42
[a1_weekly_p8_20d] epoch 010/060 val_loss=593.61372070 best_val_loss=268.26505737 bad_epochs=2/8 epoch_time=00:00:03 eta=00:02:39
[a1_weekly_p8_20d] epoch 011/060 val_loss=86.21045456 best_val_loss=86.21045456 bad_epochs=0/8 epoch_time=00:00:03 eta=00:02:36
[a1_weekly_p8_20d] epoch 012/060 val_loss=636.85372314 best_val_loss=86.21045456 bad_epochs=1/8 epoch_time=00:00:03 eta=00:02:33
[a1_weekly_p8_20d] epoch 013/060 val_loss=1007.43618164 best_val_loss=86.21045456 bad_epochs=2/8 epoch_time=00:00:03 eta=00:02:30
[a1_weekly_p8_20d] epoch 014/060 val_loss=377.10867004 best_val_loss=86.21045456 bad_epochs=3/8 epoch_time=00:00:03 eta=00:02:27
[a1_weekly_p8_20d] epoch 015/060 val_loss=257.98814087 best_val_loss=86.21045456 bad_epochs=4/8 epoch_time=00:00:03 eta=00:02:24
[a1_weekly_p8_20d] epoch 016/060 val_loss=790.03029175 best_val_loss=86.21045456 bad_epochs=5/8 epoch_time=00:00:03 eta=00:02:21
[a1_weekly_p8_20d] epoch 017/060 val_loss=591.95693359 best_val_loss=86.21045456 bad_epochs=6/8 epoch_time=00:00:03 eta=00:02:18
[a1_weekly_p8_20d] epoch 018/060 val_loss=77.44409103 best_val_loss=77.44409103 bad_epochs=0/8 epoch_time=00:00:03 eta=00:02:15
[a1_weekly_p8_20d] epoch 019/060 val_loss=630.80120239 best_val_loss=77.44409103 bad_epochs=1/8 epoch_time=00:00:03 eta=00:02:12
[a1_weekly_p8_20d] epoch 020/060 val_loss=987.59205322 best_val_loss=77.44409103 bad_epochs=2/8 epoch_time=00:00:03 eta=00:02:08
[a1_weekly_p8_20d] epoch 021/060 val_loss=360.76990967 best_val_loss=77.44409103 bad_epochs=3/8 epoch_time=00:00:03 eta=00:02:05
[a1_weekly_p8_20d] epoch 022/060 val_loss=245.40084229 best_val_loss=77.44409103 bad_epochs=4/8 epoch_time=00:00:03 eta=00:02:02
[a1_weekly_p8_20d] epoch 023/060 val_loss=776.55000000 best_val_loss=77.44409103 bad_epochs=5/8 epoch_time=00:00:03 eta=00:01:59
[a1_weekly_p8_20d] epoch 024/060 val_loss=584.98706665 best_val_loss=77.44409103 bad_epochs=6/8 epoch_time=00:00:03 eta=00:01:56
[a1_weekly_p8_20d] epoch 025/060 val_loss=70.12150955 best_val_loss=70.12150955 bad_epochs=0/8 epoch_time=00:00:03 eta=00:01:52
[a1_weekly_p8_20d] epoch 026/060 val_loss=624.41351318 best_val_loss=70.12150955 bad_epochs=1/8 epoch_time=00:00:03 eta=00:01:49
[a1_weekly_p8_20d] epoch 027/060 val_loss=970.41188965 best_val_loss=70.12150955 bad_epochs=2/8 epoch_time=00:00:03 eta=00:01:46
[a1_weekly_p8_20d] epoch 028/060 val_loss=350.88951111 best_val_loss=70.12150955 bad_epochs=3/8 epoch_time=00:00:03 eta=00:01:43
[a1_weekly_p8_20d] epoch 029/060 val_loss=241.20464172 best_val_loss=70.12150955 bad_epochs=4/8 epoch_time=00:00:03 eta=00:01:39
[a1_weekly_p8_20d] epoch 030/060 val_loss=784.27708740 best_val_loss=70.12150955 bad_epochs=5/8 epoch_time=00:00:03 eta=00:01:36
[a1_weekly_p8_20d] epoch 031/060 val_loss=591.57386475 best_val_loss=70.12150955 bad_epochs=6/8 epoch_time=00:00:03 eta=00:01:33
[a1_weekly_p8_20d] epoch 032/060 val_loss=64.40691071 best_val_loss=64.40691071 bad_epochs=0/8 epoch_time=00:00:03 eta=00:01:30
[a1_weekly_p8_20d] epoch 033/060 val_loss=620.49346924 best_val_loss=64.40691071 bad_epochs=1/8 epoch_time=00:00:03 eta=00:01:27
[a1_weekly_p8_20d] epoch 034/060 val_loss=949.77803955 best_val_loss=64.40691071 bad_epochs=2/8 epoch_time=00:00:03 eta=00:01:23
[a1_weekly_p8_20d] epoch 035/060 val_loss=343.18681641 best_val_loss=64.40691071 bad_epochs=3/8 epoch_time=00:00:03 eta=00:01:20
[a1_weekly_p8_20d] epoch 036/060 val_loss=230.24968567 best_val_loss=64.40691071 bad_epochs=4/8 epoch_time=00:00:03 eta=00:01:17
[a1_weekly_p8_20d] epoch 037/060 val_loss=771.84058838 best_val_loss=64.40691071 bad_epochs=5/8 epoch_time=00:00:03 eta=00:01:14
[a1_weekly_p8_20d] epoch 038/060 val_loss=584.06843262 best_val_loss=64.40691071 bad_epochs=6/8 epoch_time=00:00:03 eta=00:01:11
[a1_weekly_p8_20d] epoch 039/060 val_loss=57.98670578 best_val_loss=57.98670578 bad_epochs=0/8 epoch_time=00:00:03 eta=00:01:07
[a1_weekly_p8_20d] epoch 040/060 val_loss=626.78355103 best_val_loss=57.98670578 bad_epochs=1/8 epoch_time=00:00:03 eta=00:01:04
[a1_weekly_p8_20d] epoch 041/060 val_loss=946.18427734 best_val_loss=57.98670578 bad_epochs=2/8 epoch_time=00:00:03 eta=00:01:01
[a1_weekly_p8_20d] epoch 042/060 val_loss=340.09239502 best_val_loss=57.98670578 bad_epochs=3/8 epoch_time=00:00:03 eta=00:00:58
[a1_weekly_p8_20d] epoch 043/060 val_loss=226.66428223 best_val_loss=57.98670578 bad_epochs=4/8 epoch_time=00:00:03 eta=00:00:54
[a1_weekly_p8_20d] epoch 044/060 val_loss=769.82215576 best_val_loss=57.98670578 bad_epochs=5/8 epoch_time=00:00:03 eta=00:00:51
[a1_weekly_p8_20d] epoch 045/060 val_loss=571.49913940 best_val_loss=57.98670578 bad_epochs=6/8 epoch_time=00:00:03 eta=00:00:48
[a1_weekly_p8_20d] epoch 046/060 val_loss=51.45572357 best_val_loss=51.45572357 bad_epochs=0/8 epoch_time=00:00:03 eta=00:00:45
[a1_weekly_p8_20d] epoch 047/060 val_loss=616.92020874 best_val_loss=51.45572357 bad_epochs=1/8 epoch_time=00:00:03 eta=00:00:42
[a1_weekly_p8_20d] epoch 048/060 val_loss=929.84915771 best_val_loss=51.45572357 bad_epochs=2/8 epoch_time=00:00:03 eta=00:00:38
[a1_weekly_p8_20d] epoch 049/060 val_loss=330.48859253 best_val_loss=51.45572357 bad_epochs=3/8 epoch_time=00:00:03 eta=00:00:35
[a1_weekly_p8_20d] epoch 050/060 val_loss=220.44923096 best_val_loss=51.45572357 bad_epochs=4/8 epoch_time=00:00:03 eta=00:00:32
[a1_weekly_p8_20d] epoch 051/060 val_loss=771.73001709 best_val_loss=51.45572357 bad_epochs=5/8 epoch_time=00:00:03 eta=00:00:29
[a1_weekly_p8_20d] epoch 052/060 val_loss=582.80073242 best_val_loss=51.45572357 bad_epochs=6/8 epoch_time=00:00:03 eta=00:00:26
[a1_weekly_p8_20d] epoch 053/060 val_loss=45.90502815 best_val_loss=45.90502815 bad_epochs=0/8 epoch_time=00:00:03 eta=00:00:22
[a1_weekly_p8_20d] epoch 054/060 val_loss=629.94627686 best_val_loss=45.90502815 bad_epochs=1/8 epoch_time=00:00:03 eta=00:00:19
[a1_weekly_p8_20d] epoch 055/060 val_loss=945.09163818 best_val_loss=45.90502815 bad_epochs=2/8 epoch_time=00:00:03 eta=00:00:16
[a1_weekly_p8_20d] epoch 056/060 val_loss=327.90810547 best_val_loss=45.90502815 bad_epochs=3/8 epoch_time=00:00:03 eta=00:00:13
[a1_weekly_p8_20d] epoch 057/060 val_loss=219.51399231 best_val_loss=45.90502815 bad_epochs=4/8 epoch_time=00:00:03 eta=00:00:10
[a1_weekly_p8_20d] epoch 058/060 val_loss=777.07979736 best_val_loss=45.90502815 bad_epochs=5/8 epoch_time=00:00:03 eta=00:00:06
[a1_weekly_p8_20d] epoch 059/060 val_loss=572.36261597 best_val_loss=45.90502815 bad_epochs=6/8 epoch_time=00:00:03 eta=00:00:03
[a1_weekly_p8_20d] epoch 060/060 val_loss=39.30140762 best_val_loss=39.30140762 bad_epochs=0/8 epoch_time=00:00:03 eta=00:00:00
[a1] done freq=weekly patch=8 horizon=20d test_mse=38.168018 test_corr=-0.1291 test_rank_corr=-0.2154 test_direction_acc=0.5292 (overall elapsed 03:11:02)
[a1] === run 55/57: freq=weekly patch=12 horizon=20d ===
[a1_weekly_p12_20d] epoch 001/060 val_loss=1253868.67500000 best_val_loss=1253868.67500000 bad_epochs=0/8 epoch_time=00:00:03 eta=00:02:59
[a1_weekly_p12_20d] epoch 002/060 val_loss=873227.35000000 best_val_loss=873227.35000000 bad_epochs=0/8 epoch_time=00:00:03 eta=00:02:55
[a1_weekly_p12_20d] epoch 003/060 val_loss=653502.63750000 best_val_loss=653502.63750000 bad_epochs=0/8 epoch_time=00:00:03 eta=00:02:54
[a1_weekly_p12_20d] epoch 004/060 val_loss=645121.75000000 best_val_loss=645121.75000000 bad_epochs=0/8 epoch_time=00:00:03 eta=00:02:51
[a1_weekly_p12_20d] epoch 005/060 val_loss=540850.08125000 best_val_loss=540850.08125000 bad_epochs=0/8 epoch_time=00:00:03 eta=00:02:47
[a1_weekly_p12_20d] epoch 006/060 val_loss=451216.96875000 best_val_loss=451216.96875000 bad_epochs=0/8 epoch_time=00:00:03 eta=00:02:44
[a1_weekly_p12_20d] epoch 007/060 val_loss=432990.76875000 best_val_loss=432990.76875000 bad_epochs=0/8 epoch_time=00:00:03 eta=00:02:41
[a1_weekly_p12_20d] epoch 008/060 val_loss=345969.02500000 best_val_loss=345969.02500000 bad_epochs=0/8 epoch_time=00:00:03 eta=00:02:38
[a1_weekly_p12_20d] epoch 009/060 val_loss=267123.00000000 best_val_loss=267123.00000000 bad_epochs=0/8 epoch_time=00:00:03 eta=00:02:35
[a1_weekly_p12_20d] epoch 010/060 val_loss=235450.24687500 best_val_loss=235450.24687500 bad_epochs=0/8 epoch_time=00:00:03 eta=00:02:32
[a1_weekly_p12_20d] epoch 011/060 val_loss=159402.39375000 best_val_loss=159402.39375000 bad_epochs=0/8 epoch_time=00:00:03 eta=00:02:28
[a1_weekly_p12_20d] epoch 012/060 val_loss=92525.18593750 best_val_loss=92525.18593750 bad_epochs=0/8 epoch_time=00:00:03 eta=00:02:25
[a1_weekly_p12_20d] epoch 013/060 val_loss=27547.71015625 best_val_loss=27547.71015625 bad_epochs=0/8 epoch_time=00:00:03 eta=00:02:22
[a1_weekly_p12_20d] epoch 014/060 val_loss=7583.96357422 best_val_loss=7583.96357422 bad_epochs=0/8 epoch_time=00:00:03 eta=00:02:19
[a1_weekly_p12_20d] epoch 015/060 val_loss=2829.42275391 best_val_loss=2829.42275391 bad_epochs=0/8 epoch_time=00:00:03 eta=00:02:16
[a1_weekly_p12_20d] epoch 016/060 val_loss=848.23010254 best_val_loss=848.23010254 bad_epochs=0/8 epoch_time=00:00:03 eta=00:02:13
[a1_weekly_p12_20d] epoch 017/060 val_loss=98.73365021 best_val_loss=98.73365021 bad_epochs=0/8 epoch_time=00:00:03 eta=00:02:10
[a1_weekly_p12_20d] epoch 018/060 val_loss=202.60288391 best_val_loss=98.73365021 bad_epochs=1/8 epoch_time=00:00:03 eta=00:02:07
[a1_weekly_p12_20d] epoch 019/060 val_loss=328.85583496 best_val_loss=98.73365021 bad_epochs=2/8 epoch_time=00:00:03 eta=00:02:04
[a1_weekly_p12_20d] epoch 020/060 val_loss=1116.83356934 best_val_loss=98.73365021 bad_epochs=3/8 epoch_time=00:00:03 eta=00:02:01
[a1_weekly_p12_20d] epoch 021/060 val_loss=145.75734100 best_val_loss=98.73365021 bad_epochs=4/8 epoch_time=00:00:03 eta=00:01:58
[a1_weekly_p12_20d] epoch 022/060 val_loss=658.59781494 best_val_loss=98.73365021 bad_epochs=5/8 epoch_time=00:00:03 eta=00:01:55
[a1_weekly_p12_20d] epoch 023/060 val_loss=74.86623840 best_val_loss=74.86623840 bad_epochs=0/8 epoch_time=00:00:03 eta=00:01:52
[a1_weekly_p12_20d] epoch 024/060 val_loss=190.90341797 best_val_loss=74.86623840 bad_epochs=1/8 epoch_time=00:00:03 eta=00:01:49
[a1_weekly_p12_20d] epoch 025/060 val_loss=586.02887573 best_val_loss=74.86623840 bad_epochs=2/8 epoch_time=00:00:03 eta=00:01:46
[a1_weekly_p12_20d] epoch 026/060 val_loss=85.58968201 best_val_loss=74.86623840 bad_epochs=3/8 epoch_time=00:00:03 eta=00:01:43
[a1_weekly_p12_20d] epoch 027/060 val_loss=867.08994141 best_val_loss=74.86623840 bad_epochs=4/8 epoch_time=00:00:03 eta=00:01:40
[a1_weekly_p12_20d] epoch 028/060 val_loss=476.73128662 best_val_loss=74.86623840 bad_epochs=5/8 epoch_time=00:00:03 eta=00:01:37
[a1_weekly_p12_20d] epoch 029/060 val_loss=71.69643402 best_val_loss=71.69643402 bad_epochs=0/8 epoch_time=00:00:03 eta=00:01:34
[a1_weekly_p12_20d] epoch 030/060 val_loss=110.73300476 best_val_loss=71.69643402 bad_epochs=1/8 epoch_time=00:00:03 eta=00:01:31
[a1_weekly_p12_20d] epoch 031/060 val_loss=74.23786163 best_val_loss=71.69643402 bad_epochs=2/8 epoch_time=00:00:03 eta=00:01:28
[a1_weekly_p12_20d] epoch 032/060 val_loss=839.94604492 best_val_loss=71.69643402 bad_epochs=3/8 epoch_time=00:00:03 eta=00:01:25
[a1_weekly_p12_20d] epoch 033/060 val_loss=462.12115479 best_val_loss=71.69643402 bad_epochs=4/8 epoch_time=00:00:03 eta=00:01:22
[a1_weekly_p12_20d] epoch 034/060 val_loss=70.58849716 best_val_loss=70.58849716 bad_epochs=0/8 epoch_time=00:00:03 eta=00:01:19
[a1_weekly_p12_20d] epoch 035/060 val_loss=105.74567337 best_val_loss=70.58849716 bad_epochs=1/8 epoch_time=00:00:03 eta=00:01:16
[a1_weekly_p12_20d] epoch 036/060 val_loss=543.40945435 best_val_loss=70.58849716 bad_epochs=2/8 epoch_time=00:00:03 eta=00:01:13
[a1_weekly_p12_20d] epoch 037/060 val_loss=220.40567627 best_val_loss=70.58849716 bad_epochs=3/8 epoch_time=00:00:03 eta=00:01:10
[a1_weekly_p12_20d] epoch 038/060 val_loss=62.68148575 best_val_loss=62.68148575 bad_epochs=0/8 epoch_time=00:00:03 eta=00:01:07
[a1_weekly_p12_20d] epoch 039/060 val_loss=544.94065552 best_val_loss=62.68148575 bad_epochs=1/8 epoch_time=00:00:03 eta=00:01:04
[a1_weekly_p12_20d] epoch 040/060 val_loss=213.59469299 best_val_loss=62.68148575 bad_epochs=2/8 epoch_time=00:00:03 eta=00:01:01
[a1_weekly_p12_20d] epoch 041/060 val_loss=60.46114235 best_val_loss=60.46114235 bad_epochs=0/8 epoch_time=00:00:03 eta=00:00:58
[a1_weekly_p12_20d] epoch 042/060 val_loss=238.40702209 best_val_loss=60.46114235 bad_epochs=1/8 epoch_time=00:00:03 eta=00:00:55
[a1_weekly_p12_20d] epoch 043/060 val_loss=421.85693970 best_val_loss=60.46114235 bad_epochs=2/8 epoch_time=00:00:03 eta=00:00:51
[a1_weekly_p12_20d] epoch 044/060 val_loss=118.10794983 best_val_loss=60.46114235 bad_epochs=3/8 epoch_time=00:00:03 eta=00:00:48
[a1_weekly_p12_20d] epoch 045/060 val_loss=136.23618774 best_val_loss=60.46114235 bad_epochs=4/8 epoch_time=00:00:03 eta=00:00:45
[a1_weekly_p12_20d] epoch 046/060 val_loss=67.47905045 best_val_loss=60.46114235 bad_epochs=5/8 epoch_time=00:00:03 eta=00:00:42
[a1_weekly_p12_20d] epoch 047/060 val_loss=261.15801392 best_val_loss=60.46114235 bad_epochs=6/8 epoch_time=00:00:03 eta=00:00:39
[a1_weekly_p12_20d] epoch 048/060 val_loss=77.70008774 best_val_loss=60.46114235 bad_epochs=7/8 epoch_time=00:00:03 eta=00:00:36
[a1_weekly_p12_20d] epoch 049/060 val_loss=175.27021484 best_val_loss=60.46114235 bad_epochs=8/8 epoch_time=00:00:03 eta=00:00:33
[a1_weekly_p12_20d] early stopping at epoch 49
[a1] done freq=weekly patch=12 horizon=20d test_mse=103.687012 test_corr=0.2794 test_rank_corr=0.2584 test_direction_acc=0.4690 (overall elapsed 03:13:32)
[a1] === run 56/57: freq=weekly patch=13 horizon=20d ===
[a1_weekly_p13_20d] epoch 001/060 val_loss=353863.85000000 best_val_loss=353863.85000000 bad_epochs=0/8 epoch_time=00:00:03 eta=00:03:06
[a1_weekly_p13_20d] epoch 002/060 val_loss=188139.19687500 best_val_loss=188139.19687500 bad_epochs=0/8 epoch_time=00:00:03 eta=00:03:04
[a1_weekly_p13_20d] epoch 003/060 val_loss=107178.96875000 best_val_loss=107178.96875000 bad_epochs=0/8 epoch_time=00:00:03 eta=00:03:01
[a1_weekly_p13_20d] epoch 004/060 val_loss=48226.01796875 best_val_loss=48226.01796875 bad_epochs=0/8 epoch_time=00:00:03 eta=00:02:57
[a1_weekly_p13_20d] epoch 005/060 val_loss=6681.71884766 best_val_loss=6681.71884766 bad_epochs=0/8 epoch_time=00:00:03 eta=00:02:53
[a1_weekly_p13_20d] epoch 006/060 val_loss=1141.16956787 best_val_loss=1141.16956787 bad_epochs=0/8 epoch_time=00:00:03 eta=00:02:51
[a1_weekly_p13_20d] epoch 007/060 val_loss=173.70604553 best_val_loss=173.70604553 bad_epochs=0/8 epoch_time=00:00:03 eta=00:02:47
[a1_weekly_p13_20d] epoch 008/060 val_loss=86.32698975 best_val_loss=86.32698975 bad_epochs=0/8 epoch_time=00:00:03 eta=00:02:44
[a1_weekly_p13_20d] epoch 009/060 val_loss=366.73464966 best_val_loss=86.32698975 bad_epochs=1/8 epoch_time=00:00:03 eta=00:02:42
[a1_weekly_p13_20d] epoch 010/060 val_loss=298.35937500 best_val_loss=86.32698975 bad_epochs=2/8 epoch_time=00:00:03 eta=00:02:39
[a1_weekly_p13_20d] epoch 011/060 val_loss=32.33996811 best_val_loss=32.33996811 bad_epochs=0/8 epoch_time=00:00:03 eta=00:02:35
[a1_weekly_p13_20d] epoch 012/060 val_loss=180.80573120 best_val_loss=32.33996811 bad_epochs=1/8 epoch_time=00:00:03 eta=00:02:33
[a1_weekly_p13_20d] epoch 013/060 val_loss=268.31813049 best_val_loss=32.33996811 bad_epochs=2/8 epoch_time=00:00:03 eta=00:02:29
[a1_weekly_p13_20d] epoch 014/060 val_loss=44.16006699 best_val_loss=32.33996811 bad_epochs=3/8 epoch_time=00:00:03 eta=00:02:26
[a1_weekly_p13_20d] epoch 015/060 val_loss=318.63087769 best_val_loss=32.33996811 bad_epochs=4/8 epoch_time=00:00:03 eta=00:02:23
[a1_weekly_p13_20d] epoch 016/060 val_loss=298.68647156 best_val_loss=32.33996811 bad_epochs=5/8 epoch_time=00:00:03 eta=00:02:20
[a1_weekly_p13_20d] epoch 017/060 val_loss=435.01495361 best_val_loss=32.33996811 bad_epochs=6/8 epoch_time=00:00:03 eta=00:02:16
[a1_weekly_p13_20d] epoch 018/060 val_loss=122.19238434 best_val_loss=32.33996811 bad_epochs=7/8 epoch_time=00:00:03 eta=00:02:13
[a1_weekly_p13_20d] epoch 019/060 val_loss=219.27978516 best_val_loss=32.33996811 bad_epochs=8/8 epoch_time=00:00:03 eta=00:02:10
[a1_weekly_p13_20d] early stopping at epoch 19
[a1] done freq=weekly patch=13 horizon=20d test_mse=37.806190 test_corr=0.2873 test_rank_corr=0.2782 test_direction_acc=0.4690 (overall elapsed 03:14:33)
[a1] === run 57/57: freq=weekly patch=14 horizon=20d ===
[a1_weekly_p14_20d] epoch 001/060 val_loss=66408.66953125 best_val_loss=66408.66953125 bad_epochs=0/8 epoch_time=00:00:02 eta=00:01:58
[a1_weekly_p14_20d] epoch 002/060 val_loss=8776.27373047 best_val_loss=8776.27373047 bad_epochs=0/8 epoch_time=00:00:02 eta=00:01:56
[a1_weekly_p14_20d] epoch 003/060 val_loss=1679.71931152 best_val_loss=1679.71931152 bad_epochs=0/8 epoch_time=00:00:02 eta=00:01:54
[a1_weekly_p14_20d] epoch 004/060 val_loss=121.87178345 best_val_loss=121.87178345 bad_epochs=0/8 epoch_time=00:00:02 eta=00:01:51
[a1_weekly_p14_20d] epoch 005/060 val_loss=394.94343872 best_val_loss=121.87178345 bad_epochs=1/8 epoch_time=00:00:02 eta=00:01:49
[a1_weekly_p14_20d] epoch 006/060 val_loss=106.49912720 best_val_loss=106.49912720 bad_epochs=0/8 epoch_time=00:00:02 eta=00:01:47
[a1_weekly_p14_20d] epoch 007/060 val_loss=710.87713623 best_val_loss=106.49912720 bad_epochs=1/8 epoch_time=00:00:02 eta=00:01:45
[a1_weekly_p14_20d] epoch 008/060 val_loss=128.44575195 best_val_loss=106.49912720 bad_epochs=2/8 epoch_time=00:00:02 eta=00:01:43
[a1_weekly_p14_20d] epoch 009/060 val_loss=910.34229736 best_val_loss=106.49912720 bad_epochs=3/8 epoch_time=00:00:02 eta=00:01:41
[a1_weekly_p14_20d] epoch 010/060 val_loss=530.42246704 best_val_loss=106.49912720 bad_epochs=4/8 epoch_time=00:00:02 eta=00:01:39
[a1_weekly_p14_20d] epoch 011/060 val_loss=340.44672241 best_val_loss=106.49912720 bad_epochs=5/8 epoch_time=00:00:02 eta=00:01:37
[a1_weekly_p14_20d] epoch 012/060 val_loss=152.03808289 best_val_loss=106.49912720 bad_epochs=6/8 epoch_time=00:00:02 eta=00:01:35
[a1_weekly_p14_20d] epoch 013/060 val_loss=75.45104523 best_val_loss=75.45104523 bad_epochs=0/8 epoch_time=00:00:02 eta=00:01:33
[a1_weekly_p14_20d] epoch 014/060 val_loss=361.23843994 best_val_loss=75.45104523 bad_epochs=1/8 epoch_time=00:00:02 eta=00:01:31
[a1_weekly_p14_20d] epoch 015/060 val_loss=96.16833496 best_val_loss=75.45104523 bad_epochs=2/8 epoch_time=00:00:02 eta=00:01:29
[a1_weekly_p14_20d] epoch 016/060 val_loss=666.37310791 best_val_loss=75.45104523 bad_epochs=3/8 epoch_time=00:00:02 eta=00:01:27
[a1_weekly_p14_20d] epoch 017/060 val_loss=123.72771149 best_val_loss=75.45104523 bad_epochs=4/8 epoch_time=00:00:02 eta=00:01:25
[a1_weekly_p14_20d] epoch 018/060 val_loss=869.12967529 best_val_loss=75.45104523 bad_epochs=5/8 epoch_time=00:00:02 eta=00:01:23
[a1_weekly_p14_20d] epoch 019/060 val_loss=506.98555908 best_val_loss=75.45104523 bad_epochs=6/8 epoch_time=00:00:02 eta=00:01:21
[a1_weekly_p14_20d] epoch 020/060 val_loss=328.32272949 best_val_loss=75.45104523 bad_epochs=7/8 epoch_time=00:00:02 eta=00:01:19
[a1_weekly_p14_20d] epoch 021/060 val_loss=144.77166290 best_val_loss=75.45104523 bad_epochs=8/8 epoch_time=00:00:02 eta=00:01:17
[a1_weekly_p14_20d] early stopping at epoch 21
[a1] done freq=weekly patch=14 horizon=20d test_mse=121.638184 test_corr=-0.0167 test_rank_corr=-0.0367 test_direction_acc=0.5237 (overall elapsed 03:15:16)
[a1] ALL DONE. Results at /Users/maxiyao/Desktop/金融工程项目/pathformer/experiments/expA_fslr_fullfreq/output/a1_patch_size_search_results.csv
