[a2] 24 total runs (freq x horizon x mode)
[a2] === run 1/24: freq=hourly mode=single patches=[2] horizon=5d ===
[a2_hourly_single_5d] epoch 001/060 val_loss=365.79246826 best_val_loss=365.79246826 bad_epochs=0/8 epoch_time=00:00:04 eta=00:04:10
[a2_hourly_single_5d] epoch 002/060 val_loss=81.65227051 best_val_loss=81.65227051 bad_epochs=0/8 epoch_time=00:00:04 eta=00:04:05
[a2_hourly_single_5d] epoch 003/060 val_loss=75.44979782 best_val_loss=75.44979782 bad_epochs=0/8 epoch_time=00:00:04 eta=00:04:03
[a2_hourly_single_5d] epoch 004/060 val_loss=67.06797485 best_val_loss=67.06797485 bad_epochs=0/8 epoch_time=00:00:04 eta=00:04:00
[a2_hourly_single_5d] epoch 005/060 val_loss=59.78771019 best_val_loss=59.78771019 bad_epochs=0/8 epoch_time=00:00:04 eta=00:03:56
[a2_hourly_single_5d] epoch 006/060 val_loss=58.07241974 best_val_loss=58.07241974 bad_epochs=0/8 epoch_time=00:00:04 eta=00:03:52
[a2_hourly_single_5d] epoch 007/060 val_loss=55.42362556 best_val_loss=55.42362556 bad_epochs=0/8 epoch_time=00:00:04 eta=00:03:47
[a2_hourly_single_5d] epoch 008/060 val_loss=52.15923233 best_val_loss=52.15923233 bad_epochs=0/8 epoch_time=00:00:04 eta=00:03:43
[a2_hourly_single_5d] epoch 009/060 val_loss=61.58972015 best_val_loss=52.15923233 bad_epochs=1/8 epoch_time=00:00:04 eta=00:03:38
[a2_hourly_single_5d] epoch 010/060 val_loss=45.33855362 best_val_loss=45.33855362 bad_epochs=0/8 epoch_time=00:00:04 eta=00:03:34
[a2_hourly_single_5d] epoch 011/060 val_loss=45.12179604 best_val_loss=45.12179604 bad_epochs=0/8 epoch_time=00:00:04 eta=00:03:30
[a2_hourly_single_5d] epoch 012/060 val_loss=44.14780884 best_val_loss=44.14780884 bad_epochs=0/8 epoch_time=00:00:04 eta=00:03:25
[a2_hourly_single_5d] epoch 013/060 val_loss=40.91414452 best_val_loss=40.91414452 bad_epochs=0/8 epoch_time=00:00:04 eta=00:03:20
[a2_hourly_single_5d] epoch 014/060 val_loss=50.94877777 best_val_loss=40.91414452 bad_epochs=1/8 epoch_time=00:00:04 eta=00:03:16
[a2_hourly_single_5d] epoch 015/060 val_loss=43.99702454 best_val_loss=40.91414452 bad_epochs=2/8 epoch_time=00:00:04 eta=00:03:12
[a2_hourly_single_5d] epoch 016/060 val_loss=33.49766159 best_val_loss=33.49766159 bad_epochs=0/8 epoch_time=00:00:04 eta=00:03:08
[a2_hourly_single_5d] epoch 017/060 val_loss=37.19012604 best_val_loss=33.49766159 bad_epochs=1/8 epoch_time=00:00:04 eta=00:03:04
[a2_hourly_single_5d] epoch 018/060 val_loss=31.72363243 best_val_loss=31.72363243 bad_epochs=0/8 epoch_time=00:00:04 eta=00:02:59
[a2_hourly_single_5d] epoch 019/060 val_loss=26.20132465 best_val_loss=26.20132465 bad_epochs=0/8 epoch_time=00:00:04 eta=00:02:55
[a2_hourly_single_5d] epoch 020/060 val_loss=27.45294418 best_val_loss=26.20132465 bad_epochs=1/8 epoch_time=00:00:04 eta=00:02:51
[a2_hourly_single_5d] epoch 021/060 val_loss=26.70804291 best_val_loss=26.20132465 bad_epochs=2/8 epoch_time=00:00:04 eta=00:02:47
[a2_hourly_single_5d] epoch 022/060 val_loss=61.36305237 best_val_loss=26.20132465 bad_epochs=3/8 epoch_time=00:00:04 eta=00:02:42
[a2_hourly_single_5d] epoch 023/060 val_loss=27.01714039 best_val_loss=26.20132465 bad_epochs=4/8 epoch_time=00:00:04 eta=00:02:38
[a2_hourly_single_5d] epoch 024/060 val_loss=27.12000618 best_val_loss=26.20132465 bad_epochs=5/8 epoch_time=00:00:04 eta=00:02:34
[a2_hourly_single_5d] epoch 025/060 val_loss=22.12451115 best_val_loss=22.12451115 bad_epochs=0/8 epoch_time=00:00:04 eta=00:02:30
[a2_hourly_single_5d] epoch 026/060 val_loss=28.20098629 best_val_loss=22.12451115 bad_epochs=1/8 epoch_time=00:00:04 eta=00:02:26
[a2_hourly_single_5d] epoch 027/060 val_loss=19.64844894 best_val_loss=19.64844894 bad_epochs=0/8 epoch_time=00:00:04 eta=00:02:21
[a2_hourly_single_5d] epoch 028/060 val_loss=22.60577316 best_val_loss=19.64844894 bad_epochs=1/8 epoch_time=00:00:04 eta=00:02:17
[a2_hourly_single_5d] epoch 029/060 val_loss=21.56535263 best_val_loss=19.64844894 bad_epochs=2/8 epoch_time=00:00:04 eta=00:02:13
[a2_hourly_single_5d] epoch 030/060 val_loss=31.86874084 best_val_loss=19.64844894 bad_epochs=3/8 epoch_time=00:00:04 eta=00:02:09
[a2_hourly_single_5d] epoch 031/060 val_loss=34.96558876 best_val_loss=19.64844894 bad_epochs=4/8 epoch_time=00:00:04 eta=00:02:04
[a2_hourly_single_5d] epoch 032/060 val_loss=20.03800468 best_val_loss=19.64844894 bad_epochs=5/8 epoch_time=00:00:04 eta=00:02:00
[a2_hourly_single_5d] epoch 033/060 val_loss=22.49325218 best_val_loss=19.64844894 bad_epochs=6/8 epoch_time=00:00:04 eta=00:01:56
[a2_hourly_single_5d] epoch 034/060 val_loss=19.69228382 best_val_loss=19.64844894 bad_epochs=7/8 epoch_time=00:00:04 eta=00:01:52
[a2_hourly_single_5d] epoch 035/060 val_loss=17.57424908 best_val_loss=17.57424908 bad_epochs=0/8 epoch_time=00:00:04 eta=00:01:47
[a2_hourly_single_5d] epoch 036/060 val_loss=15.97995777 best_val_loss=15.97995777 bad_epochs=0/8 epoch_time=00:00:04 eta=00:01:43
[a2_hourly_single_5d] epoch 037/060 val_loss=15.18142433 best_val_loss=15.18142433 bad_epochs=0/8 epoch_time=00:00:04 eta=00:01:39
[a2_hourly_single_5d] epoch 038/060 val_loss=20.70794411 best_val_loss=15.18142433 bad_epochs=1/8 epoch_time=00:00:04 eta=00:01:35
[a2_hourly_single_5d] epoch 039/060 val_loss=15.54227028 best_val_loss=15.18142433 bad_epochs=2/8 epoch_time=00:00:04 eta=00:01:30
[a2_hourly_single_5d] epoch 040/060 val_loss=18.08254738 best_val_loss=15.18142433 bad_epochs=3/8 epoch_time=00:00:04 eta=00:01:26
[a2_hourly_single_5d] epoch 041/060 val_loss=18.38693523 best_val_loss=15.18142433 bad_epochs=4/8 epoch_time=00:00:04 eta=00:01:22
[a2_hourly_single_5d] epoch 042/060 val_loss=14.50833311 best_val_loss=14.50833311 bad_epochs=0/8 epoch_time=00:00:04 eta=00:01:17
[a2_hourly_single_5d] epoch 043/060 val_loss=14.86144648 best_val_loss=14.50833311 bad_epochs=1/8 epoch_time=00:00:04 eta=00:01:13
[a2_hourly_single_5d] epoch 044/060 val_loss=17.61016483 best_val_loss=14.50833311 bad_epochs=2/8 epoch_time=00:00:04 eta=00:01:09
[a2_hourly_single_5d] epoch 045/060 val_loss=18.10547752 best_val_loss=14.50833311 bad_epochs=3/8 epoch_time=00:00:04 eta=00:01:05
[a2_hourly_single_5d] epoch 046/060 val_loss=18.36419106 best_val_loss=14.50833311 bad_epochs=4/8 epoch_time=00:00:04 eta=00:01:00
[a2_hourly_single_5d] epoch 047/060 val_loss=18.06253948 best_val_loss=14.50833311 bad_epochs=5/8 epoch_time=00:00:04 eta=00:00:56
[a2_hourly_single_5d] epoch 048/060 val_loss=18.07568722 best_val_loss=14.50833311 bad_epochs=6/8 epoch_time=00:00:04 eta=00:00:52
[a2_hourly_single_5d] epoch 049/060 val_loss=17.78152065 best_val_loss=14.50833311 bad_epochs=7/8 epoch_time=00:00:04 eta=00:00:47
[a2_hourly_single_5d] epoch 050/060 val_loss=17.18793964 best_val_loss=14.50833311 bad_epochs=8/8 epoch_time=00:00:04 eta=00:00:43
[a2_hourly_single_5d] early stopping at epoch 50
[a2] done freq=hourly mode=single horizon=5d test_mse=4.244083 test_corr=-0.0427 (overall elapsed 00:03:38)
[a2] === run 2/24: freq=hourly mode=fixed_multiscale patches=[2, 4, 8, 12] horizon=5d ===
[a2_hourly_fixed_multiscale_5d] epoch 001/060 val_loss=2752.56176758 best_val_loss=2752.56176758 bad_epochs=0/8 epoch_time=00:00:13 eta=00:12:27
[a2_hourly_fixed_multiscale_5d] epoch 002/060 val_loss=348.27411804 best_val_loss=348.27411804 bad_epochs=0/8 epoch_time=00:00:13 eta=00:12:20
[a2_hourly_fixed_multiscale_5d] epoch 003/060 val_loss=202.90622101 best_val_loss=202.90622101 bad_epochs=0/8 epoch_time=00:00:13 eta=00:12:04
[a2_hourly_fixed_multiscale_5d] epoch 004/060 val_loss=58.04110870 best_val_loss=58.04110870 bad_epochs=0/8 epoch_time=00:00:13 eta=00:11:50
[a2_hourly_fixed_multiscale_5d] epoch 005/060 val_loss=26.21412773 best_val_loss=26.21412773 bad_epochs=0/8 epoch_time=00:00:13 eta=00:11:37
[a2_hourly_fixed_multiscale_5d] epoch 006/060 val_loss=21.18026447 best_val_loss=21.18026447 bad_epochs=0/8 epoch_time=00:00:13 eta=00:11:23
[a2_hourly_fixed_multiscale_5d] epoch 007/060 val_loss=55.90634499 best_val_loss=21.18026447 bad_epochs=1/8 epoch_time=00:00:13 eta=00:11:10
[a2_hourly_fixed_multiscale_5d] epoch 008/060 val_loss=22.67827282 best_val_loss=21.18026447 bad_epochs=2/8 epoch_time=00:00:13 eta=00:10:57
[a2_hourly_fixed_multiscale_5d] epoch 009/060 val_loss=17.93182402 best_val_loss=17.93182402 bad_epochs=0/8 epoch_time=00:00:13 eta=00:10:44
[a2_hourly_fixed_multiscale_5d] epoch 010/060 val_loss=53.60516129 best_val_loss=17.93182402 bad_epochs=1/8 epoch_time=00:00:13 eta=00:10:32
[a2_hourly_fixed_multiscale_5d] epoch 011/060 val_loss=20.18919878 best_val_loss=17.93182402 bad_epochs=2/8 epoch_time=00:00:13 eta=00:10:19
[a2_hourly_fixed_multiscale_5d] epoch 012/060 val_loss=15.51338081 best_val_loss=15.51338081 bad_epochs=0/8 epoch_time=00:00:13 eta=00:10:06
[a2_hourly_fixed_multiscale_5d] epoch 013/060 val_loss=51.83463173 best_val_loss=15.51338081 bad_epochs=1/8 epoch_time=00:00:13 eta=00:09:53
[a2_hourly_fixed_multiscale_5d] epoch 014/060 val_loss=18.56545124 best_val_loss=15.51338081 bad_epochs=2/8 epoch_time=00:00:13 eta=00:09:40
[a2_hourly_fixed_multiscale_5d] epoch 015/060 val_loss=13.92405977 best_val_loss=13.92405977 bad_epochs=0/8 epoch_time=00:00:13 eta=00:09:28
[a2_hourly_fixed_multiscale_5d] epoch 016/060 val_loss=50.46228676 best_val_loss=13.92405977 bad_epochs=1/8 epoch_time=00:00:13 eta=00:09:15
[a2_hourly_fixed_multiscale_5d] epoch 017/060 val_loss=17.44612474 best_val_loss=13.92405977 bad_epochs=2/8 epoch_time=00:00:13 eta=00:09:03
[a2_hourly_fixed_multiscale_5d] epoch 018/060 val_loss=13.00514612 best_val_loss=13.00514612 bad_epochs=0/8 epoch_time=00:00:13 eta=00:08:50
[a2_hourly_fixed_multiscale_5d] epoch 019/060 val_loss=49.40583344 best_val_loss=13.00514612 bad_epochs=1/8 epoch_time=00:00:13 eta=00:08:38
[a2_hourly_fixed_multiscale_5d] epoch 020/060 val_loss=16.80495987 best_val_loss=13.00514612 bad_epochs=2/8 epoch_time=00:00:13 eta=00:08:26
[a2_hourly_fixed_multiscale_5d] epoch 021/060 val_loss=12.46281595 best_val_loss=12.46281595 bad_epochs=0/8 epoch_time=00:00:13 eta=00:08:13
[a2_hourly_fixed_multiscale_5d] epoch 022/060 val_loss=48.47608337 best_val_loss=12.46281595 bad_epochs=1/8 epoch_time=00:00:13 eta=00:08:01
[a2_hourly_fixed_multiscale_5d] epoch 023/060 val_loss=16.40062199 best_val_loss=12.46281595 bad_epochs=2/8 epoch_time=00:00:13 eta=00:07:48
[a2_hourly_fixed_multiscale_5d] epoch 024/060 val_loss=12.19156313 best_val_loss=12.19156313 bad_epochs=0/8 epoch_time=00:00:13 eta=00:07:36
[a2_hourly_fixed_multiscale_5d] epoch 025/060 val_loss=48.08265190 best_val_loss=12.19156313 bad_epochs=1/8 epoch_time=00:00:13 eta=00:07:23
[a2_hourly_fixed_multiscale_5d] epoch 026/060 val_loss=16.12542591 best_val_loss=12.19156313 bad_epochs=2/8 epoch_time=00:00:13 eta=00:07:11
[a2_hourly_fixed_multiscale_5d] epoch 027/060 val_loss=11.98365612 best_val_loss=11.98365612 bad_epochs=0/8 epoch_time=00:00:13 eta=00:06:58
[a2_hourly_fixed_multiscale_5d] epoch 028/060 val_loss=47.22821846 best_val_loss=11.98365612 bad_epochs=1/8 epoch_time=00:00:13 eta=00:06:45
[a2_hourly_fixed_multiscale_5d] epoch 029/060 val_loss=15.86154366 best_val_loss=11.98365612 bad_epochs=2/8 epoch_time=00:00:13 eta=00:06:33
[a2_hourly_fixed_multiscale_5d] epoch 030/060 val_loss=11.71609735 best_val_loss=11.71609735 bad_epochs=0/8 epoch_time=00:00:13 eta=00:06:20
[a2_hourly_fixed_multiscale_5d] epoch 031/060 val_loss=46.25877380 best_val_loss=11.71609735 bad_epochs=1/8 epoch_time=00:00:13 eta=00:06:07
[a2_hourly_fixed_multiscale_5d] epoch 032/060 val_loss=15.43194571 best_val_loss=11.71609735 bad_epochs=2/8 epoch_time=00:00:13 eta=00:05:55
[a2_hourly_fixed_multiscale_5d] epoch 033/060 val_loss=11.47520866 best_val_loss=11.47520866 bad_epochs=0/8 epoch_time=00:00:13 eta=00:05:42
[a2_hourly_fixed_multiscale_5d] epoch 034/060 val_loss=45.46559067 best_val_loss=11.47520866 bad_epochs=1/8 epoch_time=00:00:13 eta=00:05:30
[a2_hourly_fixed_multiscale_5d] epoch 035/060 val_loss=15.21759272 best_val_loss=11.47520866 bad_epochs=2/8 epoch_time=00:00:13 eta=00:05:17
[a2_hourly_fixed_multiscale_5d] epoch 036/060 val_loss=11.18457499 best_val_loss=11.18457499 bad_epochs=0/8 epoch_time=00:00:13 eta=00:05:04
[a2_hourly_fixed_multiscale_5d] epoch 037/060 val_loss=44.28322296 best_val_loss=11.18457499 bad_epochs=1/8 epoch_time=00:00:13 eta=00:04:52
[a2_hourly_fixed_multiscale_5d] epoch 038/060 val_loss=14.78928766 best_val_loss=11.18457499 bad_epochs=2/8 epoch_time=00:00:13 eta=00:04:39
[a2_hourly_fixed_multiscale_5d] epoch 039/060 val_loss=10.89304714 best_val_loss=10.89304714 bad_epochs=0/8 epoch_time=00:00:12 eta=00:04:26
[a2_hourly_fixed_multiscale_5d] epoch 040/060 val_loss=43.25563393 best_val_loss=10.89304714 bad_epochs=1/8 epoch_time=00:00:13 eta=00:04:13
[a2_hourly_fixed_multiscale_5d] epoch 041/060 val_loss=14.55277529 best_val_loss=10.89304714 bad_epochs=2/8 epoch_time=00:00:13 eta=00:04:01
[a2_hourly_fixed_multiscale_5d] epoch 042/060 val_loss=10.64372292 best_val_loss=10.64372292 bad_epochs=0/8 epoch_time=00:00:13 eta=00:03:48
[a2_hourly_fixed_multiscale_5d] epoch 043/060 val_loss=42.15823555 best_val_loss=10.64372292 bad_epochs=1/8 epoch_time=00:00:13 eta=00:03:35
[a2_hourly_fixed_multiscale_5d] epoch 044/060 val_loss=14.01640825 best_val_loss=10.64372292 bad_epochs=2/8 epoch_time=00:00:13 eta=00:03:23
[a2_hourly_fixed_multiscale_5d] epoch 045/060 val_loss=10.43836451 best_val_loss=10.43836451 bad_epochs=0/8 epoch_time=00:00:13 eta=00:03:10
[a2_hourly_fixed_multiscale_5d] epoch 046/060 val_loss=41.02539902 best_val_loss=10.43836451 bad_epochs=1/8 epoch_time=00:00:13 eta=00:02:57
[a2_hourly_fixed_multiscale_5d] epoch 047/060 val_loss=13.96578541 best_val_loss=10.43836451 bad_epochs=2/8 epoch_time=00:00:13 eta=00:02:45
[a2_hourly_fixed_multiscale_5d] epoch 048/060 val_loss=10.02946296 best_val_loss=10.02946296 bad_epochs=0/8 epoch_time=00:00:13 eta=00:02:32
[a2_hourly_fixed_multiscale_5d] epoch 049/060 val_loss=39.63588028 best_val_loss=10.02946296 bad_epochs=1/8 epoch_time=00:00:13 eta=00:02:19
[a2_hourly_fixed_multiscale_5d] epoch 050/060 val_loss=13.15502148 best_val_loss=10.02946296 bad_epochs=2/8 epoch_time=00:00:13 eta=00:02:07
[a2_hourly_fixed_multiscale_5d] epoch 051/060 val_loss=9.75561428 best_val_loss=9.75561428 bad_epochs=0/8 epoch_time=00:00:13 eta=00:01:54
[a2_hourly_fixed_multiscale_5d] epoch 052/060 val_loss=38.26988678 best_val_loss=9.75561428 bad_epochs=1/8 epoch_time=00:00:13 eta=00:01:41
[a2_hourly_fixed_multiscale_5d] epoch 053/060 val_loss=12.92211771 best_val_loss=9.75561428 bad_epochs=2/8 epoch_time=00:00:13 eta=00:01:29
[a2_hourly_fixed_multiscale_5d] epoch 054/060 val_loss=9.44374881 best_val_loss=9.44374881 bad_epochs=0/8 epoch_time=00:00:13 eta=00:01:16
[a2_hourly_fixed_multiscale_5d] epoch 055/060 val_loss=35.76564064 best_val_loss=9.44374881 bad_epochs=1/8 epoch_time=00:00:13 eta=00:01:03
[a2_hourly_fixed_multiscale_5d] epoch 056/060 val_loss=11.43200121 best_val_loss=9.44374881 bad_epochs=2/8 epoch_time=00:00:13 eta=00:00:51
[a2_hourly_fixed_multiscale_5d] epoch 057/060 val_loss=8.62546511 best_val_loss=8.62546511 bad_epochs=0/8 epoch_time=00:00:13 eta=00:00:38
[a2_hourly_fixed_multiscale_5d] epoch 058/060 val_loss=33.73800468 best_val_loss=8.62546511 bad_epochs=1/8 epoch_time=00:00:13 eta=00:00:25
[a2_hourly_fixed_multiscale_5d] epoch 059/060 val_loss=11.26511431 best_val_loss=8.62546511 bad_epochs=2/8 epoch_time=00:00:13 eta=00:00:13
[a2_hourly_fixed_multiscale_5d] epoch 060/060 val_loss=7.93574667 best_val_loss=7.93574667 bad_epochs=0/8 epoch_time=00:00:13 eta=00:00:00
[a2] done freq=hourly mode=fixed_multiscale horizon=5d test_mse=0.971642 test_corr=0.0304 (overall elapsed 00:16:23)
[a2] === run 3/24: freq=halfday mode=single patches=[10] horizon=5d ===
[a2_halfday_single_5d] epoch 001/060 val_loss=96.29689713 best_val_loss=96.29689713 bad_epochs=0/8 epoch_time=00:00:03 eta=00:02:46
[a2_halfday_single_5d] epoch 002/060 val_loss=92.24372711 best_val_loss=92.24372711 bad_epochs=0/8 epoch_time=00:00:03 eta=00:02:42
[a2_halfday_single_5d] epoch 003/060 val_loss=87.98814392 best_val_loss=87.98814392 bad_epochs=0/8 epoch_time=00:00:03 eta=00:02:40
[a2_halfday_single_5d] epoch 004/060 val_loss=84.89531250 best_val_loss=84.89531250 bad_epochs=0/8 epoch_time=00:00:03 eta=00:02:37
[a2_halfday_single_5d] epoch 005/060 val_loss=82.20384827 best_val_loss=82.20384827 bad_epochs=0/8 epoch_time=00:00:03 eta=00:02:35
[a2_halfday_single_5d] epoch 006/060 val_loss=78.40844574 best_val_loss=78.40844574 bad_epochs=0/8 epoch_time=00:00:03 eta=00:02:31
[a2_halfday_single_5d] epoch 007/060 val_loss=74.00434189 best_val_loss=74.00434189 bad_epochs=0/8 epoch_time=00:00:03 eta=00:02:28
[a2_halfday_single_5d] epoch 008/060 val_loss=74.12705688 best_val_loss=74.00434189 bad_epochs=1/8 epoch_time=00:00:03 eta=00:02:25
[a2_halfday_single_5d] epoch 009/060 val_loss=69.03013382 best_val_loss=69.03013382 bad_epochs=0/8 epoch_time=00:00:03 eta=00:02:23
[a2_halfday_single_5d] epoch 010/060 val_loss=68.56831055 best_val_loss=68.56831055 bad_epochs=0/8 epoch_time=00:00:03 eta=00:02:20
[a2_halfday_single_5d] epoch 011/060 val_loss=68.85396500 best_val_loss=68.56831055 bad_epochs=1/8 epoch_time=00:00:03 eta=00:02:17
[a2_halfday_single_5d] epoch 012/060 val_loss=67.89974899 best_val_loss=67.89974899 bad_epochs=0/8 epoch_time=00:00:03 eta=00:02:14
[a2_halfday_single_5d] epoch 013/060 val_loss=73.58867798 best_val_loss=67.89974899 bad_epochs=1/8 epoch_time=00:00:03 eta=00:02:11
[a2_halfday_single_5d] epoch 014/060 val_loss=70.16565170 best_val_loss=67.89974899 bad_epochs=2/8 epoch_time=00:00:03 eta=00:02:08
[a2_halfday_single_5d] epoch 015/060 val_loss=69.32775421 best_val_loss=67.89974899 bad_epochs=3/8 epoch_time=00:00:03 eta=00:02:06
[a2_halfday_single_5d] epoch 016/060 val_loss=67.87776566 best_val_loss=67.87776566 bad_epochs=0/8 epoch_time=00:00:03 eta=00:02:03
[a2_halfday_single_5d] epoch 017/060 val_loss=67.84994736 best_val_loss=67.84994736 bad_epochs=0/8 epoch_time=00:00:03 eta=00:02:00
[a2_halfday_single_5d] epoch 018/060 val_loss=66.28425140 best_val_loss=66.28425140 bad_epochs=0/8 epoch_time=00:00:03 eta=00:01:57
[a2_halfday_single_5d] epoch 019/060 val_loss=66.98173828 best_val_loss=66.28425140 bad_epochs=1/8 epoch_time=00:00:03 eta=00:01:54
[a2_halfday_single_5d] epoch 020/060 val_loss=64.01174164 best_val_loss=64.01174164 bad_epochs=0/8 epoch_time=00:00:03 eta=00:01:52
[a2_halfday_single_5d] epoch 021/060 val_loss=64.79756317 best_val_loss=64.01174164 bad_epochs=1/8 epoch_time=00:00:03 eta=00:01:49
[a2_halfday_single_5d] epoch 022/060 val_loss=65.59747009 best_val_loss=64.01174164 bad_epochs=2/8 epoch_time=00:00:03 eta=00:01:46
[a2_halfday_single_5d] epoch 023/060 val_loss=65.48296051 best_val_loss=64.01174164 bad_epochs=3/8 epoch_time=00:00:03 eta=00:01:43
[a2_halfday_single_5d] epoch 024/060 val_loss=63.22580414 best_val_loss=63.22580414 bad_epochs=0/8 epoch_time=00:00:03 eta=00:01:40
[a2_halfday_single_5d] epoch 025/060 val_loss=62.21115112 best_val_loss=62.21115112 bad_epochs=0/8 epoch_time=00:00:03 eta=00:01:38
[a2_halfday_single_5d] epoch 026/060 val_loss=59.25766983 best_val_loss=59.25766983 bad_epochs=0/8 epoch_time=00:00:03 eta=00:01:35
[a2_halfday_single_5d] epoch 027/060 val_loss=62.67432709 best_val_loss=59.25766983 bad_epochs=1/8 epoch_time=00:00:03 eta=00:01:32
[a2_halfday_single_5d] epoch 028/060 val_loss=63.58059311 best_val_loss=59.25766983 bad_epochs=2/8 epoch_time=00:00:03 eta=00:01:29
[a2_halfday_single_5d] epoch 029/060 val_loss=6.00476599 best_val_loss=6.00476599 bad_epochs=0/8 epoch_time=00:00:03 eta=00:01:26
[a2_halfday_single_5d] epoch 030/060 val_loss=0.82018859 best_val_loss=0.82018859 bad_epochs=0/8 epoch_time=00:00:03 eta=00:01:24
[a2_halfday_single_5d] epoch 031/060 val_loss=0.53097898 best_val_loss=0.53097898 bad_epochs=0/8 epoch_time=00:00:03 eta=00:01:21
[a2_halfday_single_5d] epoch 032/060 val_loss=0.64842644 best_val_loss=0.53097898 bad_epochs=1/8 epoch_time=00:00:03 eta=00:01:18
[a2_halfday_single_5d] epoch 033/060 val_loss=9.05244226 best_val_loss=0.53097898 bad_epochs=2/8 epoch_time=00:00:03 eta=00:01:15
[a2_halfday_single_5d] epoch 034/060 val_loss=10.83487453 best_val_loss=0.53097898 bad_epochs=3/8 epoch_time=00:00:03 eta=00:01:12
[a2_halfday_single_5d] epoch 035/060 val_loss=57.89056091 best_val_loss=0.53097898 bad_epochs=4/8 epoch_time=00:00:03 eta=00:01:10
[a2_halfday_single_5d] epoch 036/060 val_loss=60.82262573 best_val_loss=0.53097898 bad_epochs=5/8 epoch_time=00:00:03 eta=00:01:07
[a2_halfday_single_5d] epoch 037/060 val_loss=9.43238087 best_val_loss=0.53097898 bad_epochs=6/8 epoch_time=00:00:03 eta=00:01:04
[a2_halfday_single_5d] epoch 038/060 val_loss=14.04312534 best_val_loss=0.53097898 bad_epochs=7/8 epoch_time=00:00:03 eta=00:01:01
[a2_halfday_single_5d] epoch 039/060 val_loss=36.61133766 best_val_loss=0.53097898 bad_epochs=8/8 epoch_time=00:00:03 eta=00:00:59
[a2_halfday_single_5d] early stopping at epoch 39
[a2] done freq=halfday mode=single horizon=5d test_mse=0.008716 test_corr=0.0765 (overall elapsed 00:18:13)
[a2] === run 4/24: freq=halfday mode=fixed_multiscale patches=[2, 4, 8, 10, 12] horizon=5d ===
[a2_halfday_fixed_multiscale_5d] epoch 001/060 val_loss=82522.88125000 best_val_loss=82522.88125000 bad_epochs=0/8 epoch_time=00:00:12 eta=00:11:24
[a2_halfday_fixed_multiscale_5d] epoch 002/060 val_loss=57264.04140625 best_val_loss=57264.04140625 bad_epochs=0/8 epoch_time=00:00:12 eta=00:11:10
[a2_halfday_fixed_multiscale_5d] epoch 003/060 val_loss=41419.13242188 best_val_loss=41419.13242188 bad_epochs=0/8 epoch_time=00:00:12 eta=00:10:58
[a2_halfday_fixed_multiscale_5d] epoch 004/060 val_loss=30521.81562500 best_val_loss=30521.81562500 bad_epochs=0/8 epoch_time=00:00:11 eta=00:10:45
[a2_halfday_fixed_multiscale_5d] epoch 005/060 val_loss=20978.45117188 best_val_loss=20978.45117188 bad_epochs=0/8 epoch_time=00:00:11 eta=00:10:33
[a2_halfday_fixed_multiscale_5d] epoch 006/060 val_loss=11528.53691406 best_val_loss=11528.53691406 bad_epochs=0/8 epoch_time=00:00:12 eta=00:10:22
[a2_halfday_fixed_multiscale_5d] epoch 007/060 val_loss=2940.95798340 best_val_loss=2940.95798340 bad_epochs=0/8 epoch_time=00:00:12 eta=00:10:10
[a2_halfday_fixed_multiscale_5d] epoch 008/060 val_loss=370.55938721 best_val_loss=370.55938721 bad_epochs=0/8 epoch_time=00:00:12 eta=00:09:59
[a2_halfday_fixed_multiscale_5d] epoch 009/060 val_loss=81.77841187 best_val_loss=81.77841187 bad_epochs=0/8 epoch_time=00:00:12 eta=00:09:47
[a2_halfday_fixed_multiscale_5d] epoch 010/060 val_loss=9.66562805 best_val_loss=9.66562805 bad_epochs=0/8 epoch_time=00:00:12 eta=00:09:36
[a2_halfday_fixed_multiscale_5d] epoch 011/060 val_loss=63.04096985 best_val_loss=9.66562805 bad_epochs=1/8 epoch_time=00:00:12 eta=00:09:24
[a2_halfday_fixed_multiscale_5d] epoch 012/060 val_loss=51.52032242 best_val_loss=9.66562805 bad_epochs=2/8 epoch_time=00:00:12 eta=00:09:13
[a2_halfday_fixed_multiscale_5d] epoch 013/060 val_loss=31.30588570 best_val_loss=9.66562805 bad_epochs=3/8 epoch_time=00:00:12 eta=00:09:02
[a2_halfday_fixed_multiscale_5d] epoch 014/060 val_loss=4.37122307 best_val_loss=4.37122307 bad_epochs=0/8 epoch_time=00:00:12 eta=00:08:51
[a2_halfday_fixed_multiscale_5d] epoch 015/060 val_loss=54.43856277 best_val_loss=4.37122307 bad_epochs=1/8 epoch_time=00:00:12 eta=00:08:39
[a2_halfday_fixed_multiscale_5d] epoch 016/060 val_loss=45.69972763 best_val_loss=4.37122307 bad_epochs=2/8 epoch_time=00:00:12 eta=00:08:28
[a2_halfday_fixed_multiscale_5d] epoch 017/060 val_loss=29.75794106 best_val_loss=4.37122307 bad_epochs=3/8 epoch_time=00:00:12 eta=00:08:17
[a2_halfday_fixed_multiscale_5d] epoch 018/060 val_loss=0.88171098 best_val_loss=0.88171098 bad_epochs=0/8 epoch_time=00:00:12 eta=00:08:05
[a2_halfday_fixed_multiscale_5d] epoch 019/060 val_loss=20.44701519 best_val_loss=0.88171098 bad_epochs=1/8 epoch_time=00:00:12 eta=00:07:54
[a2_halfday_fixed_multiscale_5d] epoch 020/060 val_loss=26.97940521 best_val_loss=0.88171098 bad_epochs=2/8 epoch_time=00:00:12 eta=00:07:42
[a2_halfday_fixed_multiscale_5d] epoch 021/060 val_loss=39.43313026 best_val_loss=0.88171098 bad_epochs=3/8 epoch_time=00:00:12 eta=00:07:31
[a2_halfday_fixed_multiscale_5d] epoch 022/060 val_loss=62.80909348 best_val_loss=0.88171098 bad_epochs=4/8 epoch_time=00:00:12 eta=00:07:19
[a2_halfday_fixed_multiscale_5d] epoch 023/060 val_loss=10.89888268 best_val_loss=0.88171098 bad_epochs=5/8 epoch_time=00:00:12 eta=00:07:08
[a2_halfday_fixed_multiscale_5d] epoch 024/060 val_loss=59.74816666 best_val_loss=0.88171098 bad_epochs=6/8 epoch_time=00:00:12 eta=00:06:56
[a2_halfday_fixed_multiscale_5d] epoch 025/060 val_loss=49.43448715 best_val_loss=0.88171098 bad_epochs=7/8 epoch_time=00:00:12 eta=00:06:44
[a2_halfday_fixed_multiscale_5d] epoch 026/060 val_loss=30.24079056 best_val_loss=0.88171098 bad_epochs=8/8 epoch_time=00:00:11 eta=00:06:33
[a2_halfday_fixed_multiscale_5d] early stopping at epoch 26
[a2] done freq=halfday mode=fixed_multiscale horizon=5d test_mse=0.018978 test_corr=-0.1070 (overall elapsed 00:23:18)
[a2] === run 5/24: freq=daily mode=single patches=[20] horizon=5d ===
[a2_daily_single_5d] epoch 001/060 val_loss=87576.19531250 best_val_loss=87576.19531250 bad_epochs=0/8 epoch_time=00:00:10 eta=00:09:39
[a2_daily_single_5d] epoch 002/060 val_loss=62016.62500000 best_val_loss=62016.62500000 bad_epochs=0/8 epoch_time=00:00:10 eta=00:09:28
[a2_daily_single_5d] epoch 003/060 val_loss=39633.31289062 best_val_loss=39633.31289062 bad_epochs=0/8 epoch_time=00:00:10 eta=00:09:28
[a2_daily_single_5d] epoch 004/060 val_loss=15477.64560547 best_val_loss=15477.64560547 bad_epochs=0/8 epoch_time=00:00:10 eta=00:09:18
[a2_daily_single_5d] epoch 005/060 val_loss=3932.31757813 best_val_loss=3932.31757813 bad_epochs=0/8 epoch_time=00:00:10 eta=00:09:11
[a2_daily_single_5d] epoch 006/060 val_loss=527.38768616 best_val_loss=527.38768616 bad_epochs=0/8 epoch_time=00:00:10 eta=00:08:59
[a2_daily_single_5d] epoch 007/060 val_loss=390.58233643 best_val_loss=390.58233643 bad_epochs=0/8 epoch_time=00:00:10 eta=00:08:49
[a2_daily_single_5d] epoch 008/060 val_loss=361.69475708 best_val_loss=361.69475708 bad_epochs=0/8 epoch_time=00:00:10 eta=00:08:40
[a2_daily_single_5d] epoch 009/060 val_loss=351.30072937 best_val_loss=351.30072937 bad_epochs=0/8 epoch_time=00:00:10 eta=00:08:29
[a2_daily_single_5d] epoch 010/060 val_loss=344.88942871 best_val_loss=344.88942871 bad_epochs=0/8 epoch_time=00:00:10 eta=00:08:18
[a2_daily_single_5d] epoch 011/060 val_loss=340.48391113 best_val_loss=340.48391113 bad_epochs=0/8 epoch_time=00:00:10 eta=00:08:08
[a2_daily_single_5d] epoch 012/060 val_loss=336.72323303 best_val_loss=336.72323303 bad_epochs=0/8 epoch_time=00:00:10 eta=00:07:58
[a2_daily_single_5d] epoch 013/060 val_loss=333.41227722 best_val_loss=333.41227722 bad_epochs=0/8 epoch_time=00:00:10 eta=00:07:47
[a2_daily_single_5d] epoch 014/060 val_loss=330.71329956 best_val_loss=330.71329956 bad_epochs=0/8 epoch_time=00:00:10 eta=00:07:37
[a2_daily_single_5d] epoch 015/060 val_loss=328.85941772 best_val_loss=328.85941772 bad_epochs=0/8 epoch_time=00:00:10 eta=00:07:27
[a2_daily_single_5d] epoch 016/060 val_loss=327.54202271 best_val_loss=327.54202271 bad_epochs=0/8 epoch_time=00:00:10 eta=00:07:17
[a2_daily_single_5d] epoch 017/060 val_loss=325.70370178 best_val_loss=325.70370178 bad_epochs=0/8 epoch_time=00:00:10 eta=00:07:07
[a2_daily_single_5d] epoch 018/060 val_loss=323.82332458 best_val_loss=323.82332458 bad_epochs=0/8 epoch_time=00:00:10 eta=00:06:57
[a2_daily_single_5d] epoch 019/060 val_loss=322.72998657 best_val_loss=322.72998657 bad_epochs=0/8 epoch_time=00:00:10 eta=00:06:46
[a2_daily_single_5d] epoch 020/060 val_loss=321.57323914 best_val_loss=321.57323914 bad_epochs=0/8 epoch_time=00:00:10 eta=00:06:37
[a2_daily_single_5d] epoch 021/060 val_loss=320.49078674 best_val_loss=320.49078674 bad_epochs=0/8 epoch_time=00:00:10 eta=00:06:27
[a2_daily_single_5d] epoch 022/060 val_loss=319.21031494 best_val_loss=319.21031494 bad_epochs=0/8 epoch_time=00:00:10 eta=00:06:17
[a2_daily_single_5d] epoch 023/060 val_loss=318.41402588 best_val_loss=318.41402588 bad_epochs=0/8 epoch_time=00:00:10 eta=00:06:06
[a2_daily_single_5d] epoch 024/060 val_loss=317.72121582 best_val_loss=317.72121582 bad_epochs=0/8 epoch_time=00:00:10 eta=00:05:56
[a2_daily_single_5d] epoch 025/060 val_loss=316.54610901 best_val_loss=316.54610901 bad_epochs=0/8 epoch_time=00:00:10 eta=00:05:47
[a2_daily_single_5d] epoch 026/060 val_loss=316.24343262 best_val_loss=316.24343262 bad_epochs=0/8 epoch_time=00:00:10 eta=00:05:37
[a2_daily_single_5d] epoch 027/060 val_loss=315.31676025 best_val_loss=315.31676025 bad_epochs=0/8 epoch_time=00:00:10 eta=00:05:27
[a2_daily_single_5d] epoch 028/060 val_loss=314.46570129 best_val_loss=314.46570129 bad_epochs=0/8 epoch_time=00:00:10 eta=00:05:17
[a2_daily_single_5d] epoch 029/060 val_loss=314.32363586 best_val_loss=314.32363586 bad_epochs=0/8 epoch_time=00:00:10 eta=00:05:07
[a2_daily_single_5d] epoch 030/060 val_loss=313.70713806 best_val_loss=313.70713806 bad_epochs=0/8 epoch_time=00:00:10 eta=00:04:57
[a2_daily_single_5d] epoch 031/060 val_loss=313.62262573 best_val_loss=313.62262573 bad_epochs=0/8 epoch_time=00:00:10 eta=00:04:46
[a2_daily_single_5d] epoch 032/060 val_loss=313.27646790 best_val_loss=313.27646790 bad_epochs=0/8 epoch_time=00:00:10 eta=00:04:37
[a2_daily_single_5d] epoch 033/060 val_loss=313.01450195 best_val_loss=313.01450195 bad_epochs=0/8 epoch_time=00:00:10 eta=00:04:27
[a2_daily_single_5d] epoch 034/060 val_loss=312.85121155 best_val_loss=312.85121155 bad_epochs=0/8 epoch_time=00:00:10 eta=00:04:17
[a2_daily_single_5d] epoch 035/060 val_loss=312.41717529 best_val_loss=312.41717529 bad_epochs=0/8 epoch_time=00:00:10 eta=00:04:07
[a2_daily_single_5d] epoch 036/060 val_loss=312.41268616 best_val_loss=312.41268616 bad_epochs=0/8 epoch_time=00:00:10 eta=00:03:57
[a2_daily_single_5d] epoch 037/060 val_loss=312.11050110 best_val_loss=312.11050110 bad_epochs=0/8 epoch_time=00:00:11 eta=00:03:48
[a2_daily_single_5d] epoch 038/060 val_loss=312.48442993 best_val_loss=312.11050110 bad_epochs=1/8 epoch_time=00:00:10 eta=00:03:38
[a2_daily_single_5d] epoch 039/060 val_loss=311.96895447 best_val_loss=311.96895447 bad_epochs=0/8 epoch_time=00:00:10 eta=00:03:28
[a2_daily_single_5d] epoch 040/060 val_loss=311.67183380 best_val_loss=311.67183380 bad_epochs=0/8 epoch_time=00:00:10 eta=00:03:18
[a2_daily_single_5d] epoch 041/060 val_loss=311.30975037 best_val_loss=311.30975037 bad_epochs=0/8 epoch_time=00:00:10 eta=00:03:08
[a2_daily_single_5d] epoch 042/060 val_loss=311.37072144 best_val_loss=311.30975037 bad_epochs=1/8 epoch_time=00:00:09 eta=00:02:58
[a2_daily_single_5d] epoch 043/060 val_loss=312.11334229 best_val_loss=311.30975037 bad_epochs=2/8 epoch_time=00:00:09 eta=00:02:48
[a2_daily_single_5d] epoch 044/060 val_loss=311.79583130 best_val_loss=311.30975037 bad_epochs=3/8 epoch_time=00:00:10 eta=00:02:38
[a2_daily_single_5d] epoch 045/060 val_loss=311.06435242 best_val_loss=311.06435242 bad_epochs=0/8 epoch_time=00:00:10 eta=00:02:28
[a2_daily_single_5d] epoch 046/060 val_loss=310.81165771 best_val_loss=310.81165771 bad_epochs=0/8 epoch_time=00:00:10 eta=00:02:18
[a2_daily_single_5d] epoch 047/060 val_loss=311.18638153 best_val_loss=310.81165771 bad_epochs=1/8 epoch_time=00:00:10 eta=00:02:08
[a2_daily_single_5d] epoch 048/060 val_loss=311.39621582 best_val_loss=310.81165771 bad_epochs=2/8 epoch_time=00:00:10 eta=00:01:58
[a2_daily_single_5d] epoch 049/060 val_loss=311.54007874 best_val_loss=310.81165771 bad_epochs=3/8 epoch_time=00:00:10 eta=00:01:48
[a2_daily_single_5d] epoch 050/060 val_loss=311.72573090 best_val_loss=310.81165771 bad_epochs=4/8 epoch_time=00:00:10 eta=00:01:38
[a2_daily_single_5d] epoch 051/060 val_loss=312.29186096 best_val_loss=310.81165771 bad_epochs=5/8 epoch_time=00:00:10 eta=00:01:28
[a2_daily_single_5d] epoch 052/060 val_loss=313.06443634 best_val_loss=310.81165771 bad_epochs=6/8 epoch_time=00:00:10 eta=00:01:19
[a2_daily_single_5d] epoch 053/060 val_loss=311.92472534 best_val_loss=310.81165771 bad_epochs=7/8 epoch_time=00:00:10 eta=00:01:09
[a2_daily_single_5d] epoch 054/060 val_loss=312.05903015 best_val_loss=310.81165771 bad_epochs=8/8 epoch_time=00:00:10 eta=00:00:59
[a2_daily_single_5d] early stopping at epoch 54
[a2] done freq=daily mode=single horizon=5d test_mse=219.259750 test_corr=-0.0045 (overall elapsed 00:32:12)
[a2] === run 6/24: freq=daily mode=fixed_multiscale patches=[5, 10, 20, 30] horizon=5d ===
[a2_daily_fixed_multiscale_5d] epoch 001/060 val_loss=192961.72812500 best_val_loss=192961.72812500 bad_epochs=0/8 epoch_time=00:00:48 eta=00:47:06
[a2_daily_fixed_multiscale_5d] epoch 002/060 val_loss=149195.28593750 best_val_loss=149195.28593750 bad_epochs=0/8 epoch_time=00:00:47 eta=00:45:57
[a2_daily_fixed_multiscale_5d] epoch 003/060 val_loss=121560.95000000 best_val_loss=121560.95000000 bad_epochs=0/8 epoch_time=00:00:47 eta=00:45:06
[a2_daily_fixed_multiscale_5d] epoch 004/060 val_loss=100482.41796875 best_val_loss=100482.41796875 bad_epochs=0/8 epoch_time=00:00:47 eta=00:44:15
[a2_daily_fixed_multiscale_5d] epoch 005/060 val_loss=75033.13359375 best_val_loss=75033.13359375 bad_epochs=0/8 epoch_time=00:00:48 eta=00:43:30
[a2_daily_fixed_multiscale_5d] epoch 006/060 val_loss=53528.06171875 best_val_loss=53528.06171875 bad_epochs=0/8 epoch_time=00:00:47 eta=00:42:42
[a2_daily_fixed_multiscale_5d] epoch 007/060 val_loss=25544.06250000 best_val_loss=25544.06250000 bad_epochs=0/8 epoch_time=00:00:47 eta=00:41:53
[a2_daily_fixed_multiscale_5d] epoch 008/060 val_loss=4860.96123047 best_val_loss=4860.96123047 bad_epochs=0/8 epoch_time=00:00:47 eta=00:41:05
[a2_daily_fixed_multiscale_5d] epoch 009/060 val_loss=500.89328156 best_val_loss=500.89328156 bad_epochs=0/8 epoch_time=00:00:47 eta=00:40:17
[a2_daily_fixed_multiscale_5d] epoch 010/060 val_loss=317.40533600 best_val_loss=317.40533600 bad_epochs=0/8 epoch_time=00:00:47 eta=00:39:29
[a2_daily_fixed_multiscale_5d] epoch 011/060 val_loss=321.43715210 best_val_loss=317.40533600 bad_epochs=1/8 epoch_time=00:00:48 eta=00:38:46
[a2_daily_fixed_multiscale_5d] epoch 012/060 val_loss=310.85733643 best_val_loss=310.85733643 bad_epochs=0/8 epoch_time=00:00:48 eta=00:38:02
[a2_daily_fixed_multiscale_5d] epoch 013/060 val_loss=301.31468658 best_val_loss=301.31468658 bad_epochs=0/8 epoch_time=00:00:48 eta=00:37:15
[a2_daily_fixed_multiscale_5d] epoch 014/060 val_loss=293.50680237 best_val_loss=293.50680237 bad_epochs=0/8 epoch_time=00:00:47 eta=00:36:26
[a2_daily_fixed_multiscale_5d] epoch 015/060 val_loss=286.01229248 best_val_loss=286.01229248 bad_epochs=0/8 epoch_time=00:00:47 eta=00:35:38
[a2_daily_fixed_multiscale_5d] epoch 016/060 val_loss=281.73062134 best_val_loss=281.73062134 bad_epochs=0/8 epoch_time=00:00:47 eta=00:34:50
[a2_daily_fixed_multiscale_5d] epoch 017/060 val_loss=276.55863342 best_val_loss=276.55863342 bad_epochs=0/8 epoch_time=00:00:47 eta=00:34:01
[a2_daily_fixed_multiscale_5d] epoch 018/060 val_loss=273.46809387 best_val_loss=273.46809387 bad_epochs=0/8 epoch_time=00:00:47 eta=00:33:13
[a2_daily_fixed_multiscale_5d] epoch 019/060 val_loss=269.07373047 best_val_loss=269.07373047 bad_epochs=0/8 epoch_time=00:00:47 eta=00:32:25
[a2_daily_fixed_multiscale_5d] epoch 020/060 val_loss=266.51284790 best_val_loss=266.51284790 bad_epochs=0/8 epoch_time=00:00:47 eta=00:31:36
[a2_daily_fixed_multiscale_5d] epoch 021/060 val_loss=264.13773041 best_val_loss=264.13773041 bad_epochs=0/8 epoch_time=00:00:47 eta=00:30:48
[a2_daily_fixed_multiscale_5d] epoch 022/060 val_loss=260.55872955 best_val_loss=260.55872955 bad_epochs=0/8 epoch_time=00:00:47 eta=00:30:00
[a2_daily_fixed_multiscale_5d] epoch 023/060 val_loss=258.14112854 best_val_loss=258.14112854 bad_epochs=0/8 epoch_time=00:00:47 eta=00:29:12
[a2_daily_fixed_multiscale_5d] epoch 024/060 val_loss=256.54362946 best_val_loss=256.54362946 bad_epochs=0/8 epoch_time=00:00:47 eta=00:28:24
[a2_daily_fixed_multiscale_5d] epoch 025/060 val_loss=254.26596832 best_val_loss=254.26596832 bad_epochs=0/8 epoch_time=00:00:47 eta=00:27:36
[a2_daily_fixed_multiscale_5d] epoch 026/060 val_loss=253.66441345 best_val_loss=253.66441345 bad_epochs=0/8 epoch_time=00:00:47 eta=00:26:49
[a2_daily_fixed_multiscale_5d] epoch 027/060 val_loss=251.82945099 best_val_loss=251.82945099 bad_epochs=0/8 epoch_time=00:00:47 eta=00:26:01
[a2_daily_fixed_multiscale_5d] epoch 028/060 val_loss=251.21390381 best_val_loss=251.21390381 bad_epochs=0/8 epoch_time=00:00:47 eta=00:25:13
[a2_daily_fixed_multiscale_5d] epoch 029/060 val_loss=249.63049622 best_val_loss=249.63049622 bad_epochs=0/8 epoch_time=00:00:47 eta=00:24:26
[a2_daily_fixed_multiscale_5d] epoch 030/060 val_loss=247.98933716 best_val_loss=247.98933716 bad_epochs=0/8 epoch_time=00:00:47 eta=00:23:38
[a2_daily_fixed_multiscale_5d] epoch 031/060 val_loss=248.56106567 best_val_loss=247.98933716 bad_epochs=1/8 epoch_time=00:00:47 eta=00:22:51
[a2_daily_fixed_multiscale_5d] epoch 032/060 val_loss=247.38953857 best_val_loss=247.38953857 bad_epochs=0/8 epoch_time=00:00:47 eta=00:22:03
[a2_daily_fixed_multiscale_5d] epoch 033/060 val_loss=246.06444244 best_val_loss=246.06444244 bad_epochs=0/8 epoch_time=00:00:47 eta=00:21:16
[a2_daily_fixed_multiscale_5d] epoch 034/060 val_loss=246.93714905 best_val_loss=246.06444244 bad_epochs=1/8 epoch_time=00:00:47 eta=00:20:28
[a2_daily_fixed_multiscale_5d] epoch 035/060 val_loss=244.63074646 best_val_loss=244.63074646 bad_epochs=0/8 epoch_time=00:00:47 eta=00:19:41
[a2_daily_fixed_multiscale_5d] epoch 036/060 val_loss=244.34374084 best_val_loss=244.34374084 bad_epochs=0/8 epoch_time=00:00:47 eta=00:18:54
[a2_daily_fixed_multiscale_5d] epoch 037/060 val_loss=242.98996735 best_val_loss=242.98996735 bad_epochs=0/8 epoch_time=00:00:47 eta=00:18:06
[a2_daily_fixed_multiscale_5d] epoch 038/060 val_loss=243.37558441 best_val_loss=242.98996735 bad_epochs=1/8 epoch_time=00:00:47 eta=00:17:19
[a2_daily_fixed_multiscale_5d] epoch 039/060 val_loss=241.39883270 best_val_loss=241.39883270 bad_epochs=0/8 epoch_time=00:00:47 eta=00:16:31
[a2_daily_fixed_multiscale_5d] epoch 040/060 val_loss=241.93459473 best_val_loss=241.39883270 bad_epochs=1/8 epoch_time=00:00:47 eta=00:15:44
[a2_daily_fixed_multiscale_5d] epoch 041/060 val_loss=240.96198120 best_val_loss=240.96198120 bad_epochs=0/8 epoch_time=00:00:47 eta=00:14:57
[a2_daily_fixed_multiscale_5d] epoch 042/060 val_loss=240.99687042 best_val_loss=240.96198120 bad_epochs=1/8 epoch_time=00:00:47 eta=00:14:09
[a2_daily_fixed_multiscale_5d] epoch 043/060 val_loss=240.48465881 best_val_loss=240.48465881 bad_epochs=0/8 epoch_time=00:00:47 eta=00:13:22
[a2_daily_fixed_multiscale_5d] epoch 044/060 val_loss=238.48353271 best_val_loss=238.48353271 bad_epochs=0/8 epoch_time=00:00:47 eta=00:12:35
[a2_daily_fixed_multiscale_5d] epoch 045/060 val_loss=239.60934448 best_val_loss=238.48353271 bad_epochs=1/8 epoch_time=00:00:47 eta=00:11:47
[a2_daily_fixed_multiscale_5d] epoch 046/060 val_loss=239.83047943 best_val_loss=238.48353271 bad_epochs=2/8 epoch_time=00:00:47 eta=00:11:00
[a2_daily_fixed_multiscale_5d] epoch 047/060 val_loss=237.84277649 best_val_loss=237.84277649 bad_epochs=0/8 epoch_time=00:00:47 eta=00:10:13
[a2_daily_fixed_multiscale_5d] epoch 048/060 val_loss=237.02194366 best_val_loss=237.02194366 bad_epochs=0/8 epoch_time=00:00:47 eta=00:09:26
[a2_daily_fixed_multiscale_5d] epoch 049/060 val_loss=238.05651093 best_val_loss=237.02194366 bad_epochs=1/8 epoch_time=00:00:47 eta=00:08:39
[a2_daily_fixed_multiscale_5d] epoch 050/060 val_loss=238.22808228 best_val_loss=237.02194366 bad_epochs=2/8 epoch_time=00:00:47 eta=00:07:51
[a2_daily_fixed_multiscale_5d] epoch 051/060 val_loss=237.60663757 best_val_loss=237.02194366 bad_epochs=3/8 epoch_time=00:00:47 eta=00:07:04
[a2_daily_fixed_multiscale_5d] epoch 052/060 val_loss=236.81321106 best_val_loss=236.81321106 bad_epochs=0/8 epoch_time=00:00:47 eta=00:06:17
[a2_daily_fixed_multiscale_5d] epoch 053/060 val_loss=237.31890869 best_val_loss=236.81321106 bad_epochs=1/8 epoch_time=00:00:47 eta=00:05:30
[a2_daily_fixed_multiscale_5d] epoch 054/060 val_loss=235.39277802 best_val_loss=235.39277802 bad_epochs=0/8 epoch_time=00:00:47 eta=00:04:43
[a2_daily_fixed_multiscale_5d] epoch 055/060 val_loss=235.04469147 best_val_loss=235.04469147 bad_epochs=0/8 epoch_time=00:00:47 eta=00:03:56
[a2_daily_fixed_multiscale_5d] epoch 056/060 val_loss=235.90463409 best_val_loss=235.04469147 bad_epochs=1/8 epoch_time=00:00:47 eta=00:03:08
[a2_daily_fixed_multiscale_5d] epoch 057/060 val_loss=235.46032257 best_val_loss=235.04469147 bad_epochs=2/8 epoch_time=00:00:47 eta=00:02:21
[a2_daily_fixed_multiscale_5d] epoch 058/060 val_loss=237.56892548 best_val_loss=235.04469147 bad_epochs=3/8 epoch_time=00:00:47 eta=00:01:34
[a2] 24 total runs (freq x horizon x mode)
[a2] === run 1/24: freq=hourly mode=single patches=[2] horizon=5d ===
[a2_hourly_single_5d] epoch 001/060 val_loss=365.79246826 best_val_loss=365.79246826 bad_epochs=0/8 epoch_time=00:00:04 eta=00:03:55
[a2_hourly_single_5d] epoch 002/060 val_loss=81.65227051 best_val_loss=81.65227051 bad_epochs=0/8 epoch_time=00:00:04 eta=00:03:53
[a2_hourly_single_5d] epoch 003/060 val_loss=75.44979782 best_val_loss=75.44979782 bad_epochs=0/8 epoch_time=00:00:04 eta=00:03:50
[a2_hourly_single_5d] epoch 004/060 val_loss=67.06797485 best_val_loss=67.06797485 bad_epochs=0/8 epoch_time=00:00:04 eta=00:03:47
[a2_hourly_single_5d] epoch 005/060 val_loss=59.78771019 best_val_loss=59.78771019 bad_epochs=0/8 epoch_time=00:00:04 eta=00:03:43
[a2_hourly_single_5d] epoch 006/060 val_loss=58.07241974 best_val_loss=58.07241974 bad_epochs=0/8 epoch_time=00:00:04 eta=00:03:40
[a2_hourly_single_5d] epoch 007/060 val_loss=55.42362556 best_val_loss=55.42362556 bad_epochs=0/8 epoch_time=00:00:04 eta=00:03:36
[a2_hourly_single_5d] epoch 008/060 val_loss=52.15923233 best_val_loss=52.15923233 bad_epochs=0/8 epoch_time=00:00:04 eta=00:03:33
[a2_hourly_single_5d] epoch 009/060 val_loss=61.58972015 best_val_loss=52.15923233 bad_epochs=1/8 epoch_time=00:00:04 eta=00:03:29
[a2_hourly_single_5d] epoch 010/060 val_loss=45.33855362 best_val_loss=45.33855362 bad_epochs=0/8 epoch_time=00:00:04 eta=00:03:26
[a2_hourly_single_5d] epoch 011/060 val_loss=45.12179604 best_val_loss=45.12179604 bad_epochs=0/8 epoch_time=00:00:04 eta=00:03:21
[a2_hourly_single_5d] epoch 012/060 val_loss=44.14780884 best_val_loss=44.14780884 bad_epochs=0/8 epoch_time=00:00:04 eta=00:03:17
[a2_hourly_single_5d] epoch 013/060 val_loss=40.91414452 best_val_loss=40.91414452 bad_epochs=0/8 epoch_time=00:00:04 eta=00:03:14
[a2_hourly_single_5d] epoch 014/060 val_loss=50.94877777 best_val_loss=40.91414452 bad_epochs=1/8 epoch_time=00:00:04 eta=00:03:10
[a2_hourly_single_5d] epoch 015/060 val_loss=43.99702454 best_val_loss=40.91414452 bad_epochs=2/8 epoch_time=00:00:04 eta=00:03:06
[a2_hourly_single_5d] epoch 016/060 val_loss=33.49766159 best_val_loss=33.49766159 bad_epochs=0/8 epoch_time=00:00:04 eta=00:03:02
[a2_hourly_single_5d] epoch 017/060 val_loss=37.19012604 best_val_loss=33.49766159 bad_epochs=1/8 epoch_time=00:00:04 eta=00:02:58
[a2_hourly_single_5d] epoch 018/060 val_loss=31.72363243 best_val_loss=31.72363243 bad_epochs=0/8 epoch_time=00:00:04 eta=00:02:54
[a2_hourly_single_5d] epoch 019/060 val_loss=26.20132465 best_val_loss=26.20132465 bad_epochs=0/8 epoch_time=00:00:04 eta=00:02:50
[a2_hourly_single_5d] epoch 020/060 val_loss=27.45294418 best_val_loss=26.20132465 bad_epochs=1/8 epoch_time=00:00:04 eta=00:02:46
[a2_hourly_single_5d] epoch 021/060 val_loss=26.70804291 best_val_loss=26.20132465 bad_epochs=2/8 epoch_time=00:00:04 eta=00:02:42
[a2_hourly_single_5d] epoch 022/060 val_loss=61.36305237 best_val_loss=26.20132465 bad_epochs=3/8 epoch_time=00:00:04 eta=00:02:38
[a2_hourly_single_5d] epoch 023/060 val_loss=27.01714039 best_val_loss=26.20132465 bad_epochs=4/8 epoch_time=00:00:04 eta=00:02:33
[a2_hourly_single_5d] epoch 024/060 val_loss=27.12000618 best_val_loss=26.20132465 bad_epochs=5/8 epoch_time=00:00:04 eta=00:02:29
[a2_hourly_single_5d] epoch 025/060 val_loss=22.12451115 best_val_loss=22.12451115 bad_epochs=0/8 epoch_time=00:00:04 eta=00:02:25
[a2_hourly_single_5d] epoch 026/060 val_loss=28.20098629 best_val_loss=22.12451115 bad_epochs=1/8 epoch_time=00:00:04 eta=00:02:21
[a2_hourly_single_5d] epoch 027/060 val_loss=19.64844894 best_val_loss=19.64844894 bad_epochs=0/8 epoch_time=00:00:04 eta=00:02:17
[a2_hourly_single_5d] epoch 028/060 val_loss=22.60577316 best_val_loss=19.64844894 bad_epochs=1/8 epoch_time=00:00:04 eta=00:02:13
[a2_hourly_single_5d] epoch 029/060 val_loss=21.56535263 best_val_loss=19.64844894 bad_epochs=2/8 epoch_time=00:00:04 eta=00:02:09
[a2_hourly_single_5d] epoch 030/060 val_loss=31.86874084 best_val_loss=19.64844894 bad_epochs=3/8 epoch_time=00:00:04 eta=00:02:05
[a2_hourly_single_5d] epoch 031/060 val_loss=34.96558876 best_val_loss=19.64844894 bad_epochs=4/8 epoch_time=00:00:04 eta=00:02:01
[a2_hourly_single_5d] epoch 032/060 val_loss=20.03800468 best_val_loss=19.64844894 bad_epochs=5/8 epoch_time=00:00:04 eta=00:01:57
[a2_hourly_single_5d] epoch 033/060 val_loss=22.49325218 best_val_loss=19.64844894 bad_epochs=6/8 epoch_time=00:00:04 eta=00:01:53
[a2_hourly_single_5d] epoch 034/060 val_loss=19.69228382 best_val_loss=19.64844894 bad_epochs=7/8 epoch_time=00:00:04 eta=00:01:48
[a2_hourly_single_5d] epoch 035/060 val_loss=17.57424908 best_val_loss=17.57424908 bad_epochs=0/8 epoch_time=00:00:04 eta=00:01:44
[a2_hourly_single_5d] epoch 036/060 val_loss=15.97995777 best_val_loss=15.97995777 bad_epochs=0/8 epoch_time=00:00:04 eta=00:01:40
[a2_hourly_single_5d] epoch 037/060 val_loss=15.18142433 best_val_loss=15.18142433 bad_epochs=0/8 epoch_time=00:00:04 eta=00:01:36
[a2_hourly_single_5d] epoch 038/060 val_loss=20.70794411 best_val_loss=15.18142433 bad_epochs=1/8 epoch_time=00:00:04 eta=00:01:32
[a2_hourly_single_5d] epoch 039/060 val_loss=15.54227028 best_val_loss=15.18142433 bad_epochs=2/8 epoch_time=00:00:04 eta=00:01:28
[a2_hourly_single_5d] epoch 040/060 val_loss=18.08254738 best_val_loss=15.18142433 bad_epochs=3/8 epoch_time=00:00:04 eta=00:01:24
[a2_hourly_single_5d] epoch 041/060 val_loss=18.38693523 best_val_loss=15.18142433 bad_epochs=4/8 epoch_time=00:00:04 eta=00:01:19
[a2_hourly_single_5d] epoch 042/060 val_loss=14.50833311 best_val_loss=14.50833311 bad_epochs=0/8 epoch_time=00:00:04 eta=00:01:15
[a2_hourly_single_5d] epoch 043/060 val_loss=14.86144648 best_val_loss=14.50833311 bad_epochs=1/8 epoch_time=00:00:04 eta=00:01:11
[a2_hourly_single_5d] epoch 044/060 val_loss=17.61016483 best_val_loss=14.50833311 bad_epochs=2/8 epoch_time=00:00:04 eta=00:01:07
[a2_hourly_single_5d] epoch 045/060 val_loss=18.10547752 best_val_loss=14.50833311 bad_epochs=3/8 epoch_time=00:00:04 eta=00:01:03
[a2_hourly_single_5d] epoch 046/060 val_loss=18.36419106 best_val_loss=14.50833311 bad_epochs=4/8 epoch_time=00:00:04 eta=00:00:59
[a2_hourly_single_5d] epoch 047/060 val_loss=18.06253948 best_val_loss=14.50833311 bad_epochs=5/8 epoch_time=00:00:04 eta=00:00:54
[a2_hourly_single_5d] epoch 048/060 val_loss=18.07568722 best_val_loss=14.50833311 bad_epochs=6/8 epoch_time=00:00:04 eta=00:00:50
[a2_hourly_single_5d] epoch 049/060 val_loss=17.78152065 best_val_loss=14.50833311 bad_epochs=7/8 epoch_time=00:00:04 eta=00:00:46
[a2_hourly_single_5d] epoch 050/060 val_loss=17.18793964 best_val_loss=14.50833311 bad_epochs=8/8 epoch_time=00:00:04 eta=00:00:42
[a2_hourly_single_5d] early stopping at epoch 50
[a2] done freq=hourly mode=single horizon=5d test_mse=4.244083 test_corr=-0.0427 (overall elapsed 00:03:32)
[a2] === run 2/24: freq=hourly mode=fixed_multiscale patches=[2, 4, 8, 12] horizon=5d ===
[a2_hourly_fixed_multiscale_5d] epoch 001/060 val_loss=2752.56176758 best_val_loss=2752.56176758 bad_epochs=0/8 epoch_time=00:00:12 eta=00:11:32
[a2_hourly_fixed_multiscale_5d] epoch 002/060 val_loss=348.27411804 best_val_loss=348.27411804 bad_epochs=0/8 epoch_time=00:00:12 eta=00:11:18
[a2_hourly_fixed_multiscale_5d] epoch 003/060 val_loss=202.90622101 best_val_loss=202.90622101 bad_epochs=0/8 epoch_time=00:00:12 eta=00:11:04
[a2_hourly_fixed_multiscale_5d] epoch 004/060 val_loss=58.04110870 best_val_loss=58.04110870 bad_epochs=0/8 epoch_time=00:00:12 eta=00:10:53
[a2_hourly_fixed_multiscale_5d] epoch 005/060 val_loss=26.21412773 best_val_loss=26.21412773 bad_epochs=0/8 epoch_time=00:00:12 eta=00:10:42
[a2_hourly_fixed_multiscale_5d] epoch 006/060 val_loss=21.18026447 best_val_loss=21.18026447 bad_epochs=0/8 epoch_time=00:00:12 eta=00:10:31
[a2_hourly_fixed_multiscale_5d] epoch 007/060 val_loss=55.90634499 best_val_loss=21.18026447 bad_epochs=1/8 epoch_time=00:00:12 eta=00:10:19
[a2_hourly_fixed_multiscale_5d] epoch 008/060 val_loss=22.67827282 best_val_loss=21.18026447 bad_epochs=2/8 epoch_time=00:00:12 eta=00:10:07
[a2_hourly_fixed_multiscale_5d] epoch 009/060 val_loss=17.93182402 best_val_loss=17.93182402 bad_epochs=0/8 epoch_time=00:00:12 eta=00:09:55
[a2_hourly_fixed_multiscale_5d] epoch 010/060 val_loss=53.60516129 best_val_loss=17.93182402 bad_epochs=1/8 epoch_time=00:00:12 eta=00:09:43
[a2_hourly_fixed_multiscale_5d] epoch 011/060 val_loss=20.18919878 best_val_loss=17.93182402 bad_epochs=2/8 epoch_time=00:00:12 eta=00:09:33
[a2_hourly_fixed_multiscale_5d] epoch 012/060 val_loss=15.51338081 best_val_loss=15.51338081 bad_epochs=0/8 epoch_time=00:00:12 eta=00:09:22
[a2_hourly_fixed_multiscale_5d] epoch 013/060 val_loss=51.83463173 best_val_loss=15.51338081 bad_epochs=1/8 epoch_time=00:00:12 eta=00:09:10
[a2_hourly_fixed_multiscale_5d] epoch 014/060 val_loss=18.56545124 best_val_loss=15.51338081 bad_epochs=2/8 epoch_time=00:00:12 eta=00:08:58
[a2_hourly_fixed_multiscale_5d] epoch 015/060 val_loss=13.92405977 best_val_loss=13.92405977 bad_epochs=0/8 epoch_time=00:00:12 eta=00:08:46
[a2_hourly_fixed_multiscale_5d] epoch 016/060 val_loss=50.46228676 best_val_loss=13.92405977 bad_epochs=1/8 epoch_time=00:00:12 eta=00:08:34
[a2_hourly_fixed_multiscale_5d] epoch 017/060 val_loss=17.44612474 best_val_loss=13.92405977 bad_epochs=2/8 epoch_time=00:00:12 eta=00:08:23
[a2_hourly_fixed_multiscale_5d] epoch 018/060 val_loss=13.00514612 best_val_loss=13.00514612 bad_epochs=0/8 epoch_time=00:00:12 eta=00:08:11
[a2_hourly_fixed_multiscale_5d] epoch 019/060 val_loss=49.40583344 best_val_loss=13.00514612 bad_epochs=1/8 epoch_time=00:00:12 eta=00:08:00
[a2_hourly_fixed_multiscale_5d] epoch 020/060 val_loss=16.80495987 best_val_loss=13.00514612 bad_epochs=2/8 epoch_time=00:00:12 eta=00:07:48
[a2_hourly_fixed_multiscale_5d] epoch 021/060 val_loss=12.46281595 best_val_loss=12.46281595 bad_epochs=0/8 epoch_time=00:00:12 eta=00:07:36
[a2_hourly_fixed_multiscale_5d] epoch 022/060 val_loss=48.47608337 best_val_loss=12.46281595 bad_epochs=1/8 epoch_time=00:00:12 eta=00:07:24
[a2_hourly_fixed_multiscale_5d] epoch 023/060 val_loss=16.40062199 best_val_loss=12.46281595 bad_epochs=2/8 epoch_time=00:00:12 eta=00:07:13
[a2_hourly_fixed_multiscale_5d] epoch 024/060 val_loss=12.19156313 best_val_loss=12.19156313 bad_epochs=0/8 epoch_time=00:00:12 eta=00:07:01
[a2_hourly_fixed_multiscale_5d] epoch 025/060 val_loss=48.08265190 best_val_loss=12.19156313 bad_epochs=1/8 epoch_time=00:00:12 eta=00:06:49
[a2_hourly_fixed_multiscale_5d] epoch 026/060 val_loss=16.12542591 best_val_loss=12.19156313 bad_epochs=2/8 epoch_time=00:00:12 eta=00:06:37
[a2_hourly_fixed_multiscale_5d] epoch 027/060 val_loss=11.98365612 best_val_loss=11.98365612 bad_epochs=0/8 epoch_time=00:00:12 eta=00:06:25
[a2_hourly_fixed_multiscale_5d] epoch 028/060 val_loss=47.22821846 best_val_loss=11.98365612 bad_epochs=1/8 epoch_time=00:00:12 eta=00:06:14
[a2_hourly_fixed_multiscale_5d] epoch 029/060 val_loss=15.86154366 best_val_loss=11.98365612 bad_epochs=2/8 epoch_time=00:00:12 eta=00:06:02
[a2_hourly_fixed_multiscale_5d] epoch 030/060 val_loss=11.71609735 best_val_loss=11.71609735 bad_epochs=0/8 epoch_time=00:00:12 eta=00:05:50
[a2_hourly_fixed_multiscale_5d] epoch 031/060 val_loss=46.25877380 best_val_loss=11.71609735 bad_epochs=1/8 epoch_time=00:00:12 eta=00:05:38
[a2_hourly_fixed_multiscale_5d] epoch 032/060 val_loss=15.43194571 best_val_loss=11.71609735 bad_epochs=2/8 epoch_time=00:00:12 eta=00:05:27
[a2_hourly_fixed_multiscale_5d] epoch 033/060 val_loss=11.47520866 best_val_loss=11.47520866 bad_epochs=0/8 epoch_time=00:00:12 eta=00:05:15
[a2_hourly_fixed_multiscale_5d] epoch 034/060 val_loss=45.46559067 best_val_loss=11.47520866 bad_epochs=1/8 epoch_time=00:00:12 eta=00:05:03
[a2_hourly_fixed_multiscale_5d] epoch 035/060 val_loss=15.21759272 best_val_loss=11.47520866 bad_epochs=2/8 epoch_time=00:00:12 eta=00:04:51
[a2_hourly_fixed_multiscale_5d] epoch 036/060 val_loss=11.18457499 best_val_loss=11.18457499 bad_epochs=0/8 epoch_time=00:00:12 eta=00:04:40
[a2_hourly_fixed_multiscale_5d] epoch 037/060 val_loss=44.28322296 best_val_loss=11.18457499 bad_epochs=1/8 epoch_time=00:00:12 eta=00:04:28
[a2_hourly_fixed_multiscale_5d] epoch 038/060 val_loss=14.78928766 best_val_loss=11.18457499 bad_epochs=2/8 epoch_time=00:00:12 eta=00:04:16
[a2_hourly_fixed_multiscale_5d] epoch 039/060 val_loss=10.89304714 best_val_loss=10.89304714 bad_epochs=0/8 epoch_time=00:00:12 eta=00:04:05
[a2_hourly_fixed_multiscale_5d] epoch 040/060 val_loss=43.25563393 best_val_loss=10.89304714 bad_epochs=1/8 epoch_time=00:00:12 eta=00:03:53
[a2_hourly_fixed_multiscale_5d] epoch 041/060 val_loss=14.55277529 best_val_loss=10.89304714 bad_epochs=2/8 epoch_time=00:00:12 eta=00:03:41
[a2_hourly_fixed_multiscale_5d] epoch 042/060 val_loss=10.64372292 best_val_loss=10.64372292 bad_epochs=0/8 epoch_time=00:00:12 eta=00:03:30
[a2_hourly_fixed_multiscale_5d] epoch 043/060 val_loss=42.15823555 best_val_loss=10.64372292 bad_epochs=1/8 epoch_time=00:00:12 eta=00:03:18
[a2_hourly_fixed_multiscale_5d] epoch 044/060 val_loss=14.01640825 best_val_loss=10.64372292 bad_epochs=2/8 epoch_time=00:00:12 eta=00:03:06
[a2_hourly_fixed_multiscale_5d] epoch 045/060 val_loss=10.43836451 best_val_loss=10.43836451 bad_epochs=0/8 epoch_time=00:00:12 eta=00:02:55
[a2_hourly_fixed_multiscale_5d] epoch 046/060 val_loss=41.02539902 best_val_loss=10.43836451 bad_epochs=1/8 epoch_time=00:00:12 eta=00:02:43
[a2_hourly_fixed_multiscale_5d] epoch 047/060 val_loss=13.96578541 best_val_loss=10.43836451 bad_epochs=2/8 epoch_time=00:00:12 eta=00:02:31
[a2_hourly_fixed_multiscale_5d] epoch 048/060 val_loss=10.02946296 best_val_loss=10.02946296 bad_epochs=0/8 epoch_time=00:00:12 eta=00:02:20
[a2_hourly_fixed_multiscale_5d] epoch 049/060 val_loss=39.63588028 best_val_loss=10.02946296 bad_epochs=1/8 epoch_time=00:00:12 eta=00:02:08
[a2_hourly_fixed_multiscale_5d] epoch 050/060 val_loss=13.15502148 best_val_loss=10.02946296 bad_epochs=2/8 epoch_time=00:00:12 eta=00:01:57
[a2_hourly_fixed_multiscale_5d] epoch 051/060 val_loss=9.75561428 best_val_loss=9.75561428 bad_epochs=0/8 epoch_time=00:00:12 eta=00:01:45
[a2_hourly_fixed_multiscale_5d] epoch 052/060 val_loss=38.26988678 best_val_loss=9.75561428 bad_epochs=1/8 epoch_time=00:00:12 eta=00:01:33
[a2_hourly_fixed_multiscale_5d] epoch 053/060 val_loss=12.92211771 best_val_loss=9.75561428 bad_epochs=2/8 epoch_time=00:00:12 eta=00:01:22
[a2_hourly_fixed_multiscale_5d] epoch 054/060 val_loss=9.44374881 best_val_loss=9.44374881 bad_epochs=0/8 epoch_time=00:00:12 eta=00:01:10
[a2_hourly_fixed_multiscale_5d] epoch 055/060 val_loss=35.76564064 best_val_loss=9.44374881 bad_epochs=1/8 epoch_time=00:00:12 eta=00:00:58
[a2_hourly_fixed_multiscale_5d] epoch 056/060 val_loss=11.43200121 best_val_loss=9.44374881 bad_epochs=2/8 epoch_time=00:00:12 eta=00:00:47
[a2_hourly_fixed_multiscale_5d] epoch 057/060 val_loss=8.62546511 best_val_loss=8.62546511 bad_epochs=0/8 epoch_time=00:00:12 eta=00:00:35
[a2_hourly_fixed_multiscale_5d] epoch 058/060 val_loss=33.73800468 best_val_loss=8.62546511 bad_epochs=1/8 epoch_time=00:00:12 eta=00:00:23
[a2_hourly_fixed_multiscale_5d] epoch 059/060 val_loss=11.26511431 best_val_loss=8.62546511 bad_epochs=2/8 epoch_time=00:00:12 eta=00:00:12
[a2_hourly_fixed_multiscale_5d] epoch 060/060 val_loss=7.93574667 best_val_loss=7.93574667 bad_epochs=0/8 epoch_time=00:00:12 eta=00:00:00
[a2] done freq=hourly mode=fixed_multiscale horizon=5d test_mse=0.971642 test_corr=0.0304 (overall elapsed 00:15:16)
[a2] === run 3/24: freq=halfday mode=single patches=[10] horizon=5d ===
[a2_halfday_single_5d] epoch 001/060 val_loss=96.29689713 best_val_loss=96.29689713 bad_epochs=0/8 epoch_time=00:00:02 eta=00:02:27
[a2_halfday_single_5d] epoch 002/060 val_loss=92.24372711 best_val_loss=92.24372711 bad_epochs=0/8 epoch_time=00:00:03 eta=00:02:26
[a2_halfday_single_5d] epoch 003/060 val_loss=87.98814392 best_val_loss=87.98814392 bad_epochs=0/8 epoch_time=00:00:02 eta=00:02:23
[a2_halfday_single_5d] epoch 004/060 val_loss=84.89531250 best_val_loss=84.89531250 bad_epochs=0/8 epoch_time=00:00:02 eta=00:02:20
[a2_halfday_single_5d] epoch 005/060 val_loss=82.20384827 best_val_loss=82.20384827 bad_epochs=0/8 epoch_time=00:00:03 eta=00:02:17
[a2_halfday_single_5d] epoch 006/060 val_loss=78.40844574 best_val_loss=78.40844574 bad_epochs=0/8 epoch_time=00:00:03 eta=00:02:15
[a2_halfday_single_5d] epoch 007/060 val_loss=74.00434189 best_val_loss=74.00434189 bad_epochs=0/8 epoch_time=00:00:03 eta=00:02:13
[a2_halfday_single_5d] epoch 008/060 val_loss=74.12705688 best_val_loss=74.00434189 bad_epochs=1/8 epoch_time=00:00:03 eta=00:02:10
[a2_halfday_single_5d] epoch 009/060 val_loss=69.03013382 best_val_loss=69.03013382 bad_epochs=0/8 epoch_time=00:00:03 eta=00:02:08
[a2_halfday_single_5d] epoch 010/060 val_loss=68.56831055 best_val_loss=68.56831055 bad_epochs=0/8 epoch_time=00:00:03 eta=00:02:07
[a2_halfday_single_5d] epoch 011/060 val_loss=68.85396500 best_val_loss=68.56831055 bad_epochs=1/8 epoch_time=00:00:02 eta=00:02:04
[a2_halfday_single_5d] epoch 012/060 val_loss=67.89974899 best_val_loss=67.89974899 bad_epochs=0/8 epoch_time=00:00:02 eta=00:02:01
[a2_halfday_single_5d] epoch 013/060 val_loss=73.58867798 best_val_loss=67.89974899 bad_epochs=1/8 epoch_time=00:00:03 eta=00:01:59
[a2_halfday_single_5d] epoch 014/060 val_loss=70.16565170 best_val_loss=67.89974899 bad_epochs=2/8 epoch_time=00:00:03 eta=00:01:56
[a2_halfday_single_5d] epoch 015/060 val_loss=69.32775421 best_val_loss=67.89974899 bad_epochs=3/8 epoch_time=00:00:03 eta=00:01:54
[a2_halfday_single_5d] epoch 016/060 val_loss=67.87776566 best_val_loss=67.87776566 bad_epochs=0/8 epoch_time=00:00:03 eta=00:01:51
[a2_halfday_single_5d] epoch 017/060 val_loss=67.84994736 best_val_loss=67.84994736 bad_epochs=0/8 epoch_time=00:00:03 eta=00:01:49
[a2_halfday_single_5d] epoch 018/060 val_loss=66.28425140 best_val_loss=66.28425140 bad_epochs=0/8 epoch_time=00:00:03 eta=00:01:46
[a2_halfday_single_5d] epoch 019/060 val_loss=66.98173828 best_val_loss=66.28425140 bad_epochs=1/8 epoch_time=00:00:03 eta=00:01:44
[a2_halfday_single_5d] epoch 020/060 val_loss=64.01174164 best_val_loss=64.01174164 bad_epochs=0/8 epoch_time=00:00:03 eta=00:01:41
[a2_halfday_single_5d] epoch 021/060 val_loss=64.79756317 best_val_loss=64.01174164 bad_epochs=1/8 epoch_time=00:00:02 eta=00:01:39
[a2_halfday_single_5d] epoch 022/060 val_loss=65.59747009 best_val_loss=64.01174164 bad_epochs=2/8 epoch_time=00:00:02 eta=00:01:36
[a2_halfday_single_5d] epoch 023/060 val_loss=65.48296051 best_val_loss=64.01174164 bad_epochs=3/8 epoch_time=00:00:02 eta=00:01:33
[a2_halfday_single_5d] epoch 024/060 val_loss=63.22580414 best_val_loss=63.22580414 bad_epochs=0/8 epoch_time=00:00:03 eta=00:01:31
[a2_halfday_single_5d] epoch 025/060 val_loss=62.21115112 best_val_loss=62.21115112 bad_epochs=0/8 epoch_time=00:00:02 eta=00:01:28
[a2_halfday_single_5d] epoch 026/060 val_loss=59.25766983 best_val_loss=59.25766983 bad_epochs=0/8 epoch_time=00:00:03 eta=00:01:26
[a2_halfday_single_5d] epoch 027/060 val_loss=62.67432709 best_val_loss=59.25766983 bad_epochs=1/8 epoch_time=00:00:03 eta=00:01:23
[a2_halfday_single_5d] epoch 028/060 val_loss=63.58059311 best_val_loss=59.25766983 bad_epochs=2/8 epoch_time=00:00:02 eta=00:01:21
[a2_halfday_single_5d] epoch 029/060 val_loss=6.00476599 best_val_loss=6.00476599 bad_epochs=0/8 epoch_time=00:00:03 eta=00:01:18
[a2_halfday_single_5d] epoch 030/060 val_loss=0.82018859 best_val_loss=0.82018859 bad_epochs=0/8 epoch_time=00:00:03 eta=00:01:16
[a2_halfday_single_5d] epoch 031/060 val_loss=0.53097898 best_val_loss=0.53097898 bad_epochs=0/8 epoch_time=00:00:03 eta=00:01:13
[a2_halfday_single_5d] epoch 032/060 val_loss=0.64842644 best_val_loss=0.53097898 bad_epochs=1/8 epoch_time=00:00:03 eta=00:01:11
[a2_halfday_single_5d] epoch 033/060 val_loss=9.05244226 best_val_loss=0.53097898 bad_epochs=2/8 epoch_time=00:00:03 eta=00:01:08
[a2_halfday_single_5d] epoch 034/060 val_loss=10.83487453 best_val_loss=0.53097898 bad_epochs=3/8 epoch_time=00:00:03 eta=00:01:05
[a2_halfday_single_5d] epoch 035/060 val_loss=57.89056091 best_val_loss=0.53097898 bad_epochs=4/8 epoch_time=00:00:03 eta=00:01:03
[a2_halfday_single_5d] epoch 036/060 val_loss=60.82262573 best_val_loss=0.53097898 bad_epochs=5/8 epoch_time=00:00:03 eta=00:01:00
[a2_halfday_single_5d] epoch 037/060 val_loss=9.43238087 best_val_loss=0.53097898 bad_epochs=6/8 epoch_time=00:00:03 eta=00:00:58
[a2_halfday_single_5d] epoch 038/060 val_loss=14.04312534 best_val_loss=0.53097898 bad_epochs=7/8 epoch_time=00:00:03 eta=00:00:55
[a2_halfday_single_5d] epoch 039/060 val_loss=36.61133766 best_val_loss=0.53097898 bad_epochs=8/8 epoch_time=00:00:03 eta=00:00:53
[a2_halfday_single_5d] early stopping at epoch 39
[a2] done freq=halfday mode=single horizon=5d test_mse=0.008716 test_corr=0.0765 (overall elapsed 00:16:56)
[a2] === run 4/24: freq=halfday mode=fixed_multiscale patches=[2, 4, 8, 10, 12] horizon=5d ===
[a2_halfday_fixed_multiscale_5d] epoch 001/060 val_loss=82522.88125000 best_val_loss=82522.88125000 bad_epochs=0/8 epoch_time=00:00:11 eta=00:10:40
[a2_halfday_fixed_multiscale_5d] epoch 002/060 val_loss=57264.03789062 best_val_loss=57264.03789062 bad_epochs=0/8 epoch_time=00:00:11 eta=00:10:26
[a2_halfday_fixed_multiscale_5d] epoch 003/060 val_loss=41419.12656250 best_val_loss=41419.12656250 bad_epochs=0/8 epoch_time=00:00:11 eta=00:10:15
[a2_halfday_fixed_multiscale_5d] epoch 004/060 val_loss=30521.81289062 best_val_loss=30521.81289062 bad_epochs=0/8 epoch_time=00:00:11 eta=00:10:04
[a2_halfday_fixed_multiscale_5d] epoch 005/060 val_loss=20978.45039062 best_val_loss=20978.45039062 bad_epochs=0/8 epoch_time=00:00:11 eta=00:09:53
[a2_halfday_fixed_multiscale_5d] epoch 006/060 val_loss=11528.53554688 best_val_loss=11528.53554688 bad_epochs=0/8 epoch_time=00:00:11 eta=00:09:41
[a2_halfday_fixed_multiscale_5d] epoch 007/060 val_loss=2940.95498047 best_val_loss=2940.95498047 bad_epochs=0/8 epoch_time=00:00:11 eta=00:09:31
[a2_halfday_fixed_multiscale_5d] epoch 008/060 val_loss=370.56512756 best_val_loss=370.56512756 bad_epochs=0/8 epoch_time=00:00:11 eta=00:09:20
[a2_halfday_fixed_multiscale_5d] epoch 009/060 val_loss=81.77290649 best_val_loss=81.77290649 bad_epochs=0/8 epoch_time=00:00:11 eta=00:09:09
[a2_halfday_fixed_multiscale_5d] epoch 010/060 val_loss=9.67118559 best_val_loss=9.67118559 bad_epochs=0/8 epoch_time=00:00:11 eta=00:08:58
[a2_halfday_fixed_multiscale_5d] epoch 011/060 val_loss=63.03566895 best_val_loss=9.67118559 bad_epochs=1/8 epoch_time=00:00:11 eta=00:08:47
[a2_halfday_fixed_multiscale_5d] epoch 012/060 val_loss=51.51277695 best_val_loss=9.67118559 bad_epochs=2/8 epoch_time=00:00:11 eta=00:08:36
[a2_halfday_fixed_multiscale_5d] epoch 013/060 val_loss=31.29842300 best_val_loss=9.67118559 bad_epochs=3/8 epoch_time=00:00:11 eta=00:08:26
[a2_halfday_fixed_multiscale_5d] epoch 014/060 val_loss=4.37818751 best_val_loss=4.37818751 bad_epochs=0/8 epoch_time=00:00:11 eta=00:08:15
[a2_halfday_fixed_multiscale_5d] epoch 015/060 val_loss=54.43166885 best_val_loss=4.37818751 bad_epochs=1/8 epoch_time=00:00:11 eta=00:08:04
[a2_halfday_fixed_multiscale_5d] epoch 016/060 val_loss=45.69375038 best_val_loss=4.37818751 bad_epochs=2/8 epoch_time=00:00:11 eta=00:07:53
[a2_halfday_fixed_multiscale_5d] epoch 017/060 val_loss=29.75241394 best_val_loss=4.37818751 bad_epochs=3/8 epoch_time=00:00:11 eta=00:07:42
[a2_halfday_fixed_multiscale_5d] epoch 018/060 val_loss=0.87777932 best_val_loss=0.87777932 bad_epochs=0/8 epoch_time=00:00:11 eta=00:07:33
[a2_halfday_fixed_multiscale_5d] epoch 019/060 val_loss=20.45237751 best_val_loss=0.87777932 bad_epochs=1/8 epoch_time=00:00:11 eta=00:07:22
[a2_halfday_fixed_multiscale_5d] epoch 020/060 val_loss=26.98579254 best_val_loss=0.87777932 bad_epochs=2/8 epoch_time=00:00:11 eta=00:07:11
[a2_halfday_fixed_multiscale_5d] epoch 021/060 val_loss=39.43910751 best_val_loss=0.87777932 bad_epochs=3/8 epoch_time=00:00:11 eta=00:07:01
[a2_halfday_fixed_multiscale_5d] epoch 022/060 val_loss=62.81369324 best_val_loss=0.87777932 bad_epochs=4/8 epoch_time=00:00:11 eta=00:06:50
[a2_halfday_fixed_multiscale_5d] epoch 023/060 val_loss=10.90344830 best_val_loss=0.87777932 bad_epochs=5/8 epoch_time=00:00:11 eta=00:06:39
[a2_halfday_fixed_multiscale_5d] epoch 024/060 val_loss=59.74293671 best_val_loss=0.87777932 bad_epochs=6/8 epoch_time=00:00:11 eta=00:06:29
[a2_halfday_fixed_multiscale_5d] epoch 025/060 val_loss=49.42956314 best_val_loss=0.87777932 bad_epochs=7/8 epoch_time=00:00:11 eta=00:06:18
[a2_halfday_fixed_multiscale_5d] epoch 026/060 val_loss=30.23576126 best_val_loss=0.87777932 bad_epochs=8/8 epoch_time=00:00:11 eta=00:06:07
[a2_halfday_fixed_multiscale_5d] early stopping at epoch 26
[a2] done freq=halfday mode=fixed_multiscale horizon=5d test_mse=0.018848 test_corr=-0.1066 (overall elapsed 00:21:41)
[a2] === run 5/24: freq=daily mode=single patches=[20] horizon=5d ===
[a2_daily_single_5d] epoch 001/060 val_loss=87576.19531250 best_val_loss=87576.19531250 bad_epochs=0/8 epoch_time=00:00:09 eta=00:08:55
[a2_daily_single_5d] epoch 002/060 val_loss=62016.62500000 best_val_loss=62016.62500000 bad_epochs=0/8 epoch_time=00:00:09 eta=00:08:47
[a2_daily_single_5d] epoch 003/060 val_loss=39633.31289062 best_val_loss=39633.31289062 bad_epochs=0/8 epoch_time=00:00:09 eta=00:08:37
[a2_daily_single_5d] epoch 004/060 val_loss=15477.64560547 best_val_loss=15477.64560547 bad_epochs=0/8 epoch_time=00:00:09 eta=00:08:27
[a2_daily_single_5d] epoch 005/060 val_loss=3932.31757813 best_val_loss=3932.31757813 bad_epochs=0/8 epoch_time=00:00:09 eta=00:08:19
[a2_daily_single_5d] epoch 006/060 val_loss=527.38768616 best_val_loss=527.38768616 bad_epochs=0/8 epoch_time=00:00:09 eta=00:08:09
[a2_daily_single_5d] epoch 007/060 val_loss=390.58233643 best_val_loss=390.58233643 bad_epochs=0/8 epoch_time=00:00:09 eta=00:08:00
[a2_daily_single_5d] epoch 008/060 val_loss=361.69475708 best_val_loss=361.69475708 bad_epochs=0/8 epoch_time=00:00:09 eta=00:07:51
[a2_daily_single_5d] epoch 009/060 val_loss=351.30072937 best_val_loss=351.30072937 bad_epochs=0/8 epoch_time=00:00:09 eta=00:07:42
[a2_daily_single_5d] epoch 010/060 val_loss=344.88942871 best_val_loss=344.88942871 bad_epochs=0/8 epoch_time=00:00:09 eta=00:07:33
[a2_daily_single_5d] epoch 011/060 val_loss=340.48391113 best_val_loss=340.48391113 bad_epochs=0/8 epoch_time=00:00:09 eta=00:07:24
[a2_daily_single_5d] epoch 012/060 val_loss=336.72323303 best_val_loss=336.72323303 bad_epochs=0/8 epoch_time=00:00:09 eta=00:07:15
[a2_daily_single_5d] epoch 013/060 val_loss=333.41227722 best_val_loss=333.41227722 bad_epochs=0/8 epoch_time=00:00:09 eta=00:07:07
[a2_daily_single_5d] epoch 014/060 val_loss=330.71329956 best_val_loss=330.71329956 bad_epochs=0/8 epoch_time=00:00:09 eta=00:06:58
[a2_daily_single_5d] epoch 015/060 val_loss=328.85941772 best_val_loss=328.85941772 bad_epochs=0/8 epoch_time=00:00:09 eta=00:06:50
[a2_daily_single_5d] epoch 016/060 val_loss=327.54202271 best_val_loss=327.54202271 bad_epochs=0/8 epoch_time=00:00:09 eta=00:06:41
[a2_daily_single_5d] epoch 017/060 val_loss=325.70370178 best_val_loss=325.70370178 bad_epochs=0/8 epoch_time=00:00:09 eta=00:06:32
[a2_daily_single_5d] epoch 018/060 val_loss=323.82332458 best_val_loss=323.82332458 bad_epochs=0/8 epoch_time=00:00:09 eta=00:06:23
[a2_daily_single_5d] epoch 019/060 val_loss=322.72998657 best_val_loss=322.72998657 bad_epochs=0/8 epoch_time=00:00:09 eta=00:06:14
[a2_daily_single_5d] epoch 020/060 val_loss=321.57323914 best_val_loss=321.57323914 bad_epochs=0/8 epoch_time=00:00:10 eta=00:06:05
[a2_daily_single_5d] epoch 021/060 val_loss=320.49078674 best_val_loss=320.49078674 bad_epochs=0/8 epoch_time=00:00:10 eta=00:05:57
[a2_daily_single_5d] epoch 022/060 val_loss=319.21031494 best_val_loss=319.21031494 bad_epochs=0/8 epoch_time=00:00:09 eta=00:05:49
[a2_daily_single_5d] epoch 023/060 val_loss=318.41402588 best_val_loss=318.41402588 bad_epochs=0/8 epoch_time=00:00:09 eta=00:05:39
[a2_daily_single_5d] epoch 024/060 val_loss=317.72121582 best_val_loss=317.72121582 bad_epochs=0/8 epoch_time=00:00:09 eta=00:05:30
[a2_daily_single_5d] epoch 025/060 val_loss=316.54610901 best_val_loss=316.54610901 bad_epochs=0/8 epoch_time=00:00:09 eta=00:05:21
[a2_daily_single_5d] epoch 026/060 val_loss=316.24343262 best_val_loss=316.24343262 bad_epochs=0/8 epoch_time=00:00:09 eta=00:05:12
[a2_daily_single_5d] epoch 027/060 val_loss=315.31676025 best_val_loss=315.31676025 bad_epochs=0/8 epoch_time=00:00:09 eta=00:05:03
[a2_daily_single_5d] epoch 028/060 val_loss=314.46570129 best_val_loss=314.46570129 bad_epochs=0/8 epoch_time=00:00:09 eta=00:04:54
[a2_daily_single_5d] epoch 029/060 val_loss=314.32363586 best_val_loss=314.32363586 bad_epochs=0/8 epoch_time=00:00:10 eta=00:04:46
[a2_daily_single_5d] epoch 030/060 val_loss=313.70713806 best_val_loss=313.70713806 bad_epochs=0/8 epoch_time=00:00:10 eta=00:04:37
[a2_daily_single_5d] epoch 031/060 val_loss=313.62262573 best_val_loss=313.62262573 bad_epochs=0/8 epoch_time=00:00:09 eta=00:04:28
[a2_daily_single_5d] epoch 032/060 val_loss=313.27646790 best_val_loss=313.27646790 bad_epochs=0/8 epoch_time=00:00:09 eta=00:04:19
[a2_daily_single_5d] epoch 033/060 val_loss=313.01450195 best_val_loss=313.01450195 bad_epochs=0/8 epoch_time=00:00:10 eta=00:04:10
[a2_daily_single_5d] epoch 034/060 val_loss=312.85121155 best_val_loss=312.85121155 bad_epochs=0/8 epoch_time=00:00:09 eta=00:04:00
[a2_daily_single_5d] epoch 035/060 val_loss=312.41717529 best_val_loss=312.41717529 bad_epochs=0/8 epoch_time=00:00:09 eta=00:03:51
[a2_daily_single_5d] epoch 036/060 val_loss=312.41268616 best_val_loss=312.41268616 bad_epochs=0/8 epoch_time=00:00:09 eta=00:03:42
[a2_daily_single_5d] epoch 037/060 val_loss=312.11050110 best_val_loss=312.11050110 bad_epochs=0/8 epoch_time=00:00:09 eta=00:03:33
[a2_daily_single_5d] epoch 038/060 val_loss=312.48442993 best_val_loss=312.11050110 bad_epochs=1/8 epoch_time=00:00:09 eta=00:03:23
[a2_daily_single_5d] epoch 039/060 val_loss=311.96895447 best_val_loss=311.96895447 bad_epochs=0/8 epoch_time=00:00:09 eta=00:03:14
[a2_daily_single_5d] epoch 040/060 val_loss=311.67183380 best_val_loss=311.67183380 bad_epochs=0/8 epoch_time=00:00:09 eta=00:03:05
[a2_daily_single_5d] epoch 041/060 val_loss=311.30975037 best_val_loss=311.30975037 bad_epochs=0/8 epoch_time=00:00:09 eta=00:02:56
[a2_daily_single_5d] epoch 042/060 val_loss=311.37072144 best_val_loss=311.30975037 bad_epochs=1/8 epoch_time=00:00:09 eta=00:02:46
[a2_daily_single_5d] epoch 043/060 val_loss=312.11334229 best_val_loss=311.30975037 bad_epochs=2/8 epoch_time=00:00:09 eta=00:02:37
[a2_daily_single_5d] epoch 044/060 val_loss=311.79583130 best_val_loss=311.30975037 bad_epochs=3/8 epoch_time=00:00:09 eta=00:02:28
[a2_daily_single_5d] epoch 045/060 val_loss=311.06435242 best_val_loss=311.06435242 bad_epochs=0/8 epoch_time=00:00:09 eta=00:02:19
[a2_daily_single_5d] epoch 046/060 val_loss=310.81165771 best_val_loss=310.81165771 bad_epochs=0/8 epoch_time=00:00:09 eta=00:02:09
[a2_daily_single_5d] epoch 047/060 val_loss=311.18638153 best_val_loss=310.81165771 bad_epochs=1/8 epoch_time=00:00:09 eta=00:02:00
[a2_daily_single_5d] epoch 048/060 val_loss=311.39621582 best_val_loss=310.81165771 bad_epochs=2/8 epoch_time=00:00:09 eta=00:01:51
[a2_daily_single_5d] epoch 049/060 val_loss=311.54007874 best_val_loss=310.81165771 bad_epochs=3/8 epoch_time=00:00:09 eta=00:01:42
[a2_daily_single_5d] epoch 050/060 val_loss=311.72573090 best_val_loss=310.81165771 bad_epochs=4/8 epoch_time=00:00:09 eta=00:01:32
[a2_daily_single_5d] epoch 051/060 val_loss=312.29186096 best_val_loss=310.81165771 bad_epochs=5/8 epoch_time=00:00:09 eta=00:01:23
[a2_daily_single_5d] epoch 052/060 val_loss=313.06443634 best_val_loss=310.81165771 bad_epochs=6/8 epoch_time=00:00:09 eta=00:01:14
[a2_daily_single_5d] epoch 053/060 val_loss=311.92472534 best_val_loss=310.81165771 bad_epochs=7/8 epoch_time=00:00:09 eta=00:01:05
[a2_daily_single_5d] epoch 054/060 val_loss=312.05903015 best_val_loss=310.81165771 bad_epochs=8/8 epoch_time=00:00:10 eta=00:00:56
[a2_daily_single_5d] early stopping at epoch 54
[a2] done freq=daily mode=single horizon=5d test_mse=219.259750 test_corr=-0.0045 (overall elapsed 00:30:05)
[a2] === run 6/24: freq=daily mode=fixed_multiscale patches=[5, 10, 20, 30] horizon=5d ===
[a2_daily_fixed_multiscale_5d] epoch 001/060 val_loss=192961.72812500 best_val_loss=192961.72812500 bad_epochs=0/8 epoch_time=00:00:48 eta=00:47:37
[a2_daily_fixed_multiscale_5d] epoch 002/060 val_loss=149195.28593750 best_val_loss=149195.28593750 bad_epochs=0/8 epoch_time=00:00:49 eta=00:46:52
[a2_daily_fixed_multiscale_5d] epoch 003/060 val_loss=121560.95000000 best_val_loss=121560.95000000 bad_epochs=0/8 epoch_time=00:00:48 eta=00:45:57
[a2_daily_fixed_multiscale_5d] epoch 004/060 val_loss=100482.41796875 best_val_loss=100482.41796875 bad_epochs=0/8 epoch_time=00:00:46 eta=00:44:32
[a2_daily_fixed_multiscale_5d] epoch 005/060 val_loss=75033.13359375 best_val_loss=75033.13359375 bad_epochs=0/8 epoch_time=00:00:46 eta=00:43:26
[a2_daily_fixed_multiscale_5d] epoch 006/060 val_loss=53528.06171875 best_val_loss=53528.06171875 bad_epochs=0/8 epoch_time=00:00:45 eta=00:42:17
[a2_daily_fixed_multiscale_5d] epoch 007/060 val_loss=25544.06250000 best_val_loss=25544.06250000 bad_epochs=0/8 epoch_time=00:00:46 eta=00:41:21
[a2_daily_fixed_multiscale_5d] epoch 008/060 val_loss=4860.96123047 best_val_loss=4860.96123047 bad_epochs=0/8 epoch_time=00:00:46 eta=00:40:27
[a2_daily_fixed_multiscale_5d] epoch 009/060 val_loss=500.89328156 best_val_loss=500.89328156 bad_epochs=0/8 epoch_time=00:00:45 eta=00:39:30
[a2_daily_fixed_multiscale_5d] epoch 010/060 val_loss=317.40533600 best_val_loss=317.40533600 bad_epochs=0/8 epoch_time=00:00:45 eta=00:38:36
[a2_daily_fixed_multiscale_5d] epoch 011/060 val_loss=321.43715210 best_val_loss=317.40533600 bad_epochs=1/8 epoch_time=00:00:45 eta=00:37:43
[a2_daily_fixed_multiscale_5d] epoch 012/060 val_loss=310.85733643 best_val_loss=310.85733643 bad_epochs=0/8 epoch_time=00:00:45 eta=00:36:52
[a2_daily_fixed_multiscale_5d] epoch 013/060 val_loss=301.31468658 best_val_loss=301.31468658 bad_epochs=0/8 epoch_time=00:00:45 eta=00:36:02
[a2_daily_fixed_multiscale_5d] epoch 014/060 val_loss=293.50680237 best_val_loss=293.50680237 bad_epochs=0/8 epoch_time=00:00:45 eta=00:35:13
[a2_daily_fixed_multiscale_5d] epoch 015/060 val_loss=286.01229248 best_val_loss=286.01229248 bad_epochs=0/8 epoch_time=00:00:45 eta=00:34:25
[a2_daily_fixed_multiscale_5d] epoch 016/060 val_loss=281.73062134 best_val_loss=281.73062134 bad_epochs=0/8 epoch_time=00:00:45 eta=00:33:36
[a2_daily_fixed_multiscale_5d] epoch 017/060 val_loss=276.55863342 best_val_loss=276.55863342 bad_epochs=0/8 epoch_time=00:00:45 eta=00:32:48
[a2_daily_fixed_multiscale_5d] epoch 018/060 val_loss=273.46809387 best_val_loss=273.46809387 bad_epochs=0/8 epoch_time=00:00:45 eta=00:32:00
[a2_daily_fixed_multiscale_5d] epoch 019/060 val_loss=269.07373047 best_val_loss=269.07373047 bad_epochs=0/8 epoch_time=00:00:46 eta=00:31:16
[a2_daily_fixed_multiscale_5d] epoch 020/060 val_loss=266.51284790 best_val_loss=266.51284790 bad_epochs=0/8 epoch_time=00:00:46 eta=00:30:31
[a2_daily_fixed_multiscale_5d] epoch 021/060 val_loss=264.13773041 best_val_loss=264.13773041 bad_epochs=0/8 epoch_time=00:00:47 eta=00:29:47
[a2_daily_fixed_multiscale_5d] epoch 022/060 val_loss=260.55872955 best_val_loss=260.55872955 bad_epochs=0/8 epoch_time=00:00:46 eta=00:29:00
[a2_daily_fixed_multiscale_5d] epoch 023/060 val_loss=258.14112854 best_val_loss=258.14112854 bad_epochs=0/8 epoch_time=00:00:45 eta=00:28:14
[a2_daily_fixed_multiscale_5d] epoch 024/060 val_loss=256.54362946 best_val_loss=256.54362946 bad_epochs=0/8 epoch_time=00:00:45 eta=00:27:28
[a2_daily_fixed_multiscale_5d] epoch 025/060 val_loss=254.26596832 best_val_loss=254.26596832 bad_epochs=0/8 epoch_time=00:00:45 eta=00:26:41
[a2_daily_fixed_multiscale_5d] epoch 026/060 val_loss=253.66441345 best_val_loss=253.66441345 bad_epochs=0/8 epoch_time=00:00:45 eta=00:25:55
[a2_daily_fixed_multiscale_5d] epoch 027/060 val_loss=251.82945099 best_val_loss=251.82945099 bad_epochs=0/8 epoch_time=00:00:45 eta=00:25:09
[a2_daily_fixed_multiscale_5d] epoch 028/060 val_loss=251.21390381 best_val_loss=251.21390381 bad_epochs=0/8 epoch_time=00:00:46 eta=00:24:24
[a2_daily_fixed_multiscale_5d] epoch 029/060 val_loss=249.63049622 best_val_loss=249.63049622 bad_epochs=0/8 epoch_time=00:00:46 eta=00:23:38
[a2_daily_fixed_multiscale_5d] epoch 030/060 val_loss=247.98933716 best_val_loss=247.98933716 bad_epochs=0/8 epoch_time=00:00:45 eta=00:22:52
[a2_daily_fixed_multiscale_5d] epoch 031/060 val_loss=248.56106567 best_val_loss=247.98933716 bad_epochs=1/8 epoch_time=00:00:45 eta=00:22:06
[a2_daily_fixed_multiscale_5d] epoch 032/060 val_loss=247.38953857 best_val_loss=247.38953857 bad_epochs=0/8 epoch_time=00:00:45 eta=00:21:19
[a2_daily_fixed_multiscale_5d] epoch 033/060 val_loss=246.06444244 best_val_loss=246.06444244 bad_epochs=0/8 epoch_time=00:00:45 eta=00:20:33
[a2_daily_fixed_multiscale_5d] epoch 034/060 val_loss=246.93714905 best_val_loss=246.06444244 bad_epochs=1/8 epoch_time=00:00:46 eta=00:19:48
[a2_daily_fixed_multiscale_5d] epoch 035/060 val_loss=244.63074646 best_val_loss=244.63074646 bad_epochs=0/8 epoch_time=00:00:45 eta=00:19:02
[a2_daily_fixed_multiscale_5d] epoch 036/060 val_loss=244.34374084 best_val_loss=244.34374084 bad_epochs=0/8 epoch_time=00:00:46 eta=00:18:16
[a2_daily_fixed_multiscale_5d] epoch 037/060 val_loss=242.98996735 best_val_loss=242.98996735 bad_epochs=0/8 epoch_time=00:00:45 eta=00:17:30
[a2_daily_fixed_multiscale_5d] epoch 038/060 val_loss=243.37558441 best_val_loss=242.98996735 bad_epochs=1/8 epoch_time=00:00:45 eta=00:16:44
[a2_daily_fixed_multiscale_5d] epoch 039/060 val_loss=241.39883270 best_val_loss=241.39883270 bad_epochs=0/8 epoch_time=00:00:45 eta=00:15:58
[a2_daily_fixed_multiscale_5d] epoch 040/060 val_loss=241.93459473 best_val_loss=241.39883270 bad_epochs=1/8 epoch_time=00:00:46 eta=00:15:13
[a2_daily_fixed_multiscale_5d] epoch 041/060 val_loss=240.96198120 best_val_loss=240.96198120 bad_epochs=0/8 epoch_time=00:00:45 eta=00:14:27
[a2_daily_fixed_multiscale_5d] epoch 042/060 val_loss=240.99687042 best_val_loss=240.96198120 bad_epochs=1/8 epoch_time=00:00:45 eta=00:13:41
[a2_daily_fixed_multiscale_5d] epoch 043/060 val_loss=240.48465881 best_val_loss=240.48465881 bad_epochs=0/8 epoch_time=00:00:45 eta=00:12:55
[a2_daily_fixed_multiscale_5d] epoch 044/060 val_loss=238.48353271 best_val_loss=238.48353271 bad_epochs=0/8 epoch_time=00:00:45 eta=00:12:10
[a2_daily_fixed_multiscale_5d] epoch 045/060 val_loss=239.60934448 best_val_loss=238.48353271 bad_epochs=1/8 epoch_time=00:00:45 eta=00:11:24
[a2_daily_fixed_multiscale_5d] epoch 046/060 val_loss=239.83047943 best_val_loss=238.48353271 bad_epochs=2/8 epoch_time=00:00:45 eta=00:10:38
[a2_daily_fixed_multiscale_5d] epoch 047/060 val_loss=237.84277649 best_val_loss=237.84277649 bad_epochs=0/8 epoch_time=00:00:46 eta=00:09:53
[a2_daily_fixed_multiscale_5d] epoch 048/060 val_loss=237.02194366 best_val_loss=237.02194366 bad_epochs=0/8 epoch_time=00:00:46 eta=00:09:07
[a2_daily_fixed_multiscale_5d] epoch 049/060 val_loss=238.05651093 best_val_loss=237.02194366 bad_epochs=1/8 epoch_time=00:00:45 eta=00:08:21
[a2_daily_fixed_multiscale_5d] epoch 050/060 val_loss=238.22808228 best_val_loss=237.02194366 bad_epochs=2/8 epoch_time=00:00:46 eta=00:07:36
[a2_daily_fixed_multiscale_5d] epoch 051/060 val_loss=237.60663757 best_val_loss=237.02194366 bad_epochs=3/8 epoch_time=00:00:45 eta=00:06:50
[a2_daily_fixed_multiscale_5d] epoch 052/060 val_loss=236.81321106 best_val_loss=236.81321106 bad_epochs=0/8 epoch_time=00:00:46 eta=00:06:05
[a2_daily_fixed_multiscale_5d] epoch 053/060 val_loss=237.31890869 best_val_loss=236.81321106 bad_epochs=1/8 epoch_time=00:00:46 eta=00:05:19
[a2_daily_fixed_multiscale_5d] epoch 054/060 val_loss=235.39277802 best_val_loss=235.39277802 bad_epochs=0/8 epoch_time=00:00:49 eta=00:04:34
[a2_daily_fixed_multiscale_5d] epoch 055/060 val_loss=235.04469147 best_val_loss=235.04469147 bad_epochs=0/8 epoch_time=00:00:48 eta=00:03:48
[a2_daily_fixed_multiscale_5d] epoch 056/060 val_loss=235.90463409 best_val_loss=235.04469147 bad_epochs=1/8 epoch_time=00:00:45 eta=00:03:03
[a2_daily_fixed_multiscale_5d] epoch 057/060 val_loss=235.46032257 best_val_loss=235.04469147 bad_epochs=2/8 epoch_time=00:00:45 eta=00:02:17
[a2_daily_fixed_multiscale_5d] epoch 058/060 val_loss=237.56892548 best_val_loss=235.04469147 bad_epochs=3/8 epoch_time=00:00:45 eta=00:01:31
[a2_daily_fixed_multiscale_5d] epoch 059/060 val_loss=235.27475281 best_val_loss=235.04469147 bad_epochs=4/8 epoch_time=00:00:45 eta=00:00:46
[a2_daily_fixed_multiscale_5d] epoch 060/060 val_loss=235.64324799 best_val_loss=235.04469147 bad_epochs=5/8 epoch_time=00:00:45 eta=00:00:00
[a2] done freq=daily mode=fixed_multiscale horizon=5d test_mse=120.032677 test_corr=0.0653 (overall elapsed 01:16:03)
[a2] === run 7/24: freq=weekly mode=single patches=[4] horizon=5d ===
[a2_weekly_single_5d] epoch 001/060 val_loss=40103.22304687 best_val_loss=40103.22304687 bad_epochs=0/8 epoch_time=00:00:04 eta=00:03:41
[a2_weekly_single_5d] epoch 002/060 val_loss=7350.45429688 best_val_loss=7350.45429688 bad_epochs=0/8 epoch_time=00:00:04 eta=00:03:38
[a2_weekly_single_5d] epoch 003/060 val_loss=172.72283325 best_val_loss=172.72283325 bad_epochs=0/8 epoch_time=00:00:04 eta=00:03:35
[a2_weekly_single_5d] epoch 004/060 val_loss=448.95572510 best_val_loss=172.72283325 bad_epochs=1/8 epoch_time=00:00:04 eta=00:03:31
[a2_weekly_single_5d] epoch 005/060 val_loss=199.96860962 best_val_loss=172.72283325 bad_epochs=2/8 epoch_time=00:00:04 eta=00:03:27
[a2_weekly_single_5d] epoch 006/060 val_loss=399.69761353 best_val_loss=172.72283325 bad_epochs=3/8 epoch_time=00:00:04 eta=00:03:23
[a2_weekly_single_5d] epoch 007/060 val_loss=199.68409424 best_val_loss=172.72283325 bad_epochs=4/8 epoch_time=00:00:04 eta=00:03:19
[a2_weekly_single_5d] epoch 008/060 val_loss=395.44629517 best_val_loss=172.72283325 bad_epochs=5/8 epoch_time=00:00:04 eta=00:03:15
[a2_weekly_single_5d] epoch 009/060 val_loss=195.24982910 best_val_loss=172.72283325 bad_epochs=6/8 epoch_time=00:00:04 eta=00:03:12
[a2_weekly_single_5d] epoch 010/060 val_loss=391.14270630 best_val_loss=172.72283325 bad_epochs=7/8 epoch_time=00:00:04 eta=00:03:08
[a2_weekly_single_5d] epoch 011/060 val_loss=192.33029175 best_val_loss=172.72283325 bad_epochs=8/8 epoch_time=00:00:04 eta=00:03:04
[a2_weekly_single_5d] early stopping at epoch 11
[a2] done freq=weekly mode=single horizon=5d test_mse=240.941086 test_corr=0.0114 (overall elapsed 01:16:46)
[a2] === run 8/24: freq=weekly mode=fixed_multiscale patches=[2, 4, 8, 12, 13, 14] horizon=5d ===
[a2_weekly_fixed_multiscale_5d] epoch 001/060 val_loss=52.49053993 best_val_loss=52.49053993 bad_epochs=0/8 epoch_time=00:00:17 eta=00:16:26
[a2_weekly_fixed_multiscale_5d] epoch 002/060 val_loss=1170.08498535 best_val_loss=52.49053993 bad_epochs=1/8 epoch_time=00:00:17 eta=00:16:05
[a2_weekly_fixed_multiscale_5d] epoch 003/060 val_loss=1817.24277344 best_val_loss=52.49053993 bad_epochs=2/8 epoch_time=00:00:17 eta=00:15:54
[a2_weekly_fixed_multiscale_5d] epoch 004/060 val_loss=1889.06848145 best_val_loss=52.49053993 bad_epochs=3/8 epoch_time=00:00:17 eta=00:15:39
[a2_weekly_fixed_multiscale_5d] epoch 005/060 val_loss=1962.90485840 best_val_loss=52.49053993 bad_epochs=4/8 epoch_time=00:00:17 eta=00:15:22
[a2_weekly_fixed_multiscale_5d] epoch 006/060 val_loss=1394.44609375 best_val_loss=52.49053993 bad_epochs=5/8 epoch_time=00:00:17 eta=00:15:05
[a2_weekly_fixed_multiscale_5d] epoch 007/060 val_loss=896.58222656 best_val_loss=52.49053993 bad_epochs=6/8 epoch_time=00:00:17 eta=00:14:47
[a2_weekly_fixed_multiscale_5d] epoch 008/060 val_loss=147.72016602 best_val_loss=52.49053993 bad_epochs=7/8 epoch_time=00:00:17 eta=00:14:29
[a2_weekly_fixed_multiscale_5d] epoch 009/060 val_loss=650.91364746 best_val_loss=52.49053993 bad_epochs=8/8 epoch_time=00:00:17 eta=00:14:12
[a2_weekly_fixed_multiscale_5d] early stopping at epoch 9
[a2] done freq=weekly mode=fixed_multiscale horizon=5d test_mse=28.820957 test_corr=-0.0233 (overall elapsed 01:19:23)
[a2] === run 9/24: freq=hourly mode=single patches=[12] horizon=10d ===
[a2_hourly_single_10d] epoch 001/060 val_loss=8048.93691406 best_val_loss=8048.93691406 bad_epochs=0/8 epoch_time=00:00:03 eta=00:03:09
[a2_hourly_single_10d] epoch 002/060 val_loss=4974.00937500 best_val_loss=4974.00937500 bad_epochs=0/8 epoch_time=00:00:03 eta=00:03:03
[a2_hourly_single_10d] epoch 003/060 val_loss=2527.44201660 best_val_loss=2527.44201660 bad_epochs=0/8 epoch_time=00:00:03 eta=00:03:00
[a2_hourly_single_10d] epoch 004/060 val_loss=438.21628113 best_val_loss=438.21628113 bad_epochs=0/8 epoch_time=00:00:03 eta=00:02:57
[a2_hourly_single_10d] epoch 005/060 val_loss=47.43227539 best_val_loss=47.43227539 bad_epochs=0/8 epoch_time=00:00:03 eta=00:02:53
[a2_hourly_single_10d] epoch 006/060 val_loss=65.93943863 best_val_loss=47.43227539 bad_epochs=1/8 epoch_time=00:00:03 eta=00:02:50
[a2_hourly_single_10d] epoch 007/060 val_loss=33.85457573 best_val_loss=33.85457573 bad_epochs=0/8 epoch_time=00:00:03 eta=00:02:46
[a2_hourly_single_10d] epoch 008/060 val_loss=28.21700611 best_val_loss=28.21700611 bad_epochs=0/8 epoch_time=00:00:03 eta=00:02:43
[a2_hourly_single_10d] epoch 009/060 val_loss=19.38870583 best_val_loss=19.38870583 bad_epochs=0/8 epoch_time=00:00:03 eta=00:02:40
[a2_hourly_single_10d] epoch 010/060 val_loss=12.95594406 best_val_loss=12.95594406 bad_epochs=0/8 epoch_time=00:00:03 eta=00:02:37
[a2_hourly_single_10d] epoch 011/060 val_loss=16.33593082 best_val_loss=12.95594406 bad_epochs=1/8 epoch_time=00:00:03 eta=00:02:34
[a2_hourly_single_10d] epoch 012/060 val_loss=17.56203566 best_val_loss=12.95594406 bad_epochs=2/8 epoch_time=00:00:03 eta=00:02:31
[a2_hourly_single_10d] epoch 013/060 val_loss=15.63753014 best_val_loss=12.95594406 bad_epochs=3/8 epoch_time=00:00:03 eta=00:02:28
[a2_hourly_single_10d] epoch 014/060 val_loss=15.21831703 best_val_loss=12.95594406 bad_epochs=4/8 epoch_time=00:00:03 eta=00:02:25
[a2_hourly_single_10d] epoch 015/060 val_loss=14.98794022 best_val_loss=12.95594406 bad_epochs=5/8 epoch_time=00:00:03 eta=00:02:21
[a2_hourly_single_10d] epoch 016/060 val_loss=14.79973412 best_val_loss=12.95594406 bad_epochs=6/8 epoch_time=00:00:03 eta=00:02:19
[a2_hourly_single_10d] epoch 017/060 val_loss=14.63062649 best_val_loss=12.95594406 bad_epochs=7/8 epoch_time=00:00:03 eta=00:02:15
[a2_hourly_single_10d] epoch 018/060 val_loss=14.46061153 best_val_loss=12.95594406 bad_epochs=8/8 epoch_time=00:00:03 eta=00:02:12
[a2_hourly_single_10d] early stopping at epoch 18
[a2] done freq=hourly mode=single horizon=10d test_mse=2.471894 test_corr=0.2400 (overall elapsed 01:20:21)
[a2] === run 10/24: freq=hourly mode=fixed_multiscale patches=[2, 4, 8, 12] horizon=10d ===
[a2_hourly_fixed_multiscale_10d] epoch 001/060 val_loss=409.52433167 best_val_loss=409.52433167 bad_epochs=0/8 epoch_time=00:00:12 eta=00:12:00
[a2_hourly_fixed_multiscale_10d] epoch 002/060 val_loss=119.31049347 best_val_loss=119.31049347 bad_epochs=0/8 epoch_time=00:00:12 eta=00:11:45
[a2_hourly_fixed_multiscale_10d] epoch 003/060 val_loss=60.65175629 best_val_loss=60.65175629 bad_epochs=0/8 epoch_time=00:00:12 eta=00:11:30
[a2_hourly_fixed_multiscale_10d] epoch 004/060 val_loss=56.25641785 best_val_loss=56.25641785 bad_epochs=0/8 epoch_time=00:00:12 eta=00:11:15
[a2_hourly_fixed_multiscale_10d] epoch 005/060 val_loss=49.72555008 best_val_loss=49.72555008 bad_epochs=0/8 epoch_time=00:00:12 eta=00:11:03
[a2_hourly_fixed_multiscale_10d] epoch 006/060 val_loss=38.60550079 best_val_loss=38.60550079 bad_epochs=0/8 epoch_time=00:00:12 eta=00:10:51
[a2_hourly_fixed_multiscale_10d] epoch 007/060 val_loss=38.28130951 best_val_loss=38.28130951 bad_epochs=0/8 epoch_time=00:00:12 eta=00:10:39
[a2_hourly_fixed_multiscale_10d] epoch 008/060 val_loss=65.26316757 best_val_loss=38.28130951 bad_epochs=1/8 epoch_time=00:00:12 eta=00:10:28
[a2_hourly_fixed_multiscale_10d] epoch 009/060 val_loss=45.82095718 best_val_loss=38.28130951 bad_epochs=2/8 epoch_time=00:00:12 eta=00:10:16
[a2_hourly_fixed_multiscale_10d] epoch 010/060 val_loss=45.93086853 best_val_loss=38.28130951 bad_epochs=3/8 epoch_time=00:00:12 eta=00:10:04
[a2_hourly_fixed_multiscale_10d] epoch 011/060 val_loss=54.95558701 best_val_loss=38.28130951 bad_epochs=4/8 epoch_time=00:00:12 eta=00:09:52
[a2_hourly_fixed_multiscale_10d] epoch 012/060 val_loss=59.08710518 best_val_loss=38.28130951 bad_epochs=5/8 epoch_time=00:00:12 eta=00:09:40
[a2_hourly_fixed_multiscale_10d] epoch 013/060 val_loss=44.64725037 best_val_loss=38.28130951 bad_epochs=6/8 epoch_time=00:00:12 eta=00:09:27
[a2_hourly_fixed_multiscale_10d] epoch 014/060 val_loss=60.78668747 best_val_loss=38.28130951 bad_epochs=7/8 epoch_time=00:00:12 eta=00:09:15
[a2_hourly_fixed_multiscale_10d] epoch 015/060 val_loss=41.71587067 best_val_loss=38.28130951 bad_epochs=8/8 epoch_time=00:00:12 eta=00:09:03
[a2_hourly_fixed_multiscale_10d] early stopping at epoch 15
[a2] done freq=hourly mode=fixed_multiscale horizon=10d test_mse=26.899046 test_corr=-0.0384 (overall elapsed 01:23:27)
[a2] === run 11/24: freq=halfday mode=single patches=[12] horizon=10d ===
[a2_halfday_single_10d] epoch 001/060 val_loss=140199.66093750 best_val_loss=140199.66093750 bad_epochs=0/8 epoch_time=00:00:02 eta=00:01:45
[a2_halfday_single_10d] epoch 002/060 val_loss=115487.82031250 best_val_loss=115487.82031250 bad_epochs=0/8 epoch_time=00:00:02 eta=00:01:44
[a2_halfday_single_10d] epoch 003/060 val_loss=98584.90937500 best_val_loss=98584.90937500 bad_epochs=0/8 epoch_time=00:00:02 eta=00:01:42
[a2_halfday_single_10d] epoch 004/060 val_loss=83048.58046875 best_val_loss=83048.58046875 bad_epochs=0/8 epoch_time=00:00:02 eta=00:01:40
[a2_halfday_single_10d] epoch 005/060 val_loss=69344.77265625 best_val_loss=69344.77265625 bad_epochs=0/8 epoch_time=00:00:02 eta=00:01:38
[a2_halfday_single_10d] epoch 006/060 val_loss=60849.73437500 best_val_loss=60849.73437500 bad_epochs=0/8 epoch_time=00:00:02 eta=00:01:36
[a2_halfday_single_10d] epoch 007/060 val_loss=50869.29843750 best_val_loss=50869.29843750 bad_epochs=0/8 epoch_time=00:00:02 eta=00:01:35
[a2_halfday_single_10d] epoch 008/060 val_loss=41078.16562500 best_val_loss=41078.16562500 bad_epochs=0/8 epoch_time=00:00:02 eta=00:01:33
[a2_halfday_single_10d] epoch 009/060 val_loss=32648.46875000 best_val_loss=32648.46875000 bad_epochs=0/8 epoch_time=00:00:02 eta=00:01:31
[a2_halfday_single_10d] epoch 010/060 val_loss=22521.07226562 best_val_loss=22521.07226562 bad_epochs=0/8 epoch_time=00:00:02 eta=00:01:29
[a2_halfday_single_10d] epoch 011/060 val_loss=13086.23476563 best_val_loss=13086.23476563 bad_epochs=0/8 epoch_time=00:00:02 eta=00:01:27
[a2_halfday_single_10d] epoch 012/060 val_loss=3938.34038086 best_val_loss=3938.34038086 bad_epochs=0/8 epoch_time=00:00:02 eta=00:01:26
[a2_halfday_single_10d] epoch 013/060 val_loss=848.90197754 best_val_loss=848.90197754 bad_epochs=0/8 epoch_time=00:00:02 eta=00:01:24
[a2_halfday_single_10d] epoch 014/060 val_loss=255.85749817 best_val_loss=255.85749817 bad_epochs=0/8 epoch_time=00:00:02 eta=00:01:22
[a2_halfday_single_10d] epoch 015/060 val_loss=76.71470566 best_val_loss=76.71470566 bad_epochs=0/8 epoch_time=00:00:02 eta=00:01:20
[a2_halfday_single_10d] epoch 016/060 val_loss=73.42574387 best_val_loss=73.42574387 bad_epochs=0/8 epoch_time=00:00:02 eta=00:01:18
[a2_halfday_single_10d] epoch 017/060 val_loss=56.12131310 best_val_loss=56.12131310 bad_epochs=0/8 epoch_time=00:00:02 eta=00:01:17
[a2_halfday_single_10d] epoch 018/060 val_loss=51.59236298 best_val_loss=51.59236298 bad_epochs=0/8 epoch_time=00:00:02 eta=00:01:15
[a2_halfday_single_10d] epoch 019/060 val_loss=49.00675201 best_val_loss=49.00675201 bad_epochs=0/8 epoch_time=00:00:02 eta=00:01:13
[a2_halfday_single_10d] epoch 020/060 val_loss=61.60402451 best_val_loss=49.00675201 bad_epochs=1/8 epoch_time=00:00:02 eta=00:01:11
[a2_halfday_single_10d] epoch 021/060 val_loss=62.04344559 best_val_loss=49.00675201 bad_epochs=2/8 epoch_time=00:00:02 eta=00:01:09
[a2_halfday_single_10d] epoch 022/060 val_loss=61.28431740 best_val_loss=49.00675201 bad_epochs=3/8 epoch_time=00:00:02 eta=00:01:08
[a2_halfday_single_10d] epoch 023/060 val_loss=58.24108734 best_val_loss=49.00675201 bad_epochs=4/8 epoch_time=00:00:02 eta=00:01:06
[a2_halfday_single_10d] epoch 024/060 val_loss=45.07497597 best_val_loss=45.07497597 bad_epochs=0/8 epoch_time=00:00:02 eta=00:01:04
[a2_halfday_single_10d] epoch 025/060 val_loss=40.94174194 best_val_loss=40.94174194 bad_epochs=0/8 epoch_time=00:00:02 eta=00:01:02
[a2_halfday_single_10d] epoch 026/060 val_loss=40.11079674 best_val_loss=40.11079674 bad_epochs=0/8 epoch_time=00:00:02 eta=00:01:00
[a2_halfday_single_10d] epoch 027/060 val_loss=39.61261368 best_val_loss=39.61261368 bad_epochs=0/8 epoch_time=00:00:02 eta=00:00:59
[a2_halfday_single_10d] epoch 028/060 val_loss=74.96628113 best_val_loss=39.61261368 bad_epochs=1/8 epoch_time=00:00:02 eta=00:00:57
[a2_halfday_single_10d] epoch 029/060 val_loss=73.33559265 best_val_loss=39.61261368 bad_epochs=2/8 epoch_time=00:00:02 eta=00:00:55
[a2_halfday_single_10d] epoch 030/060 val_loss=72.41668015 best_val_loss=39.61261368 bad_epochs=3/8 epoch_time=00:00:02 eta=00:00:53
[a2_halfday_single_10d] epoch 031/060 val_loss=71.75483627 best_val_loss=39.61261368 bad_epochs=4/8 epoch_time=00:00:02 eta=00:00:51
[a2_halfday_single_10d] epoch 032/060 val_loss=70.98926544 best_val_loss=39.61261368 bad_epochs=5/8 epoch_time=00:00:02 eta=00:00:50
[a2_halfday_single_10d] epoch 033/060 val_loss=69.16554642 best_val_loss=39.61261368 bad_epochs=6/8 epoch_time=00:00:02 eta=00:00:48
[a2_halfday_single_10d] epoch 034/060 val_loss=67.96277924 best_val_loss=39.61261368 bad_epochs=7/8 epoch_time=00:00:02 eta=00:00:46
[a2_halfday_single_10d] epoch 035/060 val_loss=67.23153687 best_val_loss=39.61261368 bad_epochs=8/8 epoch_time=00:00:02 eta=00:00:44
[a2_halfday_single_10d] early stopping at epoch 35
[a2] done freq=halfday mode=single horizon=10d test_mse=48.796490 test_corr=-0.0539 (overall elapsed 01:24:30)
[a2] === run 12/24: freq=halfday mode=fixed_multiscale patches=[2, 4, 8, 10, 12] horizon=10d ===
[a2_halfday_fixed_multiscale_10d] epoch 001/060 val_loss=110874.44375000 best_val_loss=110874.44375000 bad_epochs=0/8 epoch_time=00:00:11 eta=00:10:55
[a2_halfday_fixed_multiscale_10d] epoch 002/060 val_loss=92764.38906250 best_val_loss=92764.38906250 bad_epochs=0/8 epoch_time=00:00:11 eta=00:10:45
[a2_halfday_fixed_multiscale_10d] epoch 003/060 val_loss=80454.06328125 best_val_loss=80454.06328125 bad_epochs=0/8 epoch_time=00:00:11 eta=00:10:33
[a2_halfday_fixed_multiscale_10d] epoch 004/060 val_loss=72771.35156250 best_val_loss=72771.35156250 bad_epochs=0/8 epoch_time=00:00:11 eta=00:10:20
[a2_halfday_fixed_multiscale_10d] epoch 005/060 val_loss=61641.40078125 best_val_loss=61641.40078125 bad_epochs=0/8 epoch_time=00:00:11 eta=00:10:09
[a2_halfday_fixed_multiscale_10d] epoch 006/060 val_loss=53316.22265625 best_val_loss=53316.22265625 bad_epochs=0/8 epoch_time=00:00:11 eta=00:09:58
[a2_halfday_fixed_multiscale_10d] epoch 007/060 val_loss=48571.79687500 best_val_loss=48571.79687500 bad_epochs=0/8 epoch_time=00:00:11 eta=00:09:48
[a2_halfday_fixed_multiscale_10d] epoch 008/060 val_loss=39498.00781250 best_val_loss=39498.00781250 bad_epochs=0/8 epoch_time=00:00:11 eta=00:09:37
[a2_halfday_fixed_multiscale_10d] epoch 009/060 val_loss=30360.04257813 best_val_loss=30360.04257813 bad_epochs=0/8 epoch_time=00:00:11 eta=00:09:26
[a2_halfday_fixed_multiscale_10d] epoch 010/060 val_loss=21013.04531250 best_val_loss=21013.04531250 bad_epochs=0/8 epoch_time=00:00:11 eta=00:09:14
[a2_halfday_fixed_multiscale_10d] epoch 011/060 val_loss=11877.06953125 best_val_loss=11877.06953125 bad_epochs=0/8 epoch_time=00:00:11 eta=00:09:03
[a2_halfday_fixed_multiscale_10d] epoch 012/060 val_loss=2198.46181641 best_val_loss=2198.46181641 bad_epochs=0/8 epoch_time=00:00:11 eta=00:08:52
[a2_halfday_fixed_multiscale_10d] epoch 013/060 val_loss=192.15614624 best_val_loss=192.15614624 bad_epochs=0/8 epoch_time=00:00:11 eta=00:08:41
[a2_halfday_fixed_multiscale_10d] epoch 014/060 val_loss=74.03822784 best_val_loss=74.03822784 bad_epochs=0/8 epoch_time=00:00:11 eta=00:08:30
[a2_halfday_fixed_multiscale_10d] epoch 015/060 val_loss=68.98168182 best_val_loss=68.98168182 bad_epochs=0/8 epoch_time=00:00:11 eta=00:08:19
[a2_halfday_fixed_multiscale_10d] epoch 016/060 val_loss=68.33414612 best_val_loss=68.33414612 bad_epochs=0/8 epoch_time=00:00:11 eta=00:08:08
[a2_halfday_fixed_multiscale_10d] epoch 017/060 val_loss=68.03857422 best_val_loss=68.03857422 bad_epochs=0/8 epoch_time=00:00:11 eta=00:07:56
[a2_halfday_fixed_multiscale_10d] epoch 018/060 val_loss=68.39463120 best_val_loss=68.03857422 bad_epochs=1/8 epoch_time=00:00:11 eta=00:07:45
[a2_halfday_fixed_multiscale_10d] epoch 019/060 val_loss=68.90806885 best_val_loss=68.03857422 bad_epochs=2/8 epoch_time=00:00:11 eta=00:07:34
[a2_halfday_fixed_multiscale_10d] epoch 020/060 val_loss=80.78735352 best_val_loss=68.03857422 bad_epochs=3/8 epoch_time=00:00:11 eta=00:07:23
[a2_halfday_fixed_multiscale_10d] epoch 021/060 val_loss=71.87756882 best_val_loss=68.03857422 bad_epochs=4/8 epoch_time=00:00:11 eta=00:07:12
[a2_halfday_fixed_multiscale_10d] epoch 022/060 val_loss=42.48507919 best_val_loss=42.48507919 bad_epochs=0/8 epoch_time=00:00:11 eta=00:07:01
[a2_halfday_fixed_multiscale_10d] epoch 023/060 val_loss=50.67606583 best_val_loss=42.48507919 bad_epochs=1/8 epoch_time=00:00:11 eta=00:06:50
[a2_halfday_fixed_multiscale_10d] epoch 024/060 val_loss=62.11410370 best_val_loss=42.48507919 bad_epochs=2/8 epoch_time=00:00:11 eta=00:06:39
[a2_halfday_fixed_multiscale_10d] epoch 025/060 val_loss=59.70309753 best_val_loss=42.48507919 bad_epochs=3/8 epoch_time=00:00:11 eta=00:06:28
[a2_halfday_fixed_multiscale_10d] epoch 026/060 val_loss=9.97574348 best_val_loss=9.97574348 bad_epochs=0/8 epoch_time=00:00:11 eta=00:06:16
[a2_halfday_fixed_multiscale_10d] epoch 027/060 val_loss=49.56507416 best_val_loss=9.97574348 bad_epochs=1/8 epoch_time=00:00:11 eta=00:06:05
[a2_halfday_fixed_multiscale_10d] epoch 028/060 val_loss=35.07346039 best_val_loss=9.97574348 bad_epochs=2/8 epoch_time=00:00:11 eta=00:05:54
[a2_halfday_fixed_multiscale_10d] epoch 029/060 val_loss=25.31892815 best_val_loss=9.97574348 bad_epochs=3/8 epoch_time=00:00:11 eta=00:05:43
[a2_halfday_fixed_multiscale_10d] epoch 030/060 val_loss=5.56673546 best_val_loss=5.56673546 bad_epochs=0/8 epoch_time=00:00:11 eta=00:05:32
[a2_halfday_fixed_multiscale_10d] epoch 031/060 val_loss=9.85005789 best_val_loss=5.56673546 bad_epochs=1/8 epoch_time=00:00:11 eta=00:05:21
[a2_halfday_fixed_multiscale_10d] epoch 032/060 val_loss=22.71735897 best_val_loss=5.56673546 bad_epochs=2/8 epoch_time=00:00:11 eta=00:05:10
[a2_halfday_fixed_multiscale_10d] epoch 033/060 val_loss=61.72369614 best_val_loss=5.56673546 bad_epochs=3/8 epoch_time=00:00:11 eta=00:04:59
[a2_halfday_fixed_multiscale_10d] epoch 034/060 val_loss=99.30609283 best_val_loss=5.56673546 bad_epochs=4/8 epoch_time=00:00:11 eta=00:04:48
[a2_halfday_fixed_multiscale_10d] epoch 035/060 val_loss=59.73585892 best_val_loss=5.56673546 bad_epochs=5/8 epoch_time=00:00:11 eta=00:04:37
[a2_halfday_fixed_multiscale_10d] epoch 036/060 val_loss=59.93676758 best_val_loss=5.56673546 bad_epochs=6/8 epoch_time=00:00:11 eta=00:04:26
[a2_halfday_fixed_multiscale_10d] epoch 037/060 val_loss=66.03748093 best_val_loss=5.56673546 bad_epochs=7/8 epoch_time=00:00:11 eta=00:04:14
[a2_halfday_fixed_multiscale_10d] epoch 038/060 val_loss=33.15365257 best_val_loss=5.56673546 bad_epochs=8/8 epoch_time=00:00:11 eta=00:04:03
[a2_halfday_fixed_multiscale_10d] early stopping at epoch 38
[a2] done freq=halfday mode=fixed_multiscale horizon=10d test_mse=0.535618 test_corr=0.1438 (overall elapsed 01:31:35)
[a2] === run 13/24: freq=daily mode=single patches=[20] horizon=10d ===
[a2_daily_single_10d] epoch 001/060 val_loss=204175.41562500 best_val_loss=204175.41562500 bad_epochs=0/8 epoch_time=00:00:09 eta=00:09:10
[a2_daily_single_10d] epoch 002/060 val_loss=163556.15468750 best_val_loss=163556.15468750 bad_epochs=0/8 epoch_time=00:00:09 eta=00:09:02
[a2_daily_single_10d] epoch 003/060 val_loss=147194.34375000 best_val_loss=147194.34375000 bad_epochs=0/8 epoch_time=00:00:09 eta=00:08:51
[a2_daily_single_10d] epoch 004/060 val_loss=123395.59921875 best_val_loss=123395.59921875 bad_epochs=0/8 epoch_time=00:00:09 eta=00:08:41
[a2_daily_single_10d] epoch 005/060 val_loss=100736.50781250 best_val_loss=100736.50781250 bad_epochs=0/8 epoch_time=00:00:09 eta=00:08:31
[a2_daily_single_10d] epoch 006/060 val_loss=79057.24218750 best_val_loss=79057.24218750 bad_epochs=0/8 epoch_time=00:00:09 eta=00:08:20
[a2_daily_single_10d] epoch 007/060 val_loss=49925.38613281 best_val_loss=49925.38613281 bad_epochs=0/8 epoch_time=00:00:09 eta=00:08:11
[a2_daily_single_10d] epoch 008/060 val_loss=21119.21523437 best_val_loss=21119.21523437 bad_epochs=0/8 epoch_time=00:00:09 eta=00:08:01
[a2_daily_single_10d] epoch 009/060 val_loss=4455.06958008 best_val_loss=4455.06958008 bad_epochs=0/8 epoch_time=00:00:09 eta=00:07:52
[a2_daily_single_10d] epoch 010/060 val_loss=1036.91373291 best_val_loss=1036.91373291 bad_epochs=0/8 epoch_time=00:00:09 eta=00:07:42
[a2_daily_single_10d] epoch 011/060 val_loss=150.38421555 best_val_loss=150.38421555 bad_epochs=0/8 epoch_time=00:00:09 eta=00:07:33
[a2_daily_single_10d] epoch 012/060 val_loss=222.29346008 best_val_loss=150.38421555 bad_epochs=1/8 epoch_time=00:00:09 eta=00:07:24
[a2_daily_single_10d] epoch 013/060 val_loss=355.00451660 best_val_loss=150.38421555 bad_epochs=2/8 epoch_time=00:00:09 eta=00:07:14
[a2_daily_single_10d] epoch 014/060 val_loss=7.43958397 best_val_loss=7.43958397 bad_epochs=0/8 epoch_time=00:00:09 eta=00:07:05
[a2_daily_single_10d] epoch 015/060 val_loss=40.43624630 best_val_loss=7.43958397 bad_epochs=1/8 epoch_time=00:00:09 eta=00:06:56
[a2_daily_single_10d] epoch 016/060 val_loss=115.96407013 best_val_loss=7.43958397 bad_epochs=2/8 epoch_time=00:00:09 eta=00:06:47
[a2_daily_single_10d] epoch 017/060 val_loss=57.39694786 best_val_loss=7.43958397 bad_epochs=3/8 epoch_time=00:00:09 eta=00:06:37
[a2_daily_single_10d] epoch 018/060 val_loss=10.27803459 best_val_loss=7.43958397 bad_epochs=4/8 epoch_time=00:00:09 eta=00:06:28
[a2_daily_single_10d] epoch 019/060 val_loss=77.41880722 best_val_loss=7.43958397 bad_epochs=5/8 epoch_time=00:00:09 eta=00:06:19
[a2_daily_single_10d] epoch 020/060 val_loss=88.21903687 best_val_loss=7.43958397 bad_epochs=6/8 epoch_time=00:00:09 eta=00:06:10
[a2_daily_single_10d] epoch 021/060 val_loss=6.24468341 best_val_loss=6.24468341 bad_epochs=0/8 epoch_time=00:00:09 eta=00:06:00
[a2_daily_single_10d] epoch 022/060 val_loss=34.88798180 best_val_loss=6.24468341 bad_epochs=1/8 epoch_time=00:00:09 eta=00:05:51
[a2_daily_single_10d] epoch 023/060 val_loss=106.99615250 best_val_loss=6.24468341 bad_epochs=2/8 epoch_time=00:00:09 eta=00:05:42
[a2_daily_single_10d] epoch 024/060 val_loss=53.95988617 best_val_loss=6.24468341 bad_epochs=3/8 epoch_time=00:00:09 eta=00:05:33
[a2_daily_single_10d] epoch 025/060 val_loss=8.85914021 best_val_loss=6.24468341 bad_epochs=4/8 epoch_time=00:00:09 eta=00:05:23
[a2_daily_single_10d] epoch 026/060 val_loss=72.01163025 best_val_loss=6.24468341 bad_epochs=5/8 epoch_time=00:00:09 eta=00:05:14
[a2_daily_single_10d] epoch 027/060 val_loss=83.87576370 best_val_loss=6.24468341 bad_epochs=6/8 epoch_time=00:00:09 eta=00:05:05
[a2_daily_single_10d] epoch 028/060 val_loss=6.17339921 best_val_loss=6.17339921 bad_epochs=0/8 epoch_time=00:00:09 eta=00:04:56
[a2_daily_single_10d] epoch 029/060 val_loss=33.08354950 best_val_loss=6.17339921 bad_epochs=1/8 epoch_time=00:00:09 eta=00:04:47
[a2_daily_single_10d] epoch 030/060 val_loss=102.54535027 best_val_loss=6.17339921 bad_epochs=2/8 epoch_time=00:00:09 eta=00:04:37
[a2_daily_single_10d] epoch 031/060 val_loss=52.06610737 best_val_loss=6.17339921 bad_epochs=3/8 epoch_time=00:00:09 eta=00:04:28
[a2_daily_single_10d] epoch 032/060 val_loss=8.39244256 best_val_loss=6.17339921 bad_epochs=4/8 epoch_time=00:00:09 eta=00:04:19
[a2_daily_single_10d] epoch 033/060 val_loss=69.82938385 best_val_loss=6.17339921 bad_epochs=5/8 epoch_time=00:00:09 eta=00:04:09
[a2_daily_single_10d] epoch 034/060 val_loss=81.30387497 best_val_loss=6.17339921 bad_epochs=6/8 epoch_time=00:00:09 eta=00:04:00
[a2_daily_single_10d] epoch 035/060 val_loss=6.14174428 best_val_loss=6.14174428 bad_epochs=0/8 epoch_time=00:00:09 eta=00:03:51
[a2_daily_single_10d] epoch 036/060 val_loss=31.91464672 best_val_loss=6.14174428 bad_epochs=1/8 epoch_time=00:00:09 eta=00:03:42
[a2_daily_single_10d] epoch 037/060 val_loss=100.16322174 best_val_loss=6.14174428 bad_epochs=2/8 epoch_time=00:00:09 eta=00:03:32
[a2_daily_single_10d] epoch 038/060 val_loss=50.87093334 best_val_loss=6.14174428 bad_epochs=3/8 epoch_time=00:00:09 eta=00:03:23
[a2_daily_single_10d] epoch 039/060 val_loss=8.12850981 best_val_loss=6.14174428 bad_epochs=4/8 epoch_time=00:00:09 eta=00:03:14
[a2_daily_single_10d] epoch 040/060 val_loss=68.15771866 best_val_loss=6.14174428 bad_epochs=5/8 epoch_time=00:00:09 eta=00:03:05
[a2_daily_single_10d] epoch 041/060 val_loss=79.70974922 best_val_loss=6.14174428 bad_epochs=6/8 epoch_time=00:00:09 eta=00:02:55
[a2_daily_single_10d] epoch 042/060 val_loss=5.77982342 best_val_loss=5.77982342 bad_epochs=0/8 epoch_time=00:00:09 eta=00:02:46
[a2_daily_single_10d] epoch 043/060 val_loss=31.71984558 best_val_loss=5.77982342 bad_epochs=1/8 epoch_time=00:00:09 eta=00:02:37
[a2_daily_single_10d] epoch 044/060 val_loss=98.22562218 best_val_loss=5.77982342 bad_epochs=2/8 epoch_time=00:00:09 eta=00:02:28
[a2_daily_single_10d] epoch 045/060 val_loss=49.85102844 best_val_loss=5.77982342 bad_epochs=3/8 epoch_time=00:00:09 eta=00:02:19
[a2_daily_single_10d] epoch 046/060 val_loss=8.07281716 best_val_loss=5.77982342 bad_epochs=4/8 epoch_time=00:00:09 eta=00:02:09
[a2_daily_single_10d] epoch 047/060 val_loss=67.26355286 best_val_loss=5.77982342 bad_epochs=5/8 epoch_time=00:00:09 eta=00:02:00
[a2_daily_single_10d] epoch 048/060 val_loss=78.64216385 best_val_loss=5.77982342 bad_epochs=6/8 epoch_time=00:00:09 eta=00:01:51
[a2_daily_single_10d] epoch 049/060 val_loss=5.57811942 best_val_loss=5.57811942 bad_epochs=0/8 epoch_time=00:00:09 eta=00:01:42
[a2_daily_single_10d] epoch 050/060 val_loss=31.54226799 best_val_loss=5.57811942 bad_epochs=1/8 epoch_time=00:00:09 eta=00:01:32
[a2_daily_single_10d] epoch 051/060 val_loss=96.91746330 best_val_loss=5.57811942 bad_epochs=2/8 epoch_time=00:00:09 eta=00:01:23
[a2_daily_single_10d] epoch 052/060 val_loss=49.22321720 best_val_loss=5.57811942 bad_epochs=3/8 epoch_time=00:00:09 eta=00:01:14
[a2_daily_single_10d] epoch 053/060 val_loss=8.33185022 best_val_loss=5.57811942 bad_epochs=4/8 epoch_time=00:00:09 eta=00:01:05
[a2_daily_single_10d] epoch 054/060 val_loss=67.03238029 best_val_loss=5.57811942 bad_epochs=5/8 epoch_time=00:00:09 eta=00:00:55
[a2_daily_single_10d] epoch 055/060 val_loss=77.70302238 best_val_loss=5.57811942 bad_epochs=6/8 epoch_time=00:00:09 eta=00:00:46
[a2_daily_single_10d] epoch 056/060 val_loss=5.40561905 best_val_loss=5.40561905 bad_epochs=0/8 epoch_time=00:00:09 eta=00:00:37
[a2_daily_single_10d] epoch 057/060 val_loss=31.51037502 best_val_loss=5.40561905 bad_epochs=1/8 epoch_time=00:00:09 eta=00:00:28
[a2_daily_single_10d] epoch 058/060 val_loss=95.88182487 best_val_loss=5.40561905 bad_epochs=2/8 epoch_time=00:00:09 eta=00:00:18
[a2_daily_single_10d] epoch 059/060 val_loss=48.40360298 best_val_loss=5.40561905 bad_epochs=3/8 epoch_time=00:00:09 eta=00:00:09
[a2_daily_single_10d] epoch 060/060 val_loss=8.46741571 best_val_loss=5.40561905 bad_epochs=4/8 epoch_time=00:00:09 eta=00:00:00
[a2] done freq=daily mode=single horizon=10d test_mse=0.173265 test_corr=-0.0070 (overall elapsed 01:40:54)
[a2] === run 14/24: freq=daily mode=fixed_multiscale patches=[5, 10, 20, 30] horizon=10d ===
[a2_daily_fixed_multiscale_10d] epoch 001/060 val_loss=93274.77656250 best_val_loss=93274.77656250 bad_epochs=0/8 epoch_time=00:00:45 eta=00:44:32
[a2_daily_fixed_multiscale_10d] epoch 002/060 val_loss=59189.69140625 best_val_loss=59189.69140625 bad_epochs=0/8 epoch_time=00:00:45 eta=00:43:35
[a2_daily_fixed_multiscale_10d] epoch 003/060 val_loss=36672.87519531 best_val_loss=36672.87519531 bad_epochs=0/8 epoch_time=00:00:45 eta=00:42:47
[a2_daily_fixed_multiscale_10d] epoch 004/060 val_loss=14790.25468750 best_val_loss=14790.25468750 bad_epochs=0/8 epoch_time=00:00:45 eta=00:42:01
[a2_daily_fixed_multiscale_10d] epoch 005/060 val_loss=2556.19969482 best_val_loss=2556.19969482 bad_epochs=0/8 epoch_time=00:00:45 eta=00:41:13
[a2_daily_fixed_multiscale_10d] epoch 006/060 val_loss=393.50406494 best_val_loss=393.50406494 bad_epochs=0/8 epoch_time=00:00:45 eta=00:40:29
[a2_daily_fixed_multiscale_10d] epoch 007/060 val_loss=31.49181557 best_val_loss=31.49181557 bad_epochs=0/8 epoch_time=00:00:45 eta=00:39:45
[a2_daily_fixed_multiscale_10d] epoch 008/060 val_loss=27.02000103 best_val_loss=27.02000103 bad_epochs=0/8 epoch_time=00:00:45 eta=00:38:59
[a2_daily_fixed_multiscale_10d] epoch 009/060 val_loss=24.17586021 best_val_loss=24.17586021 bad_epochs=0/8 epoch_time=00:00:45 eta=00:38:13
[a2_daily_fixed_multiscale_10d] epoch 010/060 val_loss=20.05439663 best_val_loss=20.05439663 bad_epochs=0/8 epoch_time=00:00:45 eta=00:37:27
[a2_daily_fixed_multiscale_10d] epoch 011/060 val_loss=22.05222845 best_val_loss=20.05439663 bad_epochs=1/8 epoch_time=00:00:45 eta=00:36:42
[a2_daily_fixed_multiscale_10d] epoch 012/060 val_loss=154.13878479 best_val_loss=20.05439663 bad_epochs=2/8 epoch_time=00:00:45 eta=00:35:57
[a2_daily_fixed_multiscale_10d] epoch 013/060 val_loss=140.03837585 best_val_loss=20.05439663 bad_epochs=3/8 epoch_time=00:00:45 eta=00:35:13
[a2_daily_fixed_multiscale_10d] epoch 014/060 val_loss=82.94824524 best_val_loss=20.05439663 bad_epochs=4/8 epoch_time=00:00:45 eta=00:34:28
[a2_daily_fixed_multiscale_10d] epoch 015/060 val_loss=82.96370468 best_val_loss=20.05439663 bad_epochs=5/8 epoch_time=00:00:45 eta=00:33:43
[a2_daily_fixed_multiscale_10d] epoch 016/060 val_loss=83.42110519 best_val_loss=20.05439663 bad_epochs=6/8 epoch_time=00:00:45 eta=00:32:58
[a2_daily_fixed_multiscale_10d] epoch 017/060 val_loss=135.06445236 best_val_loss=20.05439663 bad_epochs=7/8 epoch_time=00:00:45 eta=00:32:13
[a2_daily_fixed_multiscale_10d] epoch 018/060 val_loss=127.79410095 best_val_loss=20.05439663 bad_epochs=8/8 epoch_time=00:00:45 eta=00:31:28
[a2_daily_fixed_multiscale_10d] early stopping at epoch 18
[a2] done freq=daily mode=fixed_multiscale horizon=10d test_mse=4.771391 test_corr=-0.1668 (overall elapsed 01:54:41)
[a2] === run 15/24: freq=weekly mode=single patches=[8] horizon=10d ===
[a2_weekly_single_10d] epoch 001/060 val_loss=983784.43750000 best_val_loss=983784.43750000 bad_epochs=0/8 epoch_time=00:00:03 eta=00:03:20
[a2_weekly_single_10d] epoch 002/060 val_loss=844798.68750000 best_val_loss=844798.68750000 bad_epochs=0/8 epoch_time=00:00:03 eta=00:03:15
[a2_weekly_single_10d] epoch 003/060 val_loss=684532.38750000 best_val_loss=684532.38750000 bad_epochs=0/8 epoch_time=00:00:03 eta=00:03:10
[a2_weekly_single_10d] epoch 004/060 val_loss=641731.81875000 best_val_loss=641731.81875000 bad_epochs=0/8 epoch_time=00:00:03 eta=00:03:06
[a2_weekly_single_10d] epoch 005/060 val_loss=487337.07500000 best_val_loss=487337.07500000 bad_epochs=0/8 epoch_time=00:00:03 eta=00:03:03
[a2_weekly_single_10d] epoch 006/060 val_loss=442747.81875000 best_val_loss=442747.81875000 bad_epochs=0/8 epoch_time=00:00:03 eta=00:02:59
[a2_weekly_single_10d] epoch 007/060 val_loss=357710.98750000 best_val_loss=357710.98750000 bad_epochs=0/8 epoch_time=00:00:03 eta=00:02:56
[a2_weekly_single_10d] epoch 008/060 val_loss=354421.60625000 best_val_loss=354421.60625000 bad_epochs=0/8 epoch_time=00:00:03 eta=00:02:53
[a2_weekly_single_10d] epoch 009/060 val_loss=288788.07187500 best_val_loss=288788.07187500 bad_epochs=0/8 epoch_time=00:00:03 eta=00:02:49
[a2_weekly_single_10d] epoch 010/060 val_loss=186831.60781250 best_val_loss=186831.60781250 bad_epochs=0/8 epoch_time=00:00:03 eta=00:02:46
[a2_weekly_single_10d] epoch 011/060 val_loss=117196.48906250 best_val_loss=117196.48906250 bad_epochs=0/8 epoch_time=00:00:03 eta=00:02:43
[a2_weekly_single_10d] epoch 012/060 val_loss=48478.87812500 best_val_loss=48478.87812500 bad_epochs=0/8 epoch_time=00:00:03 eta=00:02:40
[a2_weekly_single_10d] epoch 013/060 val_loss=12201.10683594 best_val_loss=12201.10683594 bad_epochs=0/8 epoch_time=00:00:03 eta=00:02:37
[a2_weekly_single_10d] epoch 014/060 val_loss=476.78543091 best_val_loss=476.78543091 bad_epochs=0/8 epoch_time=00:00:03 eta=00:02:33
[a2_weekly_single_10d] epoch 015/060 val_loss=122.59325104 best_val_loss=122.59325104 bad_epochs=0/8 epoch_time=00:00:03 eta=00:02:30
[a2_weekly_single_10d] epoch 016/060 val_loss=1018.13341064 best_val_loss=122.59325104 bad_epochs=1/8 epoch_time=00:00:03 eta=00:02:27
[a2_weekly_single_10d] epoch 017/060 val_loss=386.72294922 best_val_loss=122.59325104 bad_epochs=2/8 epoch_time=00:00:03 eta=00:02:23
[a2_weekly_single_10d] epoch 018/060 val_loss=369.20602417 best_val_loss=122.59325104 bad_epochs=3/8 epoch_time=00:00:04 eta=00:02:20
[a2_weekly_single_10d] epoch 019/060 val_loss=1311.57021484 best_val_loss=122.59325104 bad_epochs=4/8 epoch_time=00:00:03 eta=00:02:17
[a2_weekly_single_10d] epoch 020/060 val_loss=499.79306030 best_val_loss=122.59325104 bad_epochs=5/8 epoch_time=00:00:03 eta=00:02:14
[a2_weekly_single_10d] epoch 021/060 val_loss=74.47863922 best_val_loss=74.47863922 bad_epochs=0/8 epoch_time=00:00:03 eta=00:02:10
[a2_weekly_single_10d] epoch 022/060 val_loss=71.20405807 best_val_loss=71.20405807 bad_epochs=0/8 epoch_time=00:00:03 eta=00:02:07
[a2_weekly_single_10d] epoch 023/060 val_loss=891.21119385 best_val_loss=71.20405807 bad_epochs=1/8 epoch_time=00:00:03 eta=00:02:03
[a2_weekly_single_10d] epoch 024/060 val_loss=341.71547852 best_val_loss=71.20405807 bad_epochs=2/8 epoch_time=00:00:03 eta=00:02:00
[a2_weekly_single_10d] epoch 025/060 val_loss=338.96620178 best_val_loss=71.20405807 bad_epochs=3/8 epoch_time=00:00:03 eta=00:01:57
[a2_weekly_single_10d] epoch 026/060 val_loss=1209.28427734 best_val_loss=71.20405807 bad_epochs=4/8 epoch_time=00:00:03 eta=00:01:53
[a2_weekly_single_10d] epoch 027/060 val_loss=464.19971313 best_val_loss=71.20405807 bad_epochs=5/8 epoch_time=00:00:03 eta=00:01:50
[a2_weekly_single_10d] epoch 028/060 val_loss=67.49516144 best_val_loss=67.49516144 bad_epochs=0/8 epoch_time=00:00:03 eta=00:01:47
[a2_weekly_single_10d] epoch 029/060 val_loss=65.47249451 best_val_loss=65.47249451 bad_epochs=0/8 epoch_time=00:00:03 eta=00:01:43
[a2_weekly_single_10d] epoch 030/060 val_loss=836.84979248 best_val_loss=65.47249451 bad_epochs=1/8 epoch_time=00:00:03 eta=00:01:40
[a2_weekly_single_10d] epoch 031/060 val_loss=323.26569214 best_val_loss=65.47249451 bad_epochs=2/8 epoch_time=00:00:03 eta=00:01:37
[a2_weekly_single_10d] epoch 032/060 val_loss=322.46890564 best_val_loss=65.47249451 bad_epochs=3/8 epoch_time=00:00:03 eta=00:01:33
[a2_weekly_single_10d] epoch 033/060 val_loss=1160.66499023 best_val_loss=65.47249451 bad_epochs=4/8 epoch_time=00:00:03 eta=00:01:30
[a2_weekly_single_10d] epoch 034/060 val_loss=447.77301025 best_val_loss=65.47249451 bad_epochs=5/8 epoch_time=00:00:03 eta=00:01:27
[a2_weekly_single_10d] epoch 035/060 val_loss=65.47067642 best_val_loss=65.47067642 bad_epochs=0/8 epoch_time=00:00:03 eta=00:01:23
[a2_weekly_single_10d] epoch 036/060 val_loss=63.87609558 best_val_loss=63.87609558 bad_epochs=0/8 epoch_time=00:00:03 eta=00:01:20
[a2_weekly_single_10d] epoch 037/060 val_loss=815.08422852 best_val_loss=63.87609558 bad_epochs=1/8 epoch_time=00:00:03 eta=00:01:16
[a2_weekly_single_10d] epoch 038/060 val_loss=314.46370544 best_val_loss=63.87609558 bad_epochs=2/8 epoch_time=00:00:03 eta=00:01:13
[a2_weekly_single_10d] epoch 039/060 val_loss=312.75004578 best_val_loss=63.87609558 bad_epochs=3/8 epoch_time=00:00:03 eta=00:01:10
[a2_weekly_single_10d] epoch 040/060 val_loss=1126.95327148 best_val_loss=63.87609558 bad_epochs=4/8 epoch_time=00:00:03 eta=00:01:07
[a2_weekly_single_10d] epoch 041/060 val_loss=433.20341187 best_val_loss=63.87609558 bad_epochs=5/8 epoch_time=00:00:03 eta=00:01:03
[a2_weekly_single_10d] epoch 042/060 val_loss=64.48555527 best_val_loss=63.87609558 bad_epochs=6/8 epoch_time=00:00:03 eta=00:01:00
[a2_weekly_single_10d] epoch 043/060 val_loss=63.26578751 best_val_loss=63.26578751 bad_epochs=0/8 epoch_time=00:00:03 eta=00:00:57
[a2_weekly_single_10d] epoch 044/060 val_loss=799.45747070 best_val_loss=63.26578751 bad_epochs=1/8 epoch_time=00:00:03 eta=00:00:53
[a2_weekly_single_10d] epoch 045/060 val_loss=310.78005981 best_val_loss=63.26578751 bad_epochs=2/8 epoch_time=00:00:03 eta=00:00:50
[a2_weekly_single_10d] epoch 046/060 val_loss=308.13798218 best_val_loss=63.26578751 bad_epochs=3/8 epoch_time=00:00:03 eta=00:00:47
[a2_weekly_single_10d] epoch 047/060 val_loss=1110.26685791 best_val_loss=63.26578751 bad_epochs=4/8 epoch_time=00:00:03 eta=00:00:43
[a2_weekly_single_10d] epoch 048/060 val_loss=428.80267334 best_val_loss=63.26578751 bad_epochs=5/8 epoch_time=00:00:03 eta=00:00:40
[a2_weekly_single_10d] epoch 049/060 val_loss=64.63796616 best_val_loss=63.26578751 bad_epochs=6/8 epoch_time=00:00:03 eta=00:00:37
[a2_weekly_single_10d] epoch 050/060 val_loss=63.40199127 best_val_loss=63.26578751 bad_epochs=7/8 epoch_time=00:00:03 eta=00:00:33
[a2_weekly_single_10d] epoch 051/060 val_loss=793.54522705 best_val_loss=63.26578751 bad_epochs=8/8 epoch_time=00:00:03 eta=00:00:30
[a2_weekly_single_10d] early stopping at epoch 51
[a2] done freq=weekly mode=single horizon=10d test_mse=41.231701 test_corr=0.1141 (overall elapsed 01:57:32)
[a2] === run 16/24: freq=weekly mode=fixed_multiscale patches=[2, 4, 8, 12, 13, 14] horizon=10d ===
[a2_weekly_fixed_multiscale_10d] epoch 001/060 val_loss=650640.92500000 best_val_loss=650640.92500000 bad_epochs=0/8 epoch_time=00:00:17 eta=00:16:28
[a2_weekly_fixed_multiscale_10d] epoch 002/060 val_loss=534912.20000000 best_val_loss=534912.20000000 bad_epochs=0/8 epoch_time=00:00:17 eta=00:16:05
[a2_weekly_fixed_multiscale_10d] epoch 003/060 val_loss=370189.56250000 best_val_loss=370189.56250000 bad_epochs=0/8 epoch_time=00:00:17 eta=00:15:47
[a2_weekly_fixed_multiscale_10d] epoch 004/060 val_loss=329789.30625000 best_val_loss=329789.30625000 bad_epochs=0/8 epoch_time=00:00:17 eta=00:15:30
[a2_weekly_fixed_multiscale_10d] epoch 005/060 val_loss=281361.10312500 best_val_loss=281361.10312500 bad_epochs=0/8 epoch_time=00:00:17 eta=00:15:13
[a2_weekly_fixed_multiscale_10d] epoch 006/060 val_loss=178425.67187500 best_val_loss=178425.67187500 bad_epochs=0/8 epoch_time=00:00:16 eta=00:14:55
[a2_weekly_fixed_multiscale_10d] epoch 007/060 val_loss=152269.53125000 best_val_loss=152269.53125000 bad_epochs=0/8 epoch_time=00:00:16 eta=00:14:38
[a2_weekly_fixed_multiscale_10d] epoch 008/060 val_loss=64283.84609375 best_val_loss=64283.84609375 bad_epochs=0/8 epoch_time=00:00:17 eta=00:14:21
[a2_weekly_fixed_multiscale_10d] epoch 009/060 val_loss=1462.90073242 best_val_loss=1462.90073242 bad_epochs=0/8 epoch_time=00:00:17 eta=00:14:07
[a2_weekly_fixed_multiscale_10d] epoch 010/060 val_loss=4028.32529297 best_val_loss=1462.90073242 bad_epochs=1/8 epoch_time=00:00:17 eta=00:13:50
[a2_weekly_fixed_multiscale_10d] epoch 011/060 val_loss=915.93624268 best_val_loss=915.93624268 bad_epochs=0/8 epoch_time=00:00:17 eta=00:13:35
[a2_weekly_fixed_multiscale_10d] epoch 012/060 val_loss=515.66856079 best_val_loss=515.66856079 bad_epochs=0/8 epoch_time=00:00:17 eta=00:13:18
[a2_weekly_fixed_multiscale_10d] epoch 013/060 val_loss=394.23092041 best_val_loss=394.23092041 bad_epochs=0/8 epoch_time=00:00:17 eta=00:13:01
[a2_weekly_fixed_multiscale_10d] epoch 014/060 val_loss=33.06865139 best_val_loss=33.06865139 bad_epochs=0/8 epoch_time=00:00:17 eta=00:12:45
[a2_weekly_fixed_multiscale_10d] epoch 015/060 val_loss=439.74548950 best_val_loss=33.06865139 bad_epochs=1/8 epoch_time=00:00:17 eta=00:12:28
[a2_weekly_fixed_multiscale_10d] epoch 016/060 val_loss=175.20931396 best_val_loss=33.06865139 bad_epochs=2/8 epoch_time=00:00:17 eta=00:12:11
[a2_weekly_fixed_multiscale_10d] epoch 017/060 val_loss=127.10502625 best_val_loss=33.06865139 bad_epochs=3/8 epoch_time=00:00:16 eta=00:11:54
[a2_weekly_fixed_multiscale_10d] epoch 018/060 val_loss=231.18150024 best_val_loss=33.06865139 bad_epochs=4/8 epoch_time=00:00:17 eta=00:11:38
[a2_weekly_fixed_multiscale_10d] epoch 019/060 val_loss=95.94282684 best_val_loss=33.06865139 bad_epochs=5/8 epoch_time=00:00:16 eta=00:11:21
[a2_weekly_fixed_multiscale_10d] epoch 020/060 val_loss=130.86442566 best_val_loss=33.06865139 bad_epochs=6/8 epoch_time=00:00:17 eta=00:11:04
[a2_weekly_fixed_multiscale_10d] epoch 021/060 val_loss=225.16333313 best_val_loss=33.06865139 bad_epochs=7/8 epoch_time=00:00:16 eta=00:10:47
[a2_weekly_fixed_multiscale_10d] epoch 022/060 val_loss=95.34224091 best_val_loss=33.06865139 bad_epochs=8/8 epoch_time=00:00:16 eta=00:10:30
[a2_weekly_fixed_multiscale_10d] early stopping at epoch 22
[a2] done freq=weekly mode=fixed_multiscale horizon=10d test_mse=21.317327 test_corr=-0.1132 (overall elapsed 02:03:44)
[a2] === run 17/24: freq=hourly mode=single patches=[12] horizon=20d ===
[a2_hourly_single_20d] epoch 001/060 val_loss=6542.36689453 best_val_loss=6542.36689453 bad_epochs=0/8 epoch_time=00:00:03 eta=00:03:03
[a2_hourly_single_20d] epoch 002/060 val_loss=4539.67587891 best_val_loss=4539.67587891 bad_epochs=0/8 epoch_time=00:00:03 eta=00:03:01
[a2_hourly_single_20d] epoch 003/060 val_loss=2596.77592773 best_val_loss=2596.77592773 bad_epochs=0/8 epoch_time=00:00:03 eta=00:02:57
[a2_hourly_single_20d] epoch 004/060 val_loss=686.12356567 best_val_loss=686.12356567 bad_epochs=0/8 epoch_time=00:00:03 eta=00:02:54
[a2_hourly_single_20d] epoch 005/060 val_loss=111.50324936 best_val_loss=111.50324936 bad_epochs=0/8 epoch_time=00:00:03 eta=00:02:52
[a2_hourly_single_20d] epoch 006/060 val_loss=89.59155731 best_val_loss=89.59155731 bad_epochs=0/8 epoch_time=00:00:03 eta=00:02:48
[a2_hourly_single_20d] epoch 007/060 val_loss=78.84997711 best_val_loss=78.84997711 bad_epochs=0/8 epoch_time=00:00:03 eta=00:02:45
[a2_hourly_single_20d] epoch 008/060 val_loss=69.61981735 best_val_loss=69.61981735 bad_epochs=0/8 epoch_time=00:00:03 eta=00:02:42
[a2_hourly_single_20d] epoch 009/060 val_loss=62.94641495 best_val_loss=62.94641495 bad_epochs=0/8 epoch_time=00:00:03 eta=00:02:39
[a2_hourly_single_20d] epoch 010/060 val_loss=61.97975006 best_val_loss=61.97975006 bad_epochs=0/8 epoch_time=00:00:03 eta=00:02:36
[a2_hourly_single_20d] epoch 011/060 val_loss=55.01464500 best_val_loss=55.01464500 bad_epochs=0/8 epoch_time=00:00:03 eta=00:02:33
[a2_hourly_single_20d] epoch 012/060 val_loss=54.40920334 best_val_loss=54.40920334 bad_epochs=0/8 epoch_time=00:00:03 eta=00:02:30
[a2_hourly_single_20d] epoch 013/060 val_loss=40.58296661 best_val_loss=40.58296661 bad_epochs=0/8 epoch_time=00:00:03 eta=00:02:27
[a2_hourly_single_20d] epoch 014/060 val_loss=53.83899612 best_val_loss=40.58296661 bad_epochs=1/8 epoch_time=00:00:03 eta=00:02:24
[a2_hourly_single_20d] epoch 015/060 val_loss=57.26106262 best_val_loss=40.58296661 bad_epochs=2/8 epoch_time=00:00:03 eta=00:02:21
[a2_hourly_single_20d] epoch 016/060 val_loss=43.59494019 best_val_loss=40.58296661 bad_epochs=3/8 epoch_time=00:00:03 eta=00:02:18
[a2_hourly_single_20d] epoch 017/060 val_loss=61.75594482 best_val_loss=40.58296661 bad_epochs=4/8 epoch_time=00:00:03 eta=00:02:15
[a2_hourly_single_20d] epoch 018/060 val_loss=36.73521538 best_val_loss=36.73521538 bad_epochs=0/8 epoch_time=00:00:03 eta=00:02:12
[a2_hourly_single_20d] epoch 019/060 val_loss=44.30708504 best_val_loss=36.73521538 bad_epochs=1/8 epoch_time=00:00:03 eta=00:02:08
[a2_hourly_single_20d] epoch 020/060 val_loss=37.35055885 best_val_loss=36.73521538 bad_epochs=2/8 epoch_time=00:00:03 eta=00:02:05
[a2_hourly_single_20d] epoch 021/060 val_loss=38.01906586 best_val_loss=36.73521538 bad_epochs=3/8 epoch_time=00:00:03 eta=00:02:02
[a2_hourly_single_20d] epoch 022/060 val_loss=36.18209229 best_val_loss=36.18209229 bad_epochs=0/8 epoch_time=00:00:03 eta=00:01:59
[a2_hourly_single_20d] epoch 023/060 val_loss=38.88368530 best_val_loss=36.18209229 bad_epochs=1/8 epoch_time=00:00:03 eta=00:01:56
[a2_hourly_single_20d] epoch 024/060 val_loss=37.96103706 best_val_loss=36.18209229 bad_epochs=2/8 epoch_time=00:00:03 eta=00:01:53
[a2_hourly_single_20d] epoch 025/060 val_loss=29.64979630 best_val_loss=29.64979630 bad_epochs=0/8 epoch_time=00:00:03 eta=00:01:49
[a2_hourly_single_20d] epoch 026/060 val_loss=28.06669426 best_val_loss=28.06669426 bad_epochs=0/8 epoch_time=00:00:03 eta=00:01:46
[a2_hourly_single_20d] epoch 027/060 val_loss=32.16052628 best_val_loss=28.06669426 bad_epochs=1/8 epoch_time=00:00:03 eta=00:01:43
[a2_hourly_single_20d] epoch 028/060 val_loss=52.10154648 best_val_loss=28.06669426 bad_epochs=2/8 epoch_time=00:00:03 eta=00:01:40
[a2_hourly_single_20d] epoch 029/060 val_loss=22.89860840 best_val_loss=22.89860840 bad_epochs=0/8 epoch_time=00:00:03 eta=00:01:37
[a2_hourly_single_20d] epoch 030/060 val_loss=38.89657135 best_val_loss=22.89860840 bad_epochs=1/8 epoch_time=00:00:03 eta=00:01:34
[a2_hourly_single_20d] epoch 031/060 val_loss=43.85702820 best_val_loss=22.89860840 bad_epochs=2/8 epoch_time=00:00:03 eta=00:01:31
[a2_hourly_single_20d] epoch 032/060 val_loss=22.10004482 best_val_loss=22.10004482 bad_epochs=0/8 epoch_time=00:00:03 eta=00:01:28
[a2_hourly_single_20d] epoch 033/060 val_loss=21.92858086 best_val_loss=21.92858086 bad_epochs=0/8 epoch_time=00:00:03 eta=00:01:24
[a2_hourly_single_20d] epoch 034/060 val_loss=40.58950195 best_val_loss=21.92858086 bad_epochs=1/8 epoch_time=00:00:03 eta=00:01:21
[a2_hourly_single_20d] epoch 035/060 val_loss=24.42037773 best_val_loss=21.92858086 bad_epochs=2/8 epoch_time=00:00:03 eta=00:01:18
[a2_hourly_single_20d] epoch 036/060 val_loss=35.06683846 best_val_loss=21.92858086 bad_epochs=3/8 epoch_time=00:00:03 eta=00:01:15
[a2_hourly_single_20d] epoch 037/060 val_loss=18.06032257 best_val_loss=18.06032257 bad_epochs=0/8 epoch_time=00:00:03 eta=00:01:12
[a2_hourly_single_20d] epoch 038/060 val_loss=29.53056984 best_val_loss=18.06032257 bad_epochs=1/8 epoch_time=00:00:03 eta=00:01:09
[a2_hourly_single_20d] epoch 039/060 val_loss=18.14384518 best_val_loss=18.06032257 bad_epochs=2/8 epoch_time=00:00:03 eta=00:01:06
[a2_hourly_single_20d] epoch 040/060 val_loss=24.94429970 best_val_loss=18.06032257 bad_epochs=3/8 epoch_time=00:00:03 eta=00:01:03
[a2_hourly_single_20d] epoch 041/060 val_loss=22.90374184 best_val_loss=18.06032257 bad_epochs=4/8 epoch_time=00:00:03 eta=00:00:59
[a2_hourly_single_20d] epoch 042/060 val_loss=22.76759720 best_val_loss=18.06032257 bad_epochs=5/8 epoch_time=00:00:03 eta=00:00:56
[a2_hourly_single_20d] epoch 043/060 val_loss=25.79503059 best_val_loss=18.06032257 bad_epochs=6/8 epoch_time=00:00:03 eta=00:00:53
[a2_hourly_single_20d] epoch 044/060 val_loss=21.65251141 best_val_loss=18.06032257 bad_epochs=7/8 epoch_time=00:00:03 eta=00:00:50
[a2_hourly_single_20d] epoch 045/060 val_loss=17.66172237 best_val_loss=17.66172237 bad_epochs=0/8 epoch_time=00:00:03 eta=00:00:47
[a2_hourly_single_20d] epoch 046/060 val_loss=15.18335791 best_val_loss=15.18335791 bad_epochs=0/8 epoch_time=00:00:03 eta=00:00:44
[a2_hourly_single_20d] epoch 047/060 val_loss=14.56003227 best_val_loss=14.56003227 bad_epochs=0/8 epoch_time=00:00:03 eta=00:00:41
[a2_hourly_single_20d] epoch 048/060 val_loss=14.24422169 best_val_loss=14.24422169 bad_epochs=0/8 epoch_time=00:00:03 eta=00:00:37
[a2_hourly_single_20d] epoch 049/060 val_loss=13.97686653 best_val_loss=13.97686653 bad_epochs=0/8 epoch_time=00:00:03 eta=00:00:34
[a2_hourly_single_20d] epoch 050/060 val_loss=13.72600136 best_val_loss=13.72600136 bad_epochs=0/8 epoch_time=00:00:03 eta=00:00:31
[a2_hourly_single_20d] epoch 051/060 val_loss=13.45380363 best_val_loss=13.45380363 bad_epochs=0/8 epoch_time=00:00:03 eta=00:00:28
[a2_hourly_single_20d] epoch 052/060 val_loss=13.16913223 best_val_loss=13.16913223 bad_epochs=0/8 epoch_time=00:00:03 eta=00:00:25
[a2_hourly_single_20d] epoch 053/060 val_loss=12.91418324 best_val_loss=12.91418324 bad_epochs=0/8 epoch_time=00:00:03 eta=00:00:22
[a2_hourly_single_20d] epoch 054/060 val_loss=12.67112732 best_val_loss=12.67112732 bad_epochs=0/8 epoch_time=00:00:03 eta=00:00:19
[a2_hourly_single_20d] epoch 055/060 val_loss=12.41863451 best_val_loss=12.41863451 bad_epochs=0/8 epoch_time=00:00:03 eta=00:00:16
[a2_hourly_single_20d] epoch 056/060 val_loss=12.16089087 best_val_loss=12.16089087 bad_epochs=0/8 epoch_time=00:00:03 eta=00:00:12
[a2_hourly_single_20d] epoch 057/060 val_loss=11.91431541 best_val_loss=11.91431541 bad_epochs=0/8 epoch_time=00:00:03 eta=00:00:09
[a2_hourly_single_20d] epoch 058/060 val_loss=11.65532084 best_val_loss=11.65532084 bad_epochs=0/8 epoch_time=00:00:03 eta=00:00:06
[a2_hourly_single_20d] epoch 059/060 val_loss=11.42321157 best_val_loss=11.42321157 bad_epochs=0/8 epoch_time=00:00:03 eta=00:00:03
[a2_hourly_single_20d] epoch 060/060 val_loss=11.17727232 best_val_loss=11.17727232 bad_epochs=0/8 epoch_time=00:00:03 eta=00:00:00
[a2] done freq=hourly mode=single horizon=20d test_mse=4.567051 test_corr=-0.2338 (overall elapsed 02:06:52)
[a2] === run 18/24: freq=hourly mode=fixed_multiscale patches=[2, 4, 8, 12] horizon=20d ===
[a2_hourly_fixed_multiscale_20d] epoch 001/060 val_loss=20644.45722656 best_val_loss=20644.45722656 bad_epochs=0/8 epoch_time=00:00:12 eta=00:11:59
[a2_hourly_fixed_multiscale_20d] epoch 002/060 val_loss=15535.91533203 best_val_loss=15535.91533203 bad_epochs=0/8 epoch_time=00:00:12 eta=00:11:42
[a2_hourly_fixed_multiscale_20d] epoch 003/060 val_loss=13092.54736328 best_val_loss=13092.54736328 bad_epochs=0/8 epoch_time=00:00:12 eta=00:11:32
[a2_hourly_fixed_multiscale_20d] epoch 004/060 val_loss=8984.69902344 best_val_loss=8984.69902344 bad_epochs=0/8 epoch_time=00:00:12 eta=00:11:20
[a2_hourly_fixed_multiscale_20d] epoch 005/060 val_loss=7011.99335938 best_val_loss=7011.99335938 bad_epochs=0/8 epoch_time=00:00:12 eta=00:11:07
[a2_hourly_fixed_multiscale_20d] epoch 006/060 val_loss=4908.90249023 best_val_loss=4908.90249023 bad_epochs=0/8 epoch_time=00:00:12 eta=00:10:57
[a2_hourly_fixed_multiscale_20d] epoch 007/060 val_loss=2691.06909180 best_val_loss=2691.06909180 bad_epochs=0/8 epoch_time=00:00:12 eta=00:10:45
[a2_hourly_fixed_multiscale_20d] epoch 008/060 val_loss=499.37426147 best_val_loss=499.37426147 bad_epochs=0/8 epoch_time=00:00:12 eta=00:10:32
[a2_hourly_fixed_multiscale_20d] epoch 009/060 val_loss=66.55487366 best_val_loss=66.55487366 bad_epochs=0/8 epoch_time=00:00:12 eta=00:10:19
[a2_hourly_fixed_multiscale_20d] epoch 010/060 val_loss=13.19735870 best_val_loss=13.19735870 bad_epochs=0/8 epoch_time=00:00:12 eta=00:10:07
[a2_hourly_fixed_multiscale_20d] epoch 011/060 val_loss=15.29022493 best_val_loss=13.19735870 bad_epochs=1/8 epoch_time=00:00:12 eta=00:09:55
[a2_hourly_fixed_multiscale_20d] epoch 012/060 val_loss=15.46511011 best_val_loss=13.19735870 bad_epochs=2/8 epoch_time=00:00:12 eta=00:09:42
[a2_hourly_fixed_multiscale_20d] epoch 013/060 val_loss=15.21660805 best_val_loss=13.19735870 bad_epochs=3/8 epoch_time=00:00:12 eta=00:09:30
[a2_hourly_fixed_multiscale_20d] epoch 014/060 val_loss=14.90383005 best_val_loss=13.19735870 bad_epochs=4/8 epoch_time=00:00:12 eta=00:09:18
[a2_hourly_fixed_multiscale_20d] epoch 015/060 val_loss=14.67581701 best_val_loss=13.19735870 bad_epochs=5/8 epoch_time=00:00:12 eta=00:09:06
[a2_hourly_fixed_multiscale_20d] epoch 016/060 val_loss=14.47411585 best_val_loss=13.19735870 bad_epochs=6/8 epoch_time=00:00:12 eta=00:08:54
[a2_hourly_fixed_multiscale_20d] epoch 017/060 val_loss=14.25687170 best_val_loss=13.19735870 bad_epochs=7/8 epoch_time=00:00:12 eta=00:08:42
[a2_hourly_fixed_multiscale_20d] epoch 018/060 val_loss=14.11173706 best_val_loss=13.19735870 bad_epochs=8/8 epoch_time=00:00:12 eta=00:08:30
[a2_hourly_fixed_multiscale_20d] early stopping at epoch 18
[a2] done freq=hourly mode=fixed_multiscale horizon=20d test_mse=14.993091 test_corr=0.0091 (overall elapsed 02:10:36)
[a2] === run 19/24: freq=halfday mode=single patches=[4] horizon=20d ===
[a2_halfday_single_20d] epoch 001/060 val_loss=1227.80480957 best_val_loss=1227.80480957 bad_epochs=0/8 epoch_time=00:00:03 eta=00:02:54
[a2_halfday_single_20d] epoch 002/060 val_loss=167.52133026 best_val_loss=167.52133026 bad_epochs=0/8 epoch_time=00:00:03 eta=00:02:51
[a2_halfday_single_20d] epoch 003/060 val_loss=99.28292084 best_val_loss=99.28292084 bad_epochs=0/8 epoch_time=00:00:03 eta=00:02:50
[a2_halfday_single_20d] epoch 004/060 val_loss=141.55346222 best_val_loss=99.28292084 bad_epochs=1/8 epoch_time=00:00:03 eta=00:02:48
[a2_halfday_single_20d] epoch 005/060 val_loss=82.80490189 best_val_loss=82.80490189 bad_epochs=0/8 epoch_time=00:00:03 eta=00:02:45
[a2_halfday_single_20d] epoch 006/060 val_loss=138.54417191 best_val_loss=82.80490189 bad_epochs=1/8 epoch_time=00:00:03 eta=00:02:43
[a2_halfday_single_20d] epoch 007/060 val_loss=80.46739960 best_val_loss=80.46739960 bad_epochs=0/8 epoch_time=00:00:03 eta=00:02:40
[a2_halfday_single_20d] epoch 008/060 val_loss=134.91089630 best_val_loss=80.46739960 bad_epochs=1/8 epoch_time=00:00:03 eta=00:02:37
[a2_halfday_single_20d] epoch 009/060 val_loss=77.88130493 best_val_loss=77.88130493 bad_epochs=0/8 epoch_time=00:00:03 eta=00:02:35
[a2_halfday_single_20d] epoch 010/060 val_loss=130.78325653 best_val_loss=77.88130493 bad_epochs=1/8 epoch_time=00:00:03 eta=00:02:32
[a2_halfday_single_20d] epoch 011/060 val_loss=75.60036469 best_val_loss=75.60036469 bad_epochs=0/8 epoch_time=00:00:03 eta=00:02:29
[a2_halfday_single_20d] epoch 012/060 val_loss=126.39995422 best_val_loss=75.60036469 bad_epochs=1/8 epoch_time=00:00:03 eta=00:02:26
[a2_halfday_single_20d] epoch 013/060 val_loss=73.47282372 best_val_loss=73.47282372 bad_epochs=0/8 epoch_time=00:00:03 eta=00:02:23
[a2_halfday_single_20d] epoch 014/060 val_loss=121.71779633 best_val_loss=73.47282372 bad_epochs=1/8 epoch_time=00:00:03 eta=00:02:20
[a2_halfday_single_20d] epoch 015/060 val_loss=71.02826729 best_val_loss=71.02826729 bad_epochs=0/8 epoch_time=00:00:03 eta=00:02:17
[a2_halfday_single_20d] epoch 016/060 val_loss=117.60103912 best_val_loss=71.02826729 bad_epochs=1/8 epoch_time=00:00:03 eta=00:02:14
[a2_halfday_single_20d] epoch 017/060 val_loss=68.13026962 best_val_loss=68.13026962 bad_epochs=0/8 epoch_time=00:00:03 eta=00:02:11
[a2_halfday_single_20d] epoch 018/060 val_loss=113.80098877 best_val_loss=68.13026962 bad_epochs=1/8 epoch_time=00:00:03 eta=00:02:08
[a2_halfday_single_20d] epoch 019/060 val_loss=65.60644379 best_val_loss=65.60644379 bad_epochs=0/8 epoch_time=00:00:03 eta=00:02:05
[a2_halfday_single_20d] epoch 020/060 val_loss=110.07099915 best_val_loss=65.60644379 bad_epochs=1/8 epoch_time=00:00:03 eta=00:02:02
[a2_halfday_single_20d] epoch 021/060 val_loss=63.11052170 best_val_loss=63.11052170 bad_epochs=0/8 epoch_time=00:00:03 eta=00:01:59
[a2_halfday_single_20d] epoch 022/060 val_loss=107.14139862 best_val_loss=63.11052170 bad_epochs=1/8 epoch_time=00:00:03 eta=00:01:56
[a2_halfday_single_20d] epoch 023/060 val_loss=61.24051437 best_val_loss=61.24051437 bad_epochs=0/8 epoch_time=00:00:03 eta=00:01:53
[a2_halfday_single_20d] epoch 024/060 val_loss=104.55424652 best_val_loss=61.24051437 bad_epochs=1/8 epoch_time=00:00:03 eta=00:01:50
[a2_halfday_single_20d] epoch 025/060 val_loss=58.61152649 best_val_loss=58.61152649 bad_epochs=0/8 epoch_time=00:00:03 eta=00:01:47
[a2_halfday_single_20d] epoch 026/060 val_loss=101.21698914 best_val_loss=58.61152649 bad_epochs=1/8 epoch_time=00:00:03 eta=00:01:44
[a2_halfday_single_20d] epoch 027/060 val_loss=56.86272430 best_val_loss=56.86272430 bad_epochs=0/8 epoch_time=00:00:03 eta=00:01:41
[a2_halfday_single_20d] epoch 028/060 val_loss=99.26369858 best_val_loss=56.86272430 bad_epochs=1/8 epoch_time=00:00:03 eta=00:01:38
[a2_halfday_single_20d] epoch 029/060 val_loss=55.20314560 best_val_loss=55.20314560 bad_epochs=0/8 epoch_time=00:00:03 eta=00:01:35
[a2_halfday_single_20d] epoch 030/060 val_loss=95.53350067 best_val_loss=55.20314560 bad_epochs=1/8 epoch_time=00:00:03 eta=00:01:32
[a2_halfday_single_20d] epoch 031/060 val_loss=54.61620865 best_val_loss=54.61620865 bad_epochs=0/8 epoch_time=00:00:03 eta=00:01:29
[a2_halfday_single_20d] epoch 032/060 val_loss=94.56583405 best_val_loss=54.61620865 bad_epochs=1/8 epoch_time=00:00:03 eta=00:01:26
[a2_halfday_single_20d] epoch 033/060 val_loss=53.19181519 best_val_loss=53.19181519 bad_epochs=0/8 epoch_time=00:00:03 eta=00:01:23
[a2_halfday_single_20d] epoch 034/060 val_loss=93.05680008 best_val_loss=53.19181519 bad_epochs=1/8 epoch_time=00:00:03 eta=00:01:19
[a2_halfday_single_20d] epoch 035/060 val_loss=52.22478256 best_val_loss=52.22478256 bad_epochs=0/8 epoch_time=00:00:03 eta=00:01:16
[a2_halfday_single_20d] epoch 036/060 val_loss=91.21868439 best_val_loss=52.22478256 bad_epochs=1/8 epoch_time=00:00:03 eta=00:01:13
[a2_halfday_single_20d] epoch 037/060 val_loss=51.97113647 best_val_loss=51.97113647 bad_epochs=0/8 epoch_time=00:00:03 eta=00:01:10
[a2_halfday_single_20d] epoch 038/060 val_loss=90.71682281 best_val_loss=51.97113647 bad_epochs=1/8 epoch_time=00:00:03 eta=00:01:07
[a2_halfday_single_20d] epoch 039/060 val_loss=51.68544083 best_val_loss=51.68544083 bad_epochs=0/8 epoch_time=00:00:03 eta=00:01:04
[a2_halfday_single_20d] epoch 040/060 val_loss=89.76747131 best_val_loss=51.68544083 bad_epochs=1/8 epoch_time=00:00:03 eta=00:01:01
[a2_halfday_single_20d] epoch 041/060 val_loss=51.26934052 best_val_loss=51.26934052 bad_epochs=0/8 epoch_time=00:00:03 eta=00:00:58
[a2_halfday_single_20d] epoch 042/060 val_loss=88.94713440 best_val_loss=51.26934052 bad_epochs=1/8 epoch_time=00:00:03 eta=00:00:55
[a2_halfday_single_20d] epoch 043/060 val_loss=49.91471786 best_val_loss=49.91471786 bad_epochs=0/8 epoch_time=00:00:03 eta=00:00:52
[a2_halfday_single_20d] epoch 044/060 val_loss=87.65181656 best_val_loss=49.91471786 bad_epochs=1/8 epoch_time=00:00:03 eta=00:00:49
[a2_halfday_single_20d] epoch 045/060 val_loss=48.65658340 best_val_loss=48.65658340 bad_epochs=0/8 epoch_time=00:00:03 eta=00:00:46
[a2_halfday_single_20d] epoch 046/060 val_loss=86.17854691 best_val_loss=48.65658340 bad_epochs=1/8 epoch_time=00:00:03 eta=00:00:43
[a2_halfday_single_20d] epoch 047/060 val_loss=48.77486954 best_val_loss=48.65658340 bad_epochs=2/8 epoch_time=00:00:03 eta=00:00:40
[a2_halfday_single_20d] epoch 048/060 val_loss=84.74648056 best_val_loss=48.65658340 bad_epochs=3/8 epoch_time=00:00:03 eta=00:00:37
[a2_halfday_single_20d] epoch 049/060 val_loss=48.07754745 best_val_loss=48.07754745 bad_epochs=0/8 epoch_time=00:00:03 eta=00:00:34
[a2_halfday_single_20d] epoch 050/060 val_loss=84.25220337 best_val_loss=48.07754745 bad_epochs=1/8 epoch_time=00:00:03 eta=00:00:30
[a2_halfday_single_20d] epoch 051/060 val_loss=49.29592438 best_val_loss=48.07754745 bad_epochs=2/8 epoch_time=00:00:03 eta=00:00:27
[a2_halfday_single_20d] epoch 052/060 val_loss=84.16493835 best_val_loss=48.07754745 bad_epochs=3/8 epoch_time=00:00:03 eta=00:00:24
[a2_halfday_single_20d] epoch 053/060 val_loss=47.92036133 best_val_loss=47.92036133 bad_epochs=0/8 epoch_time=00:00:03 eta=00:00:21
[a2_halfday_single_20d] epoch 054/060 val_loss=82.68807831 best_val_loss=47.92036133 bad_epochs=1/8 epoch_time=00:00:03 eta=00:00:18
[a2_halfday_single_20d] epoch 055/060 val_loss=45.45579147 best_val_loss=45.45579147 bad_epochs=0/8 epoch_time=00:00:03 eta=00:00:15
[a2_halfday_single_20d] epoch 056/060 val_loss=79.26487808 best_val_loss=45.45579147 bad_epochs=1/8 epoch_time=00:00:03 eta=00:00:12
[a2_halfday_single_20d] epoch 057/060 val_loss=44.63998718 best_val_loss=44.63998718 bad_epochs=0/8 epoch_time=00:00:03 eta=00:00:09
[a2_halfday_single_20d] epoch 058/060 val_loss=75.56112366 best_val_loss=44.63998718 bad_epochs=1/8 epoch_time=00:00:03 eta=00:00:06
[a2_halfday_single_20d] epoch 059/060 val_loss=42.03672180 best_val_loss=42.03672180 bad_epochs=0/8 epoch_time=00:00:03 eta=00:00:03
[a2_halfday_single_20d] epoch 060/060 val_loss=71.29785309 best_val_loss=42.03672180 bad_epochs=1/8 epoch_time=00:00:03 eta=00:00:00
[a2] done freq=halfday mode=single horizon=20d test_mse=59.591999 test_corr=0.0023 (overall elapsed 02:13:39)
[a2] === run 20/24: freq=halfday mode=fixed_multiscale patches=[2, 4, 8, 10, 12] horizon=20d ===
[a2_halfday_fixed_multiscale_20d] epoch 001/060 val_loss=565.08287964 best_val_loss=565.08287964 bad_epochs=0/8 epoch_time=00:00:11 eta=00:10:54
[a2_halfday_fixed_multiscale_20d] epoch 002/060 val_loss=424.92687683 best_val_loss=424.92687683 bad_epochs=0/8 epoch_time=00:00:11 eta=00:10:44
[a2_halfday_fixed_multiscale_20d] epoch 003/060 val_loss=213.85314636 best_val_loss=213.85314636 bad_epochs=0/8 epoch_time=00:00:11 eta=00:10:34
[a2_halfday_fixed_multiscale_20d] epoch 004/060 val_loss=23.21290531 best_val_loss=23.21290531 bad_epochs=0/8 epoch_time=00:00:11 eta=00:10:22
[a2_halfday_fixed_multiscale_20d] epoch 005/060 val_loss=71.11577377 best_val_loss=23.21290531 bad_epochs=1/8 epoch_time=00:00:11 eta=00:10:10
[a2_halfday_fixed_multiscale_20d] epoch 006/060 val_loss=92.89553528 best_val_loss=23.21290531 bad_epochs=2/8 epoch_time=00:00:11 eta=00:09:58
[a2_halfday_fixed_multiscale_20d] epoch 007/060 val_loss=21.13230133 best_val_loss=21.13230133 bad_epochs=0/8 epoch_time=00:00:11 eta=00:09:47
[a2_halfday_fixed_multiscale_20d] epoch 008/060 val_loss=67.60930786 best_val_loss=21.13230133 bad_epochs=1/8 epoch_time=00:00:11 eta=00:09:36
[a2_halfday_fixed_multiscale_20d] epoch 009/060 val_loss=184.10256805 best_val_loss=21.13230133 bad_epochs=2/8 epoch_time=00:00:11 eta=00:09:25
[a2_halfday_fixed_multiscale_20d] epoch 010/060 val_loss=1.21239418 best_val_loss=1.21239418 bad_epochs=0/8 epoch_time=00:00:11 eta=00:09:14
[a2_halfday_fixed_multiscale_20d] epoch 011/060 val_loss=13.75496502 best_val_loss=1.21239418 bad_epochs=1/8 epoch_time=00:00:12 eta=00:09:06
[a2_halfday_fixed_multiscale_20d] epoch 012/060 val_loss=67.87036591 best_val_loss=1.21239418 bad_epochs=2/8 epoch_time=00:00:11 eta=00:08:54
[a2_halfday_fixed_multiscale_20d] epoch 013/060 val_loss=88.26352539 best_val_loss=1.21239418 bad_epochs=3/8 epoch_time=00:00:11 eta=00:08:43
[a2_halfday_fixed_multiscale_20d] epoch 014/060 val_loss=18.98402672 best_val_loss=1.21239418 bad_epochs=4/8 epoch_time=00:00:11 eta=00:08:32
[a2_halfday_fixed_multiscale_20d] epoch 015/060 val_loss=66.66014023 best_val_loss=1.21239418 bad_epochs=5/8 epoch_time=00:00:11 eta=00:08:21
[a2_halfday_fixed_multiscale_20d] epoch 016/060 val_loss=179.75291138 best_val_loss=1.21239418 bad_epochs=6/8 epoch_time=00:00:11 eta=00:08:10
[a2_halfday_fixed_multiscale_20d] epoch 017/060 val_loss=1.96335070 best_val_loss=1.21239418 bad_epochs=7/8 epoch_time=00:00:11 eta=00:07:59
[a2_halfday_fixed_multiscale_20d] epoch 018/060 val_loss=14.38226881 best_val_loss=1.21239418 bad_epochs=8/8 epoch_time=00:00:11 eta=00:07:48
[a2_halfday_fixed_multiscale_20d] early stopping at epoch 18
[a2] done freq=halfday mode=fixed_multiscale horizon=20d test_mse=0.145497 test_corr=0.0286 (overall elapsed 02:17:05)
[a2] === run 21/24: freq=daily mode=single patches=[30] horizon=20d ===
[a2_daily_single_20d] epoch 001/060 val_loss=2845.80747070 best_val_loss=2845.80747070 bad_epochs=0/8 epoch_time=00:00:11 eta=00:10:34
[a2_daily_single_20d] epoch 002/060 val_loss=923.89573975 best_val_loss=923.89573975 bad_epochs=0/8 epoch_time=00:00:11 eta=00:10:21
[a2_daily_single_20d] epoch 003/060 val_loss=105.33705444 best_val_loss=105.33705444 bad_epochs=0/8 epoch_time=00:00:11 eta=00:10:08
[a2_daily_single_20d] epoch 004/060 val_loss=521.57095947 best_val_loss=105.33705444 bad_epochs=1/8 epoch_time=00:00:11 eta=00:09:57
[a2_daily_single_20d] epoch 005/060 val_loss=187.25006104 best_val_loss=105.33705444 bad_epochs=2/8 epoch_time=00:00:11 eta=00:09:48
[a2_daily_single_20d] epoch 006/060 val_loss=142.78495026 best_val_loss=105.33705444 bad_epochs=3/8 epoch_time=00:00:11 eta=00:09:37
[a2_daily_single_20d] epoch 007/060 val_loss=512.79868164 best_val_loss=105.33705444 bad_epochs=4/8 epoch_time=00:00:11 eta=00:09:26
[a2_daily_single_20d] epoch 008/060 val_loss=184.12142792 best_val_loss=105.33705444 bad_epochs=5/8 epoch_time=00:00:11 eta=00:09:14
[a2_daily_single_20d] epoch 009/060 val_loss=139.85570374 best_val_loss=105.33705444 bad_epochs=6/8 epoch_time=00:00:11 eta=00:09:03
[a2_daily_single_20d] epoch 010/060 val_loss=503.21896667 best_val_loss=105.33705444 bad_epochs=7/8 epoch_time=00:00:11 eta=00:08:52
[a2_daily_single_20d] epoch 011/060 val_loss=179.63772430 best_val_loss=105.33705444 bad_epochs=8/8 epoch_time=00:00:11 eta=00:08:41
[a2_daily_single_20d] early stopping at epoch 11
[a2] done freq=daily mode=single horizon=20d test_mse=199.378357 test_corr=-0.0283 (overall elapsed 02:19:06)
[a2] === run 22/24: freq=daily mode=fixed_multiscale patches=[5, 10, 20, 30] horizon=20d ===
[a2_daily_fixed_multiscale_20d] epoch 001/060 val_loss=109625.47187500 best_val_loss=109625.47187500 bad_epochs=0/8 epoch_time=00:00:45 eta=00:44:44
[a2_daily_fixed_multiscale_20d] epoch 002/060 val_loss=75719.79218750 best_val_loss=75719.79218750 bad_epochs=0/8 epoch_time=00:00:45 eta=00:43:44
[a2_daily_fixed_multiscale_20d] epoch 003/060 val_loss=50017.45468750 best_val_loss=50017.45468750 bad_epochs=0/8 epoch_time=00:00:45 eta=00:42:52
[a2_daily_fixed_multiscale_20d] epoch 004/060 val_loss=28093.17890625 best_val_loss=28093.17890625 bad_epochs=0/8 epoch_time=00:00:45 eta=00:42:01
[a2_daily_fixed_multiscale_20d] epoch 005/060 val_loss=3151.96606445 best_val_loss=3151.96606445 bad_epochs=0/8 epoch_time=00:00:45 eta=00:41:17
[a2_daily_fixed_multiscale_20d] epoch 006/060 val_loss=1100.43278198 best_val_loss=1100.43278198 bad_epochs=0/8 epoch_time=00:00:45 eta=00:40:31
[a2_daily_fixed_multiscale_20d] epoch 007/060 val_loss=568.10664673 best_val_loss=568.10664673 bad_epochs=0/8 epoch_time=00:00:45 eta=00:39:46
[a2_daily_fixed_multiscale_20d] epoch 008/060 val_loss=224.21123199 best_val_loss=224.21123199 bad_epochs=0/8 epoch_time=00:00:45 eta=00:38:59
[a2_daily_fixed_multiscale_20d] epoch 009/060 val_loss=236.01601486 best_val_loss=224.21123199 bad_epochs=1/8 epoch_time=00:00:45 eta=00:38:16
[a2_daily_fixed_multiscale_20d] epoch 010/060 val_loss=89.79135437 best_val_loss=89.79135437 bad_epochs=0/8 epoch_time=00:00:45 eta=00:37:30
[a2_daily_fixed_multiscale_20d] epoch 011/060 val_loss=118.55114746 best_val_loss=89.79135437 bad_epochs=1/8 epoch_time=00:00:45 eta=00:36:45
[a2_daily_fixed_multiscale_20d] epoch 012/060 val_loss=42.58262787 best_val_loss=42.58262787 bad_epochs=0/8 epoch_time=00:00:45 eta=00:35:58
[a2_daily_fixed_multiscale_20d] epoch 013/060 val_loss=226.86131668 best_val_loss=42.58262787 bad_epochs=1/8 epoch_time=00:00:45 eta=00:35:13
[a2_daily_fixed_multiscale_20d] epoch 014/060 val_loss=120.07788925 best_val_loss=42.58262787 bad_epochs=2/8 epoch_time=00:00:45 eta=00:34:28
[a2_daily_fixed_multiscale_20d] epoch 015/060 val_loss=90.43853531 best_val_loss=42.58262787 bad_epochs=3/8 epoch_time=00:00:45 eta=00:33:43
[a2_daily_fixed_multiscale_20d] epoch 016/060 val_loss=268.99958344 best_val_loss=42.58262787 bad_epochs=4/8 epoch_time=00:00:45 eta=00:32:58
[a2_daily_fixed_multiscale_20d] epoch 017/060 val_loss=55.79425697 best_val_loss=42.58262787 bad_epochs=5/8 epoch_time=00:00:45 eta=00:32:15
[a2_daily_fixed_multiscale_20d] epoch 018/060 val_loss=157.50840149 best_val_loss=42.58262787 bad_epochs=6/8 epoch_time=00:00:45 eta=00:31:30
[a2_daily_fixed_multiscale_20d] epoch 019/060 val_loss=25.05125713 best_val_loss=25.05125713 bad_epochs=0/8 epoch_time=00:00:45 eta=00:30:45
[a2_daily_fixed_multiscale_20d] epoch 020/060 val_loss=217.73585663 best_val_loss=25.05125713 bad_epochs=1/8 epoch_time=00:00:45 eta=00:29:59
[a2_daily_fixed_multiscale_20d] epoch 021/060 val_loss=28.39371300 best_val_loss=25.05125713 bad_epochs=2/8 epoch_time=00:00:45 eta=00:29:14
[a2_daily_fixed_multiscale_20d] epoch 022/060 val_loss=222.74610596 best_val_loss=25.05125713 bad_epochs=3/8 epoch_time=00:00:45 eta=00:28:29
[a2_daily_fixed_multiscale_20d] epoch 023/060 val_loss=63.31372757 best_val_loss=25.05125713 bad_epochs=4/8 epoch_time=00:00:45 eta=00:27:44
[a2_daily_fixed_multiscale_20d] epoch 024/060 val_loss=97.28189583 best_val_loss=25.05125713 bad_epochs=5/8 epoch_time=00:00:45 eta=00:26:59
[a2_daily_fixed_multiscale_20d] epoch 025/060 val_loss=92.31804810 best_val_loss=25.05125713 bad_epochs=6/8 epoch_time=00:00:45 eta=00:26:14
[a2_daily_fixed_multiscale_20d] epoch 026/060 val_loss=131.52755432 best_val_loss=25.05125713 bad_epochs=7/8 epoch_time=00:00:45 eta=00:25:29
[a2_daily_fixed_multiscale_20d] epoch 027/060 val_loss=61.51010628 best_val_loss=25.05125713 bad_epochs=8/8 epoch_time=00:00:45 eta=00:24:44
[a2_daily_fixed_multiscale_20d] early stopping at epoch 27
[a2] done freq=daily mode=fixed_multiscale horizon=20d test_mse=12.437281 test_corr=0.1021 (overall elapsed 02:39:39)
[a2] === run 23/24: freq=weekly mode=single patches=[8] horizon=20d ===
[a2_weekly_single_20d] epoch 001/060 val_loss=3580.38928223 best_val_loss=3580.38928223 bad_epochs=0/8 epoch_time=00:00:03 eta=00:03:13
[a2_weekly_single_20d] epoch 002/060 val_loss=267.29887390 best_val_loss=267.29887390 bad_epochs=0/8 epoch_time=00:00:03 eta=00:03:10
[a2_weekly_single_20d] epoch 003/060 val_loss=97.77705231 best_val_loss=97.77705231 bad_epochs=0/8 epoch_time=00:00:03 eta=00:03:07
[a2_weekly_single_20d] epoch 004/060 val_loss=196.48179626 best_val_loss=97.77705231 bad_epochs=1/8 epoch_time=00:00:03 eta=00:03:03
[a2_weekly_single_20d] epoch 005/060 val_loss=127.69431763 best_val_loss=97.77705231 bad_epochs=2/8 epoch_time=00:00:03 eta=00:03:00
[a2_weekly_single_20d] epoch 006/060 val_loss=260.24904785 best_val_loss=97.77705231 bad_epochs=3/8 epoch_time=00:00:03 eta=00:02:57
[a2_weekly_single_20d] epoch 007/060 val_loss=171.09991150 best_val_loss=97.77705231 bad_epochs=4/8 epoch_time=00:00:03 eta=00:02:53
[a2_weekly_single_20d] epoch 008/060 val_loss=123.21170197 best_val_loss=97.77705231 bad_epochs=5/8 epoch_time=00:00:03 eta=00:02:50
[a2_weekly_single_20d] epoch 009/060 val_loss=248.45700684 best_val_loss=97.77705231 bad_epochs=6/8 epoch_time=00:00:03 eta=00:02:47
[a2_weekly_single_20d] epoch 010/060 val_loss=155.00538025 best_val_loss=97.77705231 bad_epochs=7/8 epoch_time=00:00:03 eta=00:02:44
[a2_weekly_single_20d] epoch 011/060 val_loss=112.79712830 best_val_loss=97.77705231 bad_epochs=8/8 epoch_time=00:00:03 eta=00:02:41
[a2_weekly_single_20d] early stopping at epoch 11
[a2] done freq=weekly mode=single horizon=20d test_mse=193.556961 test_corr=-0.1601 (overall elapsed 02:40:16)
[a2] === run 24/24: freq=weekly mode=fixed_multiscale patches=[2, 4, 8, 12, 13, 14] horizon=20d ===
[a2_weekly_fixed_multiscale_20d] epoch 001/060 val_loss=22611.59609375 best_val_loss=22611.59609375 bad_epochs=0/8 epoch_time=00:00:17 eta=00:16:46
[a2_weekly_fixed_multiscale_20d] epoch 002/060 val_loss=1193.33513184 best_val_loss=1193.33513184 bad_epochs=0/8 epoch_time=00:00:17 eta=00:16:15
[a2_weekly_fixed_multiscale_20d] epoch 003/060 val_loss=1551.70831299 best_val_loss=1193.33513184 bad_epochs=1/8 epoch_time=00:00:17 eta=00:15:53
[a2_weekly_fixed_multiscale_20d] epoch 004/060 val_loss=26.60970783 best_val_loss=26.60970783 bad_epochs=0/8 epoch_time=00:00:16 eta=00:15:33
[a2_weekly_fixed_multiscale_20d] epoch 005/060 val_loss=29.17198105 best_val_loss=26.60970783 bad_epochs=1/8 epoch_time=00:00:17 eta=00:15:16
[a2_weekly_fixed_multiscale_20d] epoch 006/060 val_loss=48.20292282 best_val_loss=26.60970783 bad_epochs=2/8 epoch_time=00:00:17 eta=00:15:02
[a2_weekly_fixed_multiscale_20d] epoch 007/060 val_loss=607.76751709 best_val_loss=26.60970783 bad_epochs=3/8 epoch_time=00:00:17 eta=00:14:44
[a2_weekly_fixed_multiscale_20d] epoch 008/060 val_loss=179.99931183 best_val_loss=26.60970783 bad_epochs=4/8 epoch_time=00:00:17 eta=00:14:27
[a2_weekly_fixed_multiscale_20d] epoch 009/060 val_loss=404.11317749 best_val_loss=26.60970783 bad_epochs=5/8 epoch_time=00:00:17 eta=00:14:11
[a2_weekly_fixed_multiscale_20d] epoch 010/060 val_loss=150.04655609 best_val_loss=26.60970783 bad_epochs=6/8 epoch_time=00:00:17 eta=00:13:53
[a2_weekly_fixed_multiscale_20d] epoch 011/060 val_loss=13.54931898 best_val_loss=13.54931898 bad_epochs=0/8 epoch_time=00:00:17 eta=00:13:37
[a2_weekly_fixed_multiscale_20d] epoch 012/060 val_loss=646.13510742 best_val_loss=13.54931898 bad_epochs=1/8 epoch_time=00:00:17 eta=00:13:20
[a2_weekly_fixed_multiscale_20d] epoch 013/060 val_loss=119.31529388 best_val_loss=13.54931898 bad_epochs=2/8 epoch_time=00:00:17 eta=00:13:04
[a2_weekly_fixed_multiscale_20d] epoch 014/060 val_loss=325.18068237 best_val_loss=13.54931898 bad_epochs=3/8 epoch_time=00:00:17 eta=00:12:47
[a2_weekly_fixed_multiscale_20d] epoch 015/060 val_loss=234.33218994 best_val_loss=13.54931898 bad_epochs=4/8 epoch_time=00:00:17 eta=00:12:30
[a2_weekly_fixed_multiscale_20d] epoch 016/060 val_loss=112.60716248 best_val_loss=13.54931898 bad_epochs=5/8 epoch_time=00:00:17 eta=00:12:13
[a2_weekly_fixed_multiscale_20d] epoch 017/060 val_loss=6.16495495 best_val_loss=6.16495495 bad_epochs=0/8 epoch_time=00:00:17 eta=00:11:56
[a2_weekly_fixed_multiscale_20d] epoch 018/060 val_loss=625.17092285 best_val_loss=6.16495495 bad_epochs=1/8 epoch_time=00:00:17 eta=00:11:39
[a2_weekly_fixed_multiscale_20d] epoch 019/060 val_loss=561.20811157 best_val_loss=6.16495495 bad_epochs=2/8 epoch_time=00:00:17 eta=00:11:23
[a2_weekly_fixed_multiscale_20d] epoch 020/060 val_loss=175.82373199 best_val_loss=6.16495495 bad_epochs=3/8 epoch_time=00:00:17 eta=00:11:06
[a2_weekly_fixed_multiscale_20d] epoch 021/060 val_loss=385.64783020 best_val_loss=6.16495495 bad_epochs=4/8 epoch_time=00:00:17 eta=00:10:49
[a2_weekly_fixed_multiscale_20d] epoch 022/060 val_loss=218.28392334 best_val_loss=6.16495495 bad_epochs=5/8 epoch_time=00:00:16 eta=00:10:32
[a2_weekly_fixed_multiscale_20d] epoch 023/060 val_loss=107.48433685 best_val_loss=6.16495495 bad_epochs=6/8 epoch_time=00:00:17 eta=00:10:16
[a2_weekly_fixed_multiscale_20d] epoch 024/060 val_loss=34.68693390 best_val_loss=6.16495495 bad_epochs=7/8 epoch_time=00:00:17 eta=00:09:59
[a2_weekly_fixed_multiscale_20d] epoch 025/060 val_loss=598.60811768 best_val_loss=6.16495495 bad_epochs=8/8 epoch_time=00:00:16 eta=00:09:43
[a2_weekly_fixed_multiscale_20d] early stopping at epoch 25
[a2] done freq=weekly mode=fixed_multiscale horizon=20d test_mse=2.070466 test_corr=-0.1741 (overall elapsed 02:47:19)
[a2] ALL DONE. Results at /Users/maxiyao/Desktop/金融工程项目/pathformer/experiments/expA_fslr_fullfreq/output/a2_single_vs_fixed_multiscale_results.csv
