[a3] 24 total runs (freq x horizon x mode)
[a3] === run 1/24: freq=hourly mode=fixed_multiscale patches=[2, 4, 8, 12] horizon=5d ===
[a3_hourly_fixed_multiscale_5d] epoch 001/060 val_loss=19694.59687500 best_val_loss=19694.59687500 bad_epochs=0/8 epoch_time=00:00:12 eta=00:11:39
[a3_hourly_fixed_multiscale_5d] epoch 002/060 val_loss=13013.85761719 best_val_loss=13013.85761719 bad_epochs=0/8 epoch_time=00:00:12 eta=00:11:21
[a3_hourly_fixed_multiscale_5d] epoch 003/060 val_loss=9240.52407227 best_val_loss=9240.52407227 bad_epochs=0/8 epoch_time=00:00:12 eta=00:11:08
[a3_hourly_fixed_multiscale_5d] epoch 004/060 val_loss=5886.04809570 best_val_loss=5886.04809570 bad_epochs=0/8 epoch_time=00:00:12 eta=00:10:55
[a3_hourly_fixed_multiscale_5d] epoch 005/060 val_loss=3207.48437500 best_val_loss=3207.48437500 bad_epochs=0/8 epoch_time=00:00:12 eta=00:10:44
[a3_hourly_fixed_multiscale_5d] epoch 006/060 val_loss=874.55309448 best_val_loss=874.55309448 bad_epochs=0/8 epoch_time=00:00:12 eta=00:10:32
[a3_hourly_fixed_multiscale_5d] epoch 007/060 val_loss=239.29648438 best_val_loss=239.29648438 bad_epochs=0/8 epoch_time=00:00:12 eta=00:10:21
[a3_hourly_fixed_multiscale_5d] epoch 008/060 val_loss=119.72821350 best_val_loss=119.72821350 bad_epochs=0/8 epoch_time=00:00:12 eta=00:10:10
[a3_hourly_fixed_multiscale_5d] epoch 009/060 val_loss=65.76852951 best_val_loss=65.76852951 bad_epochs=0/8 epoch_time=00:00:12 eta=00:10:01
[a3_hourly_fixed_multiscale_5d] epoch 010/060 val_loss=62.77872849 best_val_loss=62.77872849 bad_epochs=0/8 epoch_time=00:00:12 eta=00:09:51
[a3_hourly_fixed_multiscale_5d] epoch 011/060 val_loss=58.60692291 best_val_loss=58.60692291 bad_epochs=0/8 epoch_time=00:00:12 eta=00:09:40
[a3_hourly_fixed_multiscale_5d] epoch 012/060 val_loss=61.43509140 best_val_loss=58.60692291 bad_epochs=1/8 epoch_time=00:00:12 eta=00:09:29
[a3_hourly_fixed_multiscale_5d] epoch 013/060 val_loss=48.03112030 best_val_loss=48.03112030 bad_epochs=0/8 epoch_time=00:00:12 eta=00:09:18
[a3_hourly_fixed_multiscale_5d] epoch 014/060 val_loss=47.32247238 best_val_loss=47.32247238 bad_epochs=0/8 epoch_time=00:00:12 eta=00:09:07
[a3_hourly_fixed_multiscale_5d] epoch 015/060 val_loss=46.10066109 best_val_loss=46.10066109 bad_epochs=0/8 epoch_time=00:00:12 eta=00:08:55
[a3_hourly_fixed_multiscale_5d] epoch 016/060 val_loss=41.20111122 best_val_loss=41.20111122 bad_epochs=0/8 epoch_time=00:00:12 eta=00:08:44
[a3_hourly_fixed_multiscale_5d] epoch 017/060 val_loss=38.43884850 best_val_loss=38.43884850 bad_epochs=0/8 epoch_time=00:00:12 eta=00:08:33
[a3_hourly_fixed_multiscale_5d] epoch 018/060 val_loss=58.37283020 best_val_loss=38.43884850 bad_epochs=1/8 epoch_time=00:00:12 eta=00:08:21
[a3_hourly_fixed_multiscale_5d] epoch 019/060 val_loss=56.57592773 best_val_loss=38.43884850 bad_epochs=2/8 epoch_time=00:00:12 eta=00:08:09
[a3_hourly_fixed_multiscale_5d] epoch 020/060 val_loss=47.86458206 best_val_loss=38.43884850 bad_epochs=3/8 epoch_time=00:00:12 eta=00:07:58
[a3_hourly_fixed_multiscale_5d] epoch 021/060 val_loss=46.20473175 best_val_loss=38.43884850 bad_epochs=4/8 epoch_time=00:00:12 eta=00:07:46
[a3_hourly_fixed_multiscale_5d] epoch 022/060 val_loss=44.95783081 best_val_loss=38.43884850 bad_epochs=5/8 epoch_time=00:00:12 eta=00:07:34
[a3_hourly_fixed_multiscale_5d] epoch 023/060 val_loss=58.32541199 best_val_loss=38.43884850 bad_epochs=6/8 epoch_time=00:00:12 eta=00:07:23
[a3_hourly_fixed_multiscale_5d] epoch 024/060 val_loss=37.75281219 best_val_loss=37.75281219 bad_epochs=0/8 epoch_time=00:00:12 eta=00:07:11
[a3_hourly_fixed_multiscale_5d] epoch 025/060 val_loss=42.13916283 best_val_loss=37.75281219 bad_epochs=1/8 epoch_time=00:00:12 eta=00:06:59
[a3_hourly_fixed_multiscale_5d] epoch 026/060 val_loss=54.19443817 best_val_loss=37.75281219 bad_epochs=2/8 epoch_time=00:00:12 eta=00:06:47
[a3_hourly_fixed_multiscale_5d] epoch 027/060 val_loss=29.92846394 best_val_loss=29.92846394 bad_epochs=0/8 epoch_time=00:00:12 eta=00:06:36
[a3_hourly_fixed_multiscale_5d] epoch 028/060 val_loss=51.48020210 best_val_loss=29.92846394 bad_epochs=1/8 epoch_time=00:00:12 eta=00:06:24
[a3_hourly_fixed_multiscale_5d] epoch 029/060 val_loss=33.05311928 best_val_loss=29.92846394 bad_epochs=2/8 epoch_time=00:00:12 eta=00:06:12
[a3_hourly_fixed_multiscale_5d] epoch 030/060 val_loss=34.56594086 best_val_loss=29.92846394 bad_epochs=3/8 epoch_time=00:00:12 eta=00:06:00
[a3_hourly_fixed_multiscale_5d] epoch 031/060 val_loss=47.82005424 best_val_loss=29.92846394 bad_epochs=4/8 epoch_time=00:00:12 eta=00:05:48
[a3_hourly_fixed_multiscale_5d] epoch 032/060 val_loss=33.41517067 best_val_loss=29.92846394 bad_epochs=5/8 epoch_time=00:00:12 eta=00:05:36
[a3_hourly_fixed_multiscale_5d] epoch 033/060 val_loss=33.83584480 best_val_loss=29.92846394 bad_epochs=6/8 epoch_time=00:00:12 eta=00:05:24
[a3_hourly_fixed_multiscale_5d] epoch 034/060 val_loss=44.13647614 best_val_loss=29.92846394 bad_epochs=7/8 epoch_time=00:00:12 eta=00:05:13
[a3_hourly_fixed_multiscale_5d] epoch 035/060 val_loss=30.70913010 best_val_loss=29.92846394 bad_epochs=8/8 epoch_time=00:00:12 eta=00:05:01
[a3_hourly_fixed_multiscale_5d] early stopping at epoch 35
[a3] done freq=hourly mode=fixed_multiscale horizon=5d test_mse=5.692606 test_corr=-0.0586 (overall elapsed 00:07:07)
[a3] === run 2/24: freq=hourly mode=static_weight patches=[2, 4, 8, 12] horizon=5d ===
[a3_hourly_static_weight_5d] epoch 001/060 val_loss=13691.04462891 best_val_loss=13691.04462891 bad_epochs=0/8 epoch_time=00:00:12 eta=00:12:01
[a3_hourly_static_weight_5d] epoch 002/060 val_loss=10674.55273438 best_val_loss=10674.55273438 bad_epochs=0/8 epoch_time=00:00:12 eta=00:11:45
[a3_hourly_static_weight_5d] epoch 003/060 val_loss=7643.33046875 best_val_loss=7643.33046875 bad_epochs=0/8 epoch_time=00:00:12 eta=00:11:36
[a3_hourly_static_weight_5d] epoch 004/060 val_loss=4912.01489258 best_val_loss=4912.01489258 bad_epochs=0/8 epoch_time=00:00:12 eta=00:11:22
[a3_hourly_static_weight_5d] epoch 005/060 val_loss=2796.81550293 best_val_loss=2796.81550293 bad_epochs=0/8 epoch_time=00:00:12 eta=00:11:10
[a3_hourly_static_weight_5d] epoch 006/060 val_loss=829.13689575 best_val_loss=829.13689575 bad_epochs=0/8 epoch_time=00:00:12 eta=00:10:56
[a3_hourly_static_weight_5d] epoch 007/060 val_loss=180.00395966 best_val_loss=180.00395966 bad_epochs=0/8 epoch_time=00:00:12 eta=00:10:44
[a3_hourly_static_weight_5d] epoch 008/060 val_loss=107.83003693 best_val_loss=107.83003693 bad_epochs=0/8 epoch_time=00:00:12 eta=00:10:32
[a3_hourly_static_weight_5d] epoch 009/060 val_loss=105.86658401 best_val_loss=105.86658401 bad_epochs=0/8 epoch_time=00:00:12 eta=00:10:19
[a3_hourly_static_weight_5d] epoch 010/060 val_loss=84.93553314 best_val_loss=84.93553314 bad_epochs=0/8 epoch_time=00:00:12 eta=00:10:06
[a3_hourly_static_weight_5d] epoch 011/060 val_loss=89.57132263 best_val_loss=84.93553314 bad_epochs=1/8 epoch_time=00:00:12 eta=00:09:54
[a3_hourly_static_weight_5d] epoch 012/060 val_loss=69.14308243 best_val_loss=69.14308243 bad_epochs=0/8 epoch_time=00:00:12 eta=00:09:42
[a3_hourly_static_weight_5d] epoch 013/060 val_loss=93.18010559 best_val_loss=69.14308243 bad_epochs=1/8 epoch_time=00:00:12 eta=00:09:30
[a3_hourly_static_weight_5d] epoch 014/060 val_loss=90.58363953 best_val_loss=69.14308243 bad_epochs=2/8 epoch_time=00:00:12 eta=00:09:18
[a3_hourly_static_weight_5d] epoch 015/060 val_loss=73.15279694 best_val_loss=69.14308243 bad_epochs=3/8 epoch_time=00:00:12 eta=00:09:06
[a3_hourly_static_weight_5d] epoch 016/060 val_loss=91.51968079 best_val_loss=69.14308243 bad_epochs=4/8 epoch_time=00:00:12 eta=00:08:54
[a3_hourly_static_weight_5d] epoch 017/060 val_loss=89.24939041 best_val_loss=69.14308243 bad_epochs=5/8 epoch_time=00:00:12 eta=00:08:41
[a3_hourly_static_weight_5d] epoch 018/060 val_loss=74.68251877 best_val_loss=69.14308243 bad_epochs=6/8 epoch_time=00:00:12 eta=00:08:29
[a3_hourly_static_weight_5d] epoch 019/060 val_loss=89.71709671 best_val_loss=69.14308243 bad_epochs=7/8 epoch_time=00:00:12 eta=00:08:17
[a3_hourly_static_weight_5d] epoch 020/060 val_loss=87.79731979 best_val_loss=69.14308243 bad_epochs=8/8 epoch_time=00:00:12 eta=00:08:05
[a3_hourly_static_weight_5d] early stopping at epoch 20
[a3] done freq=hourly mode=static_weight horizon=5d test_mse=29.287249 test_corr=-0.0639 (overall elapsed 00:11:15)
[a3] === run 3/24: freq=halfday mode=fixed_multiscale patches=[2, 4, 8, 10, 12] horizon=5d ===
[a3_halfday_fixed_multiscale_5d] epoch 001/060 val_loss=61246.06093750 best_val_loss=61246.06093750 bad_epochs=0/8 epoch_time=00:00:11 eta=00:11:09
[a3_halfday_fixed_multiscale_5d] epoch 002/060 val_loss=41856.64062500 best_val_loss=41856.64062500 bad_epochs=0/8 epoch_time=00:00:11 eta=00:10:52
[a3_halfday_fixed_multiscale_5d] epoch 003/060 val_loss=29774.60312500 best_val_loss=29774.60312500 bad_epochs=0/8 epoch_time=00:00:11 eta=00:10:40
[a3_halfday_fixed_multiscale_5d] epoch 004/060 val_loss=21242.35781250 best_val_loss=21242.35781250 bad_epochs=0/8 epoch_time=00:00:11 eta=00:10:29
[a3_halfday_fixed_multiscale_5d] epoch 005/060 val_loss=12846.33281250 best_val_loss=12846.33281250 bad_epochs=0/8 epoch_time=00:00:11 eta=00:10:18
[a3_halfday_fixed_multiscale_5d] epoch 006/060 val_loss=5247.87485352 best_val_loss=5247.87485352 bad_epochs=0/8 epoch_time=00:00:11 eta=00:10:07
[a3_halfday_fixed_multiscale_5d] epoch 007/060 val_loss=934.80246582 best_val_loss=934.80246582 bad_epochs=0/8 epoch_time=00:00:11 eta=00:09:56
[a3_halfday_fixed_multiscale_5d] epoch 008/060 val_loss=66.57881851 best_val_loss=66.57881851 bad_epochs=0/8 epoch_time=00:00:11 eta=00:09:44
[a3_halfday_fixed_multiscale_5d] epoch 009/060 val_loss=20.94773903 best_val_loss=20.94773903 bad_epochs=0/8 epoch_time=00:00:11 eta=00:09:32
[a3_halfday_fixed_multiscale_5d] epoch 010/060 val_loss=30.97034454 best_val_loss=20.94773903 bad_epochs=1/8 epoch_time=00:00:11 eta=00:09:21
[a3_halfday_fixed_multiscale_5d] epoch 011/060 val_loss=12.97155771 best_val_loss=12.97155771 bad_epochs=0/8 epoch_time=00:00:11 eta=00:09:10
[a3_halfday_fixed_multiscale_5d] epoch 012/060 val_loss=8.52564287 best_val_loss=8.52564287 bad_epochs=0/8 epoch_time=00:00:11 eta=00:08:58
[a3_halfday_fixed_multiscale_5d] epoch 013/060 val_loss=30.46933556 best_val_loss=8.52564287 bad_epochs=1/8 epoch_time=00:00:11 eta=00:08:47
[a3_halfday_fixed_multiscale_5d] epoch 014/060 val_loss=24.75657196 best_val_loss=8.52564287 bad_epochs=2/8 epoch_time=00:00:11 eta=00:08:35
[a3_halfday_fixed_multiscale_5d] epoch 015/060 val_loss=1.83027961 best_val_loss=1.83027961 bad_epochs=0/8 epoch_time=00:00:11 eta=00:08:24
[a3_halfday_fixed_multiscale_5d] epoch 016/060 val_loss=15.64181900 best_val_loss=1.83027961 bad_epochs=1/8 epoch_time=00:00:11 eta=00:08:13
[a3_halfday_fixed_multiscale_5d] epoch 017/060 val_loss=32.37117844 best_val_loss=1.83027961 bad_epochs=2/8 epoch_time=00:00:11 eta=00:08:01
[a3_halfday_fixed_multiscale_5d] epoch 018/060 val_loss=14.41890011 best_val_loss=1.83027961 bad_epochs=3/8 epoch_time=00:00:11 eta=00:07:50
[a3_halfday_fixed_multiscale_5d] epoch 019/060 val_loss=6.19954820 best_val_loss=1.83027961 bad_epochs=4/8 epoch_time=00:00:11 eta=00:07:38
[a3_halfday_fixed_multiscale_5d] epoch 020/060 val_loss=28.28504639 best_val_loss=1.83027961 bad_epochs=5/8 epoch_time=00:00:11 eta=00:07:27
[a3_halfday_fixed_multiscale_5d] epoch 021/060 val_loss=25.38161774 best_val_loss=1.83027961 bad_epochs=6/8 epoch_time=00:00:11 eta=00:07:15
[a3_halfday_fixed_multiscale_5d] epoch 022/060 val_loss=0.80865779 best_val_loss=0.80865779 bad_epochs=0/8 epoch_time=00:00:11 eta=00:07:04
[a3_halfday_fixed_multiscale_5d] epoch 023/060 val_loss=14.65222397 best_val_loss=0.80865779 bad_epochs=1/8 epoch_time=00:00:11 eta=00:06:53
[a3_halfday_fixed_multiscale_5d] epoch 024/060 val_loss=32.38416138 best_val_loss=0.80865779 bad_epochs=2/8 epoch_time=00:00:11 eta=00:06:42
[a3_halfday_fixed_multiscale_5d] epoch 025/060 val_loss=14.61233215 best_val_loss=0.80865779 bad_epochs=3/8 epoch_time=00:00:11 eta=00:06:31
[a3_halfday_fixed_multiscale_5d] epoch 026/060 val_loss=5.87161126 best_val_loss=0.80865779 bad_epochs=4/8 epoch_time=00:00:11 eta=00:06:20
[a3_halfday_fixed_multiscale_5d] epoch 027/060 val_loss=27.67408905 best_val_loss=0.80865779 bad_epochs=5/8 epoch_time=00:00:11 eta=00:06:08
[a3_halfday_fixed_multiscale_5d] epoch 028/060 val_loss=25.43957291 best_val_loss=0.80865779 bad_epochs=6/8 epoch_time=00:00:11 eta=00:05:57
[a3_halfday_fixed_multiscale_5d] epoch 029/060 val_loss=0.66645129 best_val_loss=0.66645129 bad_epochs=0/8 epoch_time=00:00:11 eta=00:05:46
[a3_halfday_fixed_multiscale_5d] epoch 030/060 val_loss=14.20953426 best_val_loss=0.66645129 bad_epochs=1/8 epoch_time=00:00:12 eta=00:05:35
[a3_halfday_fixed_multiscale_5d] epoch 031/060 val_loss=32.39668655 best_val_loss=0.66645129 bad_epochs=2/8 epoch_time=00:00:11 eta=00:05:24
[a3_halfday_fixed_multiscale_5d] epoch 032/060 val_loss=14.55930595 best_val_loss=0.66645129 bad_epochs=3/8 epoch_time=00:00:11 eta=00:05:13
[a3_halfday_fixed_multiscale_5d] epoch 033/060 val_loss=5.73954935 best_val_loss=0.66645129 bad_epochs=4/8 epoch_time=00:00:11 eta=00:05:02
[a3_halfday_fixed_multiscale_5d] epoch 034/060 val_loss=27.49007835 best_val_loss=0.66645129 bad_epochs=5/8 epoch_time=00:00:11 eta=00:04:51
[a3_halfday_fixed_multiscale_5d] epoch 035/060 val_loss=25.26911964 best_val_loss=0.66645129 bad_epochs=6/8 epoch_time=00:00:11 eta=00:04:39
[a3_halfday_fixed_multiscale_5d] epoch 036/060 val_loss=0.70966412 best_val_loss=0.66645129 bad_epochs=7/8 epoch_time=00:00:11 eta=00:04:28
[a3_halfday_fixed_multiscale_5d] epoch 037/060 val_loss=14.36896362 best_val_loss=0.66645129 bad_epochs=8/8 epoch_time=00:00:11 eta=00:04:17
[a3_halfday_fixed_multiscale_5d] early stopping at epoch 37
[a3] done freq=halfday mode=fixed_multiscale horizon=5d test_mse=0.012230 test_corr=-0.0542 (overall elapsed 00:18:13)
[a3] === run 4/24: freq=halfday mode=static_weight patches=[2, 4, 8, 10, 12] horizon=5d ===
[a3_halfday_static_weight_5d] epoch 001/060 val_loss=63190.04453125 best_val_loss=63190.04453125 bad_epochs=0/8 epoch_time=00:00:11 eta=00:11:05
[a3_halfday_static_weight_5d] epoch 002/060 val_loss=47726.16132813 best_val_loss=47726.16132813 bad_epochs=0/8 epoch_time=00:00:11 eta=00:10:51
[a3_halfday_static_weight_5d] epoch 003/060 val_loss=34155.94257813 best_val_loss=34155.94257813 bad_epochs=0/8 epoch_time=00:00:11 eta=00:10:38
[a3_halfday_static_weight_5d] epoch 004/060 val_loss=23223.44531250 best_val_loss=23223.44531250 bad_epochs=0/8 epoch_time=00:00:11 eta=00:10:27
[a3_halfday_static_weight_5d] epoch 005/060 val_loss=13231.43789063 best_val_loss=13231.43789063 bad_epochs=0/8 epoch_time=00:00:11 eta=00:10:15
[a3_halfday_static_weight_5d] epoch 006/060 val_loss=2920.69370117 best_val_loss=2920.69370117 bad_epochs=0/8 epoch_time=00:00:11 eta=00:10:03
[a3_halfday_static_weight_5d] epoch 007/060 val_loss=36.18975906 best_val_loss=36.18975906 bad_epochs=0/8 epoch_time=00:00:11 eta=00:09:52
[a3_halfday_static_weight_5d] epoch 008/060 val_loss=98.69090958 best_val_loss=36.18975906 bad_epochs=1/8 epoch_time=00:00:11 eta=00:09:41
[a3_halfday_static_weight_5d] epoch 009/060 val_loss=37.69517517 best_val_loss=36.18975906 bad_epochs=2/8 epoch_time=00:00:11 eta=00:09:29
[a3_halfday_static_weight_5d] epoch 010/060 val_loss=88.30388947 best_val_loss=36.18975906 bad_epochs=3/8 epoch_time=00:00:11 eta=00:09:18
[a3_halfday_static_weight_5d] epoch 011/060 val_loss=36.63499680 best_val_loss=36.18975906 bad_epochs=4/8 epoch_time=00:00:11 eta=00:09:07
[a3_halfday_static_weight_5d] epoch 012/060 val_loss=86.76077957 best_val_loss=36.18975906 bad_epochs=5/8 epoch_time=00:00:11 eta=00:08:55
[a3_halfday_static_weight_5d] epoch 013/060 val_loss=36.02077904 best_val_loss=36.02077904 bad_epochs=0/8 epoch_time=00:00:11 eta=00:08:44
[a3_halfday_static_weight_5d] epoch 014/060 val_loss=85.43955994 best_val_loss=36.02077904 bad_epochs=1/8 epoch_time=00:00:11 eta=00:08:33
[a3_halfday_static_weight_5d] epoch 015/060 val_loss=35.44525986 best_val_loss=35.44525986 bad_epochs=0/8 epoch_time=00:00:11 eta=00:08:21
[a3_halfday_static_weight_5d] epoch 016/060 val_loss=84.25337601 best_val_loss=35.44525986 bad_epochs=1/8 epoch_time=00:00:11 eta=00:08:10
[a3_halfday_static_weight_5d] epoch 017/060 val_loss=34.73391876 best_val_loss=34.73391876 bad_epochs=0/8 epoch_time=00:00:11 eta=00:07:59
[a3_halfday_static_weight_5d] epoch 018/060 val_loss=82.96576843 best_val_loss=34.73391876 bad_epochs=1/8 epoch_time=00:00:11 eta=00:07:48
[a3_halfday_static_weight_5d] epoch 019/060 val_loss=33.52407017 best_val_loss=33.52407017 bad_epochs=0/8 epoch_time=00:00:11 eta=00:07:37
[a3_halfday_static_weight_5d] epoch 020/060 val_loss=82.23254242 best_val_loss=33.52407017 bad_epochs=1/8 epoch_time=00:00:11 eta=00:07:26
[a3_halfday_static_weight_5d] epoch 021/060 val_loss=32.46134720 best_val_loss=32.46134720 bad_epochs=0/8 epoch_time=00:00:11 eta=00:07:15
[a3_halfday_static_weight_5d] epoch 022/060 val_loss=81.13966675 best_val_loss=32.46134720 bad_epochs=1/8 epoch_time=00:00:11 eta=00:07:04
[a3_halfday_static_weight_5d] epoch 023/060 val_loss=31.49537983 best_val_loss=31.49537983 bad_epochs=0/8 epoch_time=00:00:11 eta=00:06:53
[a3_halfday_static_weight_5d] epoch 024/060 val_loss=80.11131744 best_val_loss=31.49537983 bad_epochs=1/8 epoch_time=00:00:11 eta=00:06:41
[a3_halfday_static_weight_5d] epoch 025/060 val_loss=30.45517998 best_val_loss=30.45517998 bad_epochs=0/8 epoch_time=00:00:11 eta=00:06:30
[a3_halfday_static_weight_5d] epoch 026/060 val_loss=78.98872910 best_val_loss=30.45517998 bad_epochs=1/8 epoch_time=00:00:11 eta=00:06:19
[a3_halfday_static_weight_5d] epoch 027/060 val_loss=29.33144894 best_val_loss=29.33144894 bad_epochs=0/8 epoch_time=00:00:11 eta=00:06:08
[a3_halfday_static_weight_5d] epoch 028/060 val_loss=77.68579712 best_val_loss=29.33144894 bad_epochs=1/8 epoch_time=00:00:11 eta=00:05:57
[a3_halfday_static_weight_5d] epoch 029/060 val_loss=28.40321903 best_val_loss=28.40321903 bad_epochs=0/8 epoch_time=00:00:11 eta=00:05:46
[a3_halfday_static_weight_5d] epoch 030/060 val_loss=76.49507828 best_val_loss=28.40321903 bad_epochs=1/8 epoch_time=00:00:11 eta=00:05:35
[a3_halfday_static_weight_5d] epoch 031/060 val_loss=27.42759171 best_val_loss=27.42759171 bad_epochs=0/8 epoch_time=00:00:11 eta=00:05:24
[a3_halfday_static_weight_5d] epoch 032/060 val_loss=75.54568253 best_val_loss=27.42759171 bad_epochs=1/8 epoch_time=00:00:11 eta=00:05:12
[a3_halfday_static_weight_5d] epoch 033/060 val_loss=26.28232632 best_val_loss=26.28232632 bad_epochs=0/8 epoch_time=00:00:11 eta=00:05:01
[a3_halfday_static_weight_5d] epoch 034/060 val_loss=74.79100037 best_val_loss=26.28232632 bad_epochs=1/8 epoch_time=00:00:11 eta=00:04:50
[a3_halfday_static_weight_5d] epoch 035/060 val_loss=25.19811687 best_val_loss=25.19811687 bad_epochs=0/8 epoch_time=00:00:11 eta=00:04:39
[a3_halfday_static_weight_5d] epoch 036/060 val_loss=73.58966217 best_val_loss=25.19811687 bad_epochs=1/8 epoch_time=00:00:11 eta=00:04:28
[a3_halfday_static_weight_5d] epoch 037/060 val_loss=24.04868307 best_val_loss=24.04868307 bad_epochs=0/8 epoch_time=00:00:11 eta=00:04:17
[a3_halfday_static_weight_5d] epoch 038/060 val_loss=73.08985214 best_val_loss=24.04868307 bad_epochs=1/8 epoch_time=00:00:11 eta=00:04:05
[a3_halfday_static_weight_5d] epoch 039/060 val_loss=22.83352280 best_val_loss=22.83352280 bad_epochs=0/8 epoch_time=00:00:11 eta=00:03:54
[a3_halfday_static_weight_5d] epoch 040/060 val_loss=72.07732544 best_val_loss=22.83352280 bad_epochs=1/8 epoch_time=00:00:11 eta=00:03:43
[a3_halfday_static_weight_5d] epoch 041/060 val_loss=21.90454693 best_val_loss=21.90454693 bad_epochs=0/8 epoch_time=00:00:11 eta=00:03:32
[a3_halfday_static_weight_5d] epoch 042/060 val_loss=71.06894913 best_val_loss=21.90454693 bad_epochs=1/8 epoch_time=00:00:11 eta=00:03:21
[a3_halfday_static_weight_5d] epoch 043/060 val_loss=20.94141235 best_val_loss=20.94141235 bad_epochs=0/8 epoch_time=00:00:11 eta=00:03:10
[a3_halfday_static_weight_5d] epoch 044/060 val_loss=70.00750656 best_val_loss=20.94141235 bad_epochs=1/8 epoch_time=00:00:11 eta=00:02:59
[a3_halfday_static_weight_5d] epoch 045/060 val_loss=20.14374237 best_val_loss=20.14374237 bad_epochs=0/8 epoch_time=00:00:11 eta=00:02:47
[a3_halfday_static_weight_5d] epoch 046/060 val_loss=69.10950012 best_val_loss=20.14374237 bad_epochs=1/8 epoch_time=00:00:11 eta=00:02:36
[a3_halfday_static_weight_5d] epoch 047/060 val_loss=19.38572178 best_val_loss=19.38572178 bad_epochs=0/8 epoch_time=00:00:11 eta=00:02:25
[a3_halfday_static_weight_5d] epoch 048/060 val_loss=67.86906128 best_val_loss=19.38572178 bad_epochs=1/8 epoch_time=00:00:11 eta=00:02:14
[a3_halfday_static_weight_5d] epoch 049/060 val_loss=18.68151550 best_val_loss=18.68151550 bad_epochs=0/8 epoch_time=00:00:11 eta=00:02:03
[a3_halfday_static_weight_5d] epoch 050/060 val_loss=66.98246918 best_val_loss=18.68151550 bad_epochs=1/8 epoch_time=00:00:11 eta=00:01:52
[a3_halfday_static_weight_5d] epoch 051/060 val_loss=18.00904207 best_val_loss=18.00904207 bad_epochs=0/8 epoch_time=00:00:11 eta=00:01:41
[a3_halfday_static_weight_5d] epoch 052/060 val_loss=66.03604584 best_val_loss=18.00904207 bad_epochs=1/8 epoch_time=00:00:11 eta=00:01:29
[a3_halfday_static_weight_5d] epoch 053/060 val_loss=17.06346464 best_val_loss=17.06346464 bad_epochs=0/8 epoch_time=00:00:11 eta=00:01:18
[a3_halfday_static_weight_5d] epoch 054/060 val_loss=65.56483688 best_val_loss=17.06346464 bad_epochs=1/8 epoch_time=00:00:11 eta=00:01:07
[a3_halfday_static_weight_5d] epoch 055/060 val_loss=16.30466175 best_val_loss=16.30466175 bad_epochs=0/8 epoch_time=00:00:11 eta=00:00:56
[a3_halfday_static_weight_5d] epoch 056/060 val_loss=65.11641388 best_val_loss=16.30466175 bad_epochs=1/8 epoch_time=00:00:11 eta=00:00:45
[a3_halfday_static_weight_5d] epoch 057/060 val_loss=15.51088848 best_val_loss=15.51088848 bad_epochs=0/8 epoch_time=00:00:11 eta=00:00:33
[a3_halfday_static_weight_5d] epoch 058/060 val_loss=64.14457016 best_val_loss=15.51088848 bad_epochs=1/8 epoch_time=00:00:11 eta=00:00:22
[a3_halfday_static_weight_5d] epoch 059/060 val_loss=15.18820343 best_val_loss=15.18820343 bad_epochs=0/8 epoch_time=00:00:11 eta=00:00:11
[a3_halfday_static_weight_5d] epoch 060/060 val_loss=63.23388596 best_val_loss=15.18820343 bad_epochs=1/8 epoch_time=00:00:11 eta=00:00:00
[a3] done freq=halfday mode=static_weight horizon=5d test_mse=3.625395 test_corr=-0.0923 (overall elapsed 00:29:28)
[a3] === run 5/24: freq=daily mode=fixed_multiscale patches=[5, 10, 20, 30] horizon=5d ===
[a3_daily_fixed_multiscale_5d] epoch 001/060 val_loss=137951.41875000 best_val_loss=137951.41875000 bad_epochs=0/8 epoch_time=00:00:46 eta=00:45:03
[a3_daily_fixed_multiscale_5d] epoch 002/060 val_loss=97352.23437500 best_val_loss=97352.23437500 bad_epochs=0/8 epoch_time=00:00:45 eta=00:44:02
[a3_daily_fixed_multiscale_5d] epoch 003/060 val_loss=76038.09218750 best_val_loss=76038.09218750 bad_epochs=0/8 epoch_time=00:00:45 eta=00:43:10
[a3_daily_fixed_multiscale_5d] epoch 004/060 val_loss=53227.02578125 best_val_loss=53227.02578125 bad_epochs=0/8 epoch_time=00:00:45 eta=00:42:24
[a3_daily_fixed_multiscale_5d] epoch 005/060 val_loss=33059.55546875 best_val_loss=33059.55546875 bad_epochs=0/8 epoch_time=00:00:45 eta=00:41:39
[a3_daily_fixed_multiscale_5d] epoch 006/060 val_loss=10257.30830078 best_val_loss=10257.30830078 bad_epochs=0/8 epoch_time=00:00:45 eta=00:40:53
[a3_daily_fixed_multiscale_5d] epoch 007/060 val_loss=922.47315674 best_val_loss=922.47315674 bad_epochs=0/8 epoch_time=00:00:45 eta=00:40:08
[a3_daily_fixed_multiscale_5d] epoch 008/060 val_loss=236.06412048 best_val_loss=236.06412048 bad_epochs=0/8 epoch_time=00:00:46 eta=00:39:23
[a3_daily_fixed_multiscale_5d] epoch 009/060 val_loss=114.15184212 best_val_loss=114.15184212 bad_epochs=0/8 epoch_time=00:00:45 eta=00:38:37
[a3_daily_fixed_multiscale_5d] epoch 010/060 val_loss=177.61122437 best_val_loss=114.15184212 bad_epochs=1/8 epoch_time=00:00:46 eta=00:37:52
[a3_daily_fixed_multiscale_5d] epoch 011/060 val_loss=74.38674545 best_val_loss=74.38674545 bad_epochs=0/8 epoch_time=00:00:46 eta=00:37:07
[a3_daily_fixed_multiscale_5d] epoch 012/060 val_loss=72.06490173 best_val_loss=72.06490173 bad_epochs=0/8 epoch_time=00:00:45 eta=00:36:21
[a3_daily_fixed_multiscale_5d] epoch 013/060 val_loss=77.02332001 best_val_loss=72.06490173 bad_epochs=1/8 epoch_time=00:00:45 eta=00:35:35
[a3_daily_fixed_multiscale_5d] epoch 014/060 val_loss=132.36237411 best_val_loss=72.06490173 bad_epochs=2/8 epoch_time=00:00:46 eta=00:34:52
[a3_daily_fixed_multiscale_5d] epoch 015/060 val_loss=167.84746094 best_val_loss=72.06490173 bad_epochs=3/8 epoch_time=00:00:45 eta=00:34:05
[a3_daily_fixed_multiscale_5d] epoch 016/060 val_loss=149.37915649 best_val_loss=72.06490173 bad_epochs=4/8 epoch_time=00:00:45 eta=00:33:19
[a3_daily_fixed_multiscale_5d] epoch 017/060 val_loss=8.16140561 best_val_loss=8.16140561 bad_epochs=0/8 epoch_time=00:00:45 eta=00:32:33
[a3_daily_fixed_multiscale_5d] epoch 018/060 val_loss=72.00745049 best_val_loss=8.16140561 bad_epochs=1/8 epoch_time=00:00:45 eta=00:31:48
[a3_daily_fixed_multiscale_5d] epoch 019/060 val_loss=2.81047685 best_val_loss=2.81047685 bad_epochs=0/8 epoch_time=00:00:45 eta=00:31:03
[a3_daily_fixed_multiscale_5d] epoch 020/060 val_loss=71.58841400 best_val_loss=2.81047685 bad_epochs=1/8 epoch_time=00:00:45 eta=00:30:17
[a3_daily_fixed_multiscale_5d] epoch 021/060 val_loss=2.66290112 best_val_loss=2.66290112 bad_epochs=0/8 epoch_time=00:00:45 eta=00:29:32
[a3_daily_fixed_multiscale_5d] epoch 022/060 val_loss=70.25943298 best_val_loss=2.66290112 bad_epochs=1/8 epoch_time=00:00:45 eta=00:28:46
[a3_daily_fixed_multiscale_5d] epoch 023/060 val_loss=2.58874308 best_val_loss=2.58874308 bad_epochs=0/8 epoch_time=00:00:45 eta=00:28:01
[a3_daily_fixed_multiscale_5d] epoch 024/060 val_loss=69.22825928 best_val_loss=2.58874308 bad_epochs=1/8 epoch_time=00:00:45 eta=00:27:15
[a3_daily_fixed_multiscale_5d] epoch 025/060 val_loss=2.57405510 best_val_loss=2.57405510 bad_epochs=0/8 epoch_time=00:00:46 eta=00:26:30
[a3_daily_fixed_multiscale_5d] epoch 026/060 val_loss=68.40012054 best_val_loss=2.57405510 bad_epochs=1/8 epoch_time=00:00:45 eta=00:25:45
[a3_daily_fixed_multiscale_5d] epoch 027/060 val_loss=2.62853959 best_val_loss=2.57405510 bad_epochs=2/8 epoch_time=00:00:46 eta=00:24:59
[a3_daily_fixed_multiscale_5d] epoch 028/060 val_loss=67.70490952 best_val_loss=2.57405510 bad_epochs=3/8 epoch_time=00:00:46 eta=00:24:14
[a3_daily_fixed_multiscale_5d] epoch 029/060 val_loss=62.20559082 best_val_loss=2.57405510 bad_epochs=4/8 epoch_time=00:00:46 eta=00:23:29
[a3_daily_fixed_multiscale_5d] epoch 030/060 val_loss=59.60009308 best_val_loss=2.57405510 bad_epochs=5/8 epoch_time=00:00:46 eta=00:22:43
[a3_daily_fixed_multiscale_5d] epoch 031/060 val_loss=63.13309097 best_val_loss=2.57405510 bad_epochs=6/8 epoch_time=00:00:46 eta=00:21:58
[a3_daily_fixed_multiscale_5d] epoch 032/060 val_loss=58.91542511 best_val_loss=2.57405510 bad_epochs=7/8 epoch_time=00:00:46 eta=00:21:13
[a3_daily_fixed_multiscale_5d] epoch 033/060 val_loss=95.44470062 best_val_loss=2.57405510 bad_epochs=8/8 epoch_time=00:00:46 eta=00:20:27
[a3_daily_fixed_multiscale_5d] early stopping at epoch 33
[a3] done freq=daily mode=fixed_multiscale horizon=5d test_mse=0.075216 test_corr=-0.0205 (overall elapsed 00:54:46)
[a3] === run 6/24: freq=daily mode=static_weight patches=[5, 10, 20, 30] horizon=5d ===
[a3_daily_static_weight_5d] epoch 001/060 val_loss=20952.45410156 best_val_loss=20952.45410156 bad_epochs=0/8 epoch_time=00:00:45 eta=00:44:43
[a3_daily_static_weight_5d] epoch 002/060 val_loss=3549.40295410 best_val_loss=3549.40295410 bad_epochs=0/8 epoch_time=00:00:45 eta=00:43:55
[a3_daily_static_weight_5d] epoch 003/060 val_loss=66.96412354 best_val_loss=66.96412354 bad_epochs=0/8 epoch_time=00:00:45 eta=00:43:08
[a3_daily_static_weight_5d] epoch 004/060 val_loss=534.07730103 best_val_loss=66.96412354 bad_epochs=1/8 epoch_time=00:00:45 eta=00:42:21
[a3_daily_static_weight_5d] epoch 005/060 val_loss=189.39541473 best_val_loss=66.96412354 bad_epochs=2/8 epoch_time=00:00:45 eta=00:41:36
[a3_daily_static_weight_5d] epoch 006/060 val_loss=54.16917267 best_val_loss=54.16917267 bad_epochs=0/8 epoch_time=00:00:46 eta=00:40:52
[a3_daily_static_weight_5d] epoch 007/060 val_loss=151.84184875 best_val_loss=54.16917267 bad_epochs=1/8 epoch_time=00:00:45 eta=00:40:07
[a3_daily_static_weight_5d] epoch 008/060 val_loss=89.96868439 best_val_loss=54.16917267 bad_epochs=2/8 epoch_time=00:00:45 eta=00:39:21
[a3_daily_static_weight_5d] epoch 009/060 val_loss=160.36958847 best_val_loss=54.16917267 bad_epochs=3/8 epoch_time=00:00:45 eta=00:38:36
[a3_daily_static_weight_5d] epoch 010/060 val_loss=59.80738449 best_val_loss=54.16917267 bad_epochs=4/8 epoch_time=00:00:45 eta=00:37:50
[a3_daily_static_weight_5d] epoch 011/060 val_loss=15.84744854 best_val_loss=15.84744854 bad_epochs=0/8 epoch_time=00:00:45 eta=00:37:04
[a3_daily_static_weight_5d] epoch 012/060 val_loss=219.04115601 best_val_loss=15.84744854 bad_epochs=1/8 epoch_time=00:00:45 eta=00:36:18
[a3_daily_static_weight_5d] epoch 013/060 val_loss=11.54586382 best_val_loss=11.54586382 bad_epochs=0/8 epoch_time=00:00:45 eta=00:35:33
[a3_daily_static_weight_5d] epoch 014/060 val_loss=21.85019712 best_val_loss=11.54586382 bad_epochs=1/8 epoch_time=00:00:46 eta=00:34:48
[a3_daily_static_weight_5d] epoch 015/060 val_loss=49.73304367 best_val_loss=11.54586382 bad_epochs=2/8 epoch_time=00:00:45 eta=00:34:03
[a3_daily_static_weight_5d] epoch 016/060 val_loss=146.58608551 best_val_loss=11.54586382 bad_epochs=3/8 epoch_time=00:00:46 eta=00:33:18
[a3_daily_static_weight_5d] epoch 017/060 val_loss=86.11647568 best_val_loss=11.54586382 bad_epochs=4/8 epoch_time=00:00:45 eta=00:32:32
[a3_daily_static_weight_5d] epoch 018/060 val_loss=158.35692902 best_val_loss=11.54586382 bad_epochs=5/8 epoch_time=00:00:45 eta=00:31:47
[a3_daily_static_weight_5d] epoch 019/060 val_loss=57.34804306 best_val_loss=11.54586382 bad_epochs=6/8 epoch_time=00:00:45 eta=00:31:01
[a3_daily_static_weight_5d] epoch 020/060 val_loss=14.27062263 best_val_loss=11.54586382 bad_epochs=7/8 epoch_time=00:00:45 eta=00:30:16
[a3_daily_static_weight_5d] epoch 021/060 val_loss=214.98098755 best_val_loss=11.54586382 bad_epochs=8/8 epoch_time=00:00:45 eta=00:29:30
[a3_daily_static_weight_5d] early stopping at epoch 21
[a3] done freq=daily mode=static_weight horizon=5d test_mse=0.520342 test_corr=-0.0459 (overall elapsed 01:10:58)
[a3] === run 7/24: freq=weekly mode=fixed_multiscale patches=[2, 4, 8, 12, 13, 14] horizon=5d ===
[a3_weekly_fixed_multiscale_5d] epoch 001/060 val_loss=38959.01562500 best_val_loss=38959.01562500 bad_epochs=0/8 epoch_time=00:00:17 eta=00:16:33
[a3_weekly_fixed_multiscale_5d] epoch 002/060 val_loss=3994.51909180 best_val_loss=3994.51909180 bad_epochs=0/8 epoch_time=00:00:17 eta=00:16:09
[a3_weekly_fixed_multiscale_5d] epoch 003/060 val_loss=2163.09096680 best_val_loss=2163.09096680 bad_epochs=0/8 epoch_time=00:00:17 eta=00:15:50
[a3_weekly_fixed_multiscale_5d] epoch 004/060 val_loss=239.53876038 best_val_loss=239.53876038 bad_epochs=0/8 epoch_time=00:00:17 eta=00:15:32
[a3_weekly_fixed_multiscale_5d] epoch 005/060 val_loss=563.65504150 best_val_loss=239.53876038 bad_epochs=1/8 epoch_time=00:00:17 eta=00:15:15
[a3_weekly_fixed_multiscale_5d] epoch 006/060 val_loss=756.17315063 best_val_loss=239.53876038 bad_epochs=2/8 epoch_time=00:00:17 eta=00:14:59
[a3_weekly_fixed_multiscale_5d] epoch 007/060 val_loss=133.50864105 best_val_loss=133.50864105 bad_epochs=0/8 epoch_time=00:00:17 eta=00:14:43
[a3_weekly_fixed_multiscale_5d] epoch 008/060 val_loss=653.91000977 best_val_loss=133.50864105 bad_epochs=1/8 epoch_time=00:00:17 eta=00:14:26
[a3_weekly_fixed_multiscale_5d] epoch 009/060 val_loss=1664.43352051 best_val_loss=133.50864105 bad_epochs=2/8 epoch_time=00:00:17 eta=00:14:09
[a3_weekly_fixed_multiscale_5d] epoch 010/060 val_loss=60.15993042 best_val_loss=60.15993042 bad_epochs=0/8 epoch_time=00:00:17 eta=00:13:53
[a3_weekly_fixed_multiscale_5d] epoch 011/060 val_loss=166.60162964 best_val_loss=60.15993042 bad_epochs=1/8 epoch_time=00:00:17 eta=00:13:36
[a3_weekly_fixed_multiscale_5d] epoch 012/060 val_loss=526.63538208 best_val_loss=60.15993042 bad_epochs=2/8 epoch_time=00:00:17 eta=00:13:20
[a3_weekly_fixed_multiscale_5d] epoch 013/060 val_loss=687.25897827 best_val_loss=60.15993042 bad_epochs=3/8 epoch_time=00:00:17 eta=00:13:03
[a3_weekly_fixed_multiscale_5d] epoch 014/060 val_loss=121.00488281 best_val_loss=60.15993042 bad_epochs=4/8 epoch_time=00:00:17 eta=00:12:46
[a3_weekly_fixed_multiscale_5d] epoch 015/060 val_loss=575.96668701 best_val_loss=60.15993042 bad_epochs=5/8 epoch_time=00:00:17 eta=00:12:30
[a3_weekly_fixed_multiscale_5d] epoch 016/060 val_loss=1435.87160645 best_val_loss=60.15993042 bad_epochs=6/8 epoch_time=00:00:17 eta=00:12:13
[a3_weekly_fixed_multiscale_5d] epoch 017/060 val_loss=48.56583099 best_val_loss=48.56583099 bad_epochs=0/8 epoch_time=00:00:17 eta=00:11:56
[a3_weekly_fixed_multiscale_5d] epoch 018/060 val_loss=141.50865479 best_val_loss=48.56583099 bad_epochs=1/8 epoch_time=00:00:17 eta=00:11:39
[a3_weekly_fixed_multiscale_5d] epoch 019/060 val_loss=450.97935181 best_val_loss=48.56583099 bad_epochs=2/8 epoch_time=00:00:17 eta=00:11:23
[a3_weekly_fixed_multiscale_5d] epoch 020/060 val_loss=590.39862061 best_val_loss=48.56583099 bad_epochs=3/8 epoch_time=00:00:17 eta=00:11:06
[a3_weekly_fixed_multiscale_5d] epoch 021/060 val_loss=103.67345276 best_val_loss=48.56583099 bad_epochs=4/8 epoch_time=00:00:17 eta=00:10:49
[a3_weekly_fixed_multiscale_5d] epoch 022/060 val_loss=489.09214478 best_val_loss=48.56583099 bad_epochs=5/8 epoch_time=00:00:17 eta=00:10:33
[a3_weekly_fixed_multiscale_5d] epoch 023/060 val_loss=1229.48055420 best_val_loss=48.56583099 bad_epochs=6/8 epoch_time=00:00:17 eta=00:10:16
[a3_weekly_fixed_multiscale_5d] epoch 024/060 val_loss=41.19176216 best_val_loss=41.19176216 bad_epochs=0/8 epoch_time=00:00:17 eta=00:10:00
[a3_weekly_fixed_multiscale_5d] epoch 025/060 val_loss=123.87800903 best_val_loss=41.19176216 bad_epochs=1/8 epoch_time=00:00:17 eta=00:09:43
[a3_weekly_fixed_multiscale_5d] epoch 026/060 val_loss=402.72380981 best_val_loss=41.19176216 bad_epochs=2/8 epoch_time=00:00:17 eta=00:09:27
[a3_weekly_fixed_multiscale_5d] epoch 027/060 val_loss=528.87489624 best_val_loss=41.19176216 bad_epochs=3/8 epoch_time=00:00:17 eta=00:09:10
[a3_weekly_fixed_multiscale_5d] epoch 028/060 val_loss=95.63357391 best_val_loss=41.19176216 bad_epochs=4/8 epoch_time=00:00:17 eta=00:08:53
[a3_weekly_fixed_multiscale_5d] epoch 029/060 val_loss=457.51774292 best_val_loss=41.19176216 bad_epochs=5/8 epoch_time=00:00:17 eta=00:08:36
[a3_weekly_fixed_multiscale_5d] epoch 030/060 val_loss=1154.49721680 best_val_loss=41.19176216 bad_epochs=6/8 epoch_time=00:00:17 eta=00:08:20
[a3_weekly_fixed_multiscale_5d] epoch 031/060 val_loss=37.88555450 best_val_loss=37.88555450 bad_epochs=0/8 epoch_time=00:00:17 eta=00:08:03
[a3_weekly_fixed_multiscale_5d] epoch 032/060 val_loss=111.59056549 best_val_loss=37.88555450 bad_epochs=1/8 epoch_time=00:00:17 eta=00:07:46
[a3_weekly_fixed_multiscale_5d] epoch 033/060 val_loss=394.58699341 best_val_loss=37.88555450 bad_epochs=2/8 epoch_time=00:00:17 eta=00:07:30
[a3_weekly_fixed_multiscale_5d] epoch 034/060 val_loss=507.12507324 best_val_loss=37.88555450 bad_epochs=3/8 epoch_time=00:00:17 eta=00:07:13
[a3_weekly_fixed_multiscale_5d] epoch 035/060 val_loss=98.02780914 best_val_loss=37.88555450 bad_epochs=4/8 epoch_time=00:00:17 eta=00:06:56
[a3_weekly_fixed_multiscale_5d] epoch 036/060 val_loss=420.15189209 best_val_loss=37.88555450 bad_epochs=5/8 epoch_time=00:00:17 eta=00:06:40
[a3_weekly_fixed_multiscale_5d] epoch 037/060 val_loss=1112.82849121 best_val_loss=37.88555450 bad_epochs=6/8 epoch_time=00:00:17 eta=00:06:23
[a3_weekly_fixed_multiscale_5d] epoch 038/060 val_loss=34.55051498 best_val_loss=34.55051498 bad_epochs=0/8 epoch_time=00:00:17 eta=00:06:06
[a3_weekly_fixed_multiscale_5d] epoch 039/060 val_loss=113.25113525 best_val_loss=34.55051498 bad_epochs=1/8 epoch_time=00:00:17 eta=00:05:50
[a3_weekly_fixed_multiscale_5d] epoch 040/060 val_loss=392.06037598 best_val_loss=34.55051498 bad_epochs=2/8 epoch_time=00:00:17 eta=00:05:33
[a3_weekly_fixed_multiscale_5d] epoch 041/060 val_loss=522.95789795 best_val_loss=34.55051498 bad_epochs=3/8 epoch_time=00:00:17 eta=00:05:16
[a3_weekly_fixed_multiscale_5d] epoch 042/060 val_loss=95.26091003 best_val_loss=34.55051498 bad_epochs=4/8 epoch_time=00:00:17 eta=00:05:00
[a3_weekly_fixed_multiscale_5d] epoch 043/060 val_loss=448.11503906 best_val_loss=34.55051498 bad_epochs=5/8 epoch_time=00:00:17 eta=00:04:43
[a3_weekly_fixed_multiscale_5d] epoch 044/060 val_loss=1118.87303467 best_val_loss=34.55051498 bad_epochs=6/8 epoch_time=00:00:17 eta=00:04:26
[a3_weekly_fixed_multiscale_5d] epoch 045/060 val_loss=31.07515144 best_val_loss=31.07515144 bad_epochs=0/8 epoch_time=00:00:17 eta=00:04:10
[a3_weekly_fixed_multiscale_5d] epoch 046/060 val_loss=110.84853516 best_val_loss=31.07515144 bad_epochs=1/8 epoch_time=00:00:17 eta=00:03:53
[a3_weekly_fixed_multiscale_5d] epoch 047/060 val_loss=399.90440063 best_val_loss=31.07515144 bad_epochs=2/8 epoch_time=00:00:17 eta=00:03:36
[a3_weekly_fixed_multiscale_5d] epoch 048/060 val_loss=524.22434082 best_val_loss=31.07515144 bad_epochs=3/8 epoch_time=00:00:17 eta=00:03:20
[a3_weekly_fixed_multiscale_5d] epoch 049/060 val_loss=102.25751190 best_val_loss=31.07515144 bad_epochs=4/8 epoch_time=00:00:17 eta=00:03:03
[a3_weekly_fixed_multiscale_5d] epoch 050/060 val_loss=457.62484131 best_val_loss=31.07515144 bad_epochs=5/8 epoch_time=00:00:17 eta=00:02:46
[a3_weekly_fixed_multiscale_5d] epoch 051/060 val_loss=1128.34023437 best_val_loss=31.07515144 bad_epochs=6/8 epoch_time=00:00:17 eta=00:02:30
[a3_weekly_fixed_multiscale_5d] epoch 052/060 val_loss=30.62287445 best_val_loss=30.62287445 bad_epochs=0/8 epoch_time=00:00:17 eta=00:02:13
[a3_weekly_fixed_multiscale_5d] epoch 053/060 val_loss=111.76036072 best_val_loss=30.62287445 bad_epochs=1/8 epoch_time=00:00:17 eta=00:01:57
[a3_weekly_fixed_multiscale_5d] epoch 054/060 val_loss=392.46333618 best_val_loss=30.62287445 bad_epochs=2/8 epoch_time=00:00:17 eta=00:01:40
[a3_weekly_fixed_multiscale_5d] epoch 055/060 val_loss=532.14552002 best_val_loss=30.62287445 bad_epochs=3/8 epoch_time=00:00:17 eta=00:01:23
[a3_weekly_fixed_multiscale_5d] epoch 056/060 val_loss=104.05928040 best_val_loss=30.62287445 bad_epochs=4/8 epoch_time=00:00:17 eta=00:01:07
[a3_weekly_fixed_multiscale_5d] epoch 057/060 val_loss=436.39186401 best_val_loss=30.62287445 bad_epochs=5/8 epoch_time=00:00:17 eta=00:00:50
[a3_weekly_fixed_multiscale_5d] epoch 058/060 val_loss=1183.61519775 best_val_loss=30.62287445 bad_epochs=6/8 epoch_time=00:00:17 eta=00:00:33
[a3_weekly_fixed_multiscale_5d] epoch 059/060 val_loss=30.61613998 best_val_loss=30.61613998 bad_epochs=0/8 epoch_time=00:00:17 eta=00:00:17
[a3_weekly_fixed_multiscale_5d] epoch 060/060 val_loss=116.88470917 best_val_loss=30.61613998 bad_epochs=1/8 epoch_time=00:00:17 eta=00:00:00
[a3] done freq=weekly mode=fixed_multiscale horizon=5d test_mse=4.451838 test_corr=0.0518 (overall elapsed 01:27:44)
[a3] === run 8/24: freq=weekly mode=static_weight patches=[2, 4, 8, 12, 13, 14] horizon=5d ===
[a3_weekly_static_weight_5d] epoch 001/060 val_loss=179578.06406250 best_val_loss=179578.06406250 bad_epochs=0/8 epoch_time=00:00:17 eta=00:16:29
[a3_weekly_static_weight_5d] epoch 002/060 val_loss=81085.94140625 best_val_loss=81085.94140625 bad_epochs=0/8 epoch_time=00:00:17 eta=00:16:10
[a3_weekly_static_weight_5d] epoch 003/060 val_loss=18348.46484375 best_val_loss=18348.46484375 bad_epochs=0/8 epoch_time=00:00:17 eta=00:15:51
[a3_weekly_static_weight_5d] epoch 004/060 val_loss=306.55462952 best_val_loss=306.55462952 bad_epochs=0/8 epoch_time=00:00:17 eta=00:15:35
[a3_weekly_static_weight_5d] epoch 005/060 val_loss=701.60098877 best_val_loss=306.55462952 bad_epochs=1/8 epoch_time=00:00:17 eta=00:15:17
[a3_weekly_static_weight_5d] epoch 006/060 val_loss=97.67528534 best_val_loss=97.67528534 bad_epochs=0/8 epoch_time=00:00:17 eta=00:15:00
[a3_weekly_static_weight_5d] epoch 007/060 val_loss=247.84193726 best_val_loss=97.67528534 bad_epochs=1/8 epoch_time=00:00:17 eta=00:14:43
[a3_weekly_static_weight_5d] epoch 008/060 val_loss=108.63714447 best_val_loss=97.67528534 bad_epochs=2/8 epoch_time=00:00:17 eta=00:14:27
[a3_weekly_static_weight_5d] epoch 009/060 val_loss=36.65628281 best_val_loss=36.65628281 bad_epochs=0/8 epoch_time=00:00:17 eta=00:14:10
[a3_weekly_static_weight_5d] epoch 010/060 val_loss=58.53917007 best_val_loss=36.65628281 bad_epochs=1/8 epoch_time=00:00:17 eta=00:13:54
[a3_weekly_static_weight_5d] epoch 011/060 val_loss=191.80868835 best_val_loss=36.65628281 bad_epochs=2/8 epoch_time=00:00:17 eta=00:13:37
[a3_weekly_static_weight_5d] epoch 012/060 val_loss=283.90887451 best_val_loss=36.65628281 bad_epochs=3/8 epoch_time=00:00:17 eta=00:13:21
[a3_weekly_static_weight_5d] epoch 013/060 val_loss=157.89212341 best_val_loss=36.65628281 bad_epochs=4/8 epoch_time=00:00:17 eta=00:13:04
[a3_weekly_static_weight_5d] epoch 014/060 val_loss=733.90233154 best_val_loss=36.65628281 bad_epochs=5/8 epoch_time=00:00:17 eta=00:12:47
[a3_weekly_static_weight_5d] epoch 015/060 val_loss=460.51768799 best_val_loss=36.65628281 bad_epochs=6/8 epoch_time=00:00:17 eta=00:12:31
[a3_weekly_static_weight_5d] epoch 016/060 val_loss=603.15073242 best_val_loss=36.65628281 bad_epochs=7/8 epoch_time=00:00:17 eta=00:12:14
[a3_weekly_static_weight_5d] epoch 017/060 val_loss=86.45181732 best_val_loss=36.65628281 bad_epochs=8/8 epoch_time=00:00:17 eta=00:11:57
[a3_weekly_static_weight_5d] early stopping at epoch 17
[a3] done freq=weekly mode=static_weight horizon=5d test_mse=10.503009 test_corr=-0.0969 (overall elapsed 01:32:35)
[a3] === run 9/24: freq=hourly mode=fixed_multiscale patches=[2, 4, 8, 12] horizon=10d ===
[a3_hourly_fixed_multiscale_10d] epoch 001/060 val_loss=24102.11406250 best_val_loss=24102.11406250 bad_epochs=0/8 epoch_time=00:00:12 eta=00:11:55
[a3_hourly_fixed_multiscale_10d] epoch 002/060 val_loss=19933.87812500 best_val_loss=19933.87812500 bad_epochs=0/8 epoch_time=00:00:12 eta=00:11:44
[a3_hourly_fixed_multiscale_10d] epoch 003/060 val_loss=16942.74257812 best_val_loss=16942.74257812 bad_epochs=0/8 epoch_time=00:00:12 eta=00:11:33
[a3_hourly_fixed_multiscale_10d] epoch 004/060 val_loss=12059.51171875 best_val_loss=12059.51171875 bad_epochs=0/8 epoch_time=00:00:12 eta=00:11:22
[a3_hourly_fixed_multiscale_10d] epoch 005/060 val_loss=10696.29462891 best_val_loss=10696.29462891 bad_epochs=0/8 epoch_time=00:00:12 eta=00:11:11
[a3_hourly_fixed_multiscale_10d] epoch 006/060 val_loss=8536.29853516 best_val_loss=8536.29853516 bad_epochs=0/8 epoch_time=00:00:12 eta=00:10:59
[a3_hourly_fixed_multiscale_10d] epoch 007/060 val_loss=6177.17607422 best_val_loss=6177.17607422 bad_epochs=0/8 epoch_time=00:00:12 eta=00:10:46
[a3_hourly_fixed_multiscale_10d] epoch 008/060 val_loss=4835.04941406 best_val_loss=4835.04941406 bad_epochs=0/8 epoch_time=00:00:12 eta=00:10:33
[a3_hourly_fixed_multiscale_10d] epoch 009/060 val_loss=2451.39775391 best_val_loss=2451.39775391 bad_epochs=0/8 epoch_time=00:00:12 eta=00:10:21
[a3_hourly_fixed_multiscale_10d] epoch 010/060 val_loss=471.11520691 best_val_loss=471.11520691 bad_epochs=0/8 epoch_time=00:00:12 eta=00:10:08
[a3_hourly_fixed_multiscale_10d] epoch 011/060 val_loss=26.32608089 best_val_loss=26.32608089 bad_epochs=0/8 epoch_time=00:00:12 eta=00:09:56
[a3_hourly_fixed_multiscale_10d] epoch 012/060 val_loss=55.08990326 best_val_loss=26.32608089 bad_epochs=1/8 epoch_time=00:00:12 eta=00:09:43
[a3_hourly_fixed_multiscale_10d] epoch 013/060 val_loss=2.19729266 best_val_loss=2.19729266 bad_epochs=0/8 epoch_time=00:00:12 eta=00:09:31
[a3_hourly_fixed_multiscale_10d] epoch 014/060 val_loss=3.56529098 best_val_loss=2.19729266 bad_epochs=1/8 epoch_time=00:00:12 eta=00:09:19
[a3_hourly_fixed_multiscale_10d] epoch 015/060 val_loss=7.55589032 best_val_loss=2.19729266 bad_epochs=2/8 epoch_time=00:00:12 eta=00:09:07
[a3_hourly_fixed_multiscale_10d] epoch 016/060 val_loss=2.07262349 best_val_loss=2.07262349 bad_epochs=0/8 epoch_time=00:00:12 eta=00:08:55
[a3_hourly_fixed_multiscale_10d] epoch 017/060 val_loss=8.39680214 best_val_loss=2.07262349 bad_epochs=1/8 epoch_time=00:00:12 eta=00:08:42
[a3_hourly_fixed_multiscale_10d] epoch 018/060 val_loss=0.48290203 best_val_loss=0.48290203 bad_epochs=0/8 epoch_time=00:00:12 eta=00:08:30
[a3_hourly_fixed_multiscale_10d] epoch 019/060 val_loss=7.52917829 best_val_loss=0.48290203 bad_epochs=1/8 epoch_time=00:00:12 eta=00:08:18
[a3_hourly_fixed_multiscale_10d] epoch 020/060 val_loss=0.49694135 best_val_loss=0.48290203 bad_epochs=2/8 epoch_time=00:00:12 eta=00:08:05
[a3_hourly_fixed_multiscale_10d] epoch 021/060 val_loss=8.10147057 best_val_loss=0.48290203 bad_epochs=3/8 epoch_time=00:00:12 eta=00:07:53
[a3_hourly_fixed_multiscale_10d] epoch 022/060 val_loss=1.44095774 best_val_loss=0.48290203 bad_epochs=4/8 epoch_time=00:00:12 eta=00:07:41
[a3_hourly_fixed_multiscale_10d] epoch 023/060 val_loss=4.53999333 best_val_loss=0.48290203 bad_epochs=5/8 epoch_time=00:00:12 eta=00:07:29
[a3_hourly_fixed_multiscale_10d] epoch 024/060 val_loss=10.42835875 best_val_loss=0.48290203 bad_epochs=6/8 epoch_time=00:00:12 eta=00:07:17
[a3_hourly_fixed_multiscale_10d] epoch 025/060 val_loss=2.08036201 best_val_loss=0.48290203 bad_epochs=7/8 epoch_time=00:00:12 eta=00:07:04
[a3_hourly_fixed_multiscale_10d] epoch 026/060 val_loss=6.76331697 best_val_loss=0.48290203 bad_epochs=8/8 epoch_time=00:00:12 eta=00:06:52
[a3_hourly_fixed_multiscale_10d] early stopping at epoch 26
[a3] done freq=hourly mode=fixed_multiscale horizon=10d test_mse=0.014131 test_corr=0.0449 (overall elapsed 01:37:55)
[a3] === run 10/24: freq=hourly mode=static_weight patches=[2, 4, 8, 12] horizon=10d ===
[a3_hourly_static_weight_10d] epoch 001/060 val_loss=13026.97207031 best_val_loss=13026.97207031 bad_epochs=0/8 epoch_time=00:00:12 eta=00:12:02
[a3_hourly_static_weight_10d] epoch 002/060 val_loss=10756.21884766 best_val_loss=10756.21884766 bad_epochs=0/8 epoch_time=00:00:12 eta=00:11:47
[a3_hourly_static_weight_10d] epoch 003/060 val_loss=7325.91303711 best_val_loss=7325.91303711 bad_epochs=0/8 epoch_time=00:00:12 eta=00:11:34
[a3_hourly_static_weight_10d] epoch 004/060 val_loss=4523.50185547 best_val_loss=4523.50185547 bad_epochs=0/8 epoch_time=00:00:12 eta=00:11:20
[a3_hourly_static_weight_10d] epoch 005/060 val_loss=2924.43415527 best_val_loss=2924.43415527 bad_epochs=0/8 epoch_time=00:00:12 eta=00:11:08
[a3_hourly_static_weight_10d] epoch 006/060 val_loss=862.79942017 best_val_loss=862.79942017 bad_epochs=0/8 epoch_time=00:00:12 eta=00:10:55
[a3_hourly_static_weight_10d] epoch 007/060 val_loss=187.47032928 best_val_loss=187.47032928 bad_epochs=0/8 epoch_time=00:00:12 eta=00:10:42
[a3_hourly_static_weight_10d] epoch 008/060 val_loss=104.73176270 best_val_loss=104.73176270 bad_epochs=0/8 epoch_time=00:00:12 eta=00:10:30
[a3_hourly_static_weight_10d] epoch 009/060 val_loss=92.76736069 best_val_loss=92.76736069 bad_epochs=0/8 epoch_time=00:00:12 eta=00:10:17
[a3_hourly_static_weight_10d] epoch 010/060 val_loss=86.00656586 best_val_loss=86.00656586 bad_epochs=0/8 epoch_time=00:00:12 eta=00:10:05
[a3_hourly_static_weight_10d] epoch 011/060 val_loss=79.90402679 best_val_loss=79.90402679 bad_epochs=0/8 epoch_time=00:00:12 eta=00:09:53
[a3_hourly_static_weight_10d] epoch 012/060 val_loss=71.41549225 best_val_loss=71.41549225 bad_epochs=0/8 epoch_time=00:00:12 eta=00:09:41
[a3_hourly_static_weight_10d] epoch 013/060 val_loss=58.82467117 best_val_loss=58.82467117 bad_epochs=0/8 epoch_time=00:00:12 eta=00:09:29
[a3_hourly_static_weight_10d] epoch 014/060 val_loss=95.20099869 best_val_loss=58.82467117 bad_epochs=1/8 epoch_time=00:00:12 eta=00:09:17
[a3_hourly_static_weight_10d] epoch 015/060 val_loss=82.26228104 best_val_loss=58.82467117 bad_epochs=2/8 epoch_time=00:00:12 eta=00:09:05
[a3_hourly_static_weight_10d] epoch 016/060 val_loss=59.90489769 best_val_loss=58.82467117 bad_epochs=3/8 epoch_time=00:00:12 eta=00:08:52
[a3_hourly_static_weight_10d] epoch 017/060 val_loss=90.75522232 best_val_loss=58.82467117 bad_epochs=4/8 epoch_time=00:00:12 eta=00:08:40
[a3_hourly_static_weight_10d] epoch 018/060 val_loss=64.25715370 best_val_loss=58.82467117 bad_epochs=5/8 epoch_time=00:00:12 eta=00:08:28
[a3_hourly_static_weight_10d] epoch 019/060 val_loss=72.32734222 best_val_loss=58.82467117 bad_epochs=6/8 epoch_time=00:00:12 eta=00:08:16
[a3_hourly_static_weight_10d] epoch 020/060 val_loss=70.23448181 best_val_loss=58.82467117 bad_epochs=7/8 epoch_time=00:00:12 eta=00:08:04
[a3_hourly_static_weight_10d] epoch 021/060 val_loss=66.49163818 best_val_loss=58.82467117 bad_epochs=8/8 epoch_time=00:00:12 eta=00:07:52
[a3_hourly_static_weight_10d] early stopping at epoch 21
[a3] done freq=hourly mode=static_weight horizon=10d test_mse=44.978222 test_corr=-0.1467 (overall elapsed 01:42:14)
[a3] === run 11/24: freq=halfday mode=fixed_multiscale patches=[2, 4, 8, 10, 12] horizon=10d ===
[a3_halfday_fixed_multiscale_10d] epoch 001/060 val_loss=98801.45234375 best_val_loss=98801.45234375 bad_epochs=0/8 epoch_time=00:00:11 eta=00:11:15
[a3_halfday_fixed_multiscale_10d] epoch 002/060 val_loss=71043.00468750 best_val_loss=71043.00468750 bad_epochs=0/8 epoch_time=00:00:11 eta=00:11:02
[a3_halfday_fixed_multiscale_10d] epoch 003/060 val_loss=52523.53437500 best_val_loss=52523.53437500 bad_epochs=0/8 epoch_time=00:00:11 eta=00:10:48
[a3_halfday_fixed_multiscale_10d] epoch 004/060 val_loss=38388.05468750 best_val_loss=38388.05468750 bad_epochs=0/8 epoch_time=00:00:11 eta=00:10:35
[a3_halfday_fixed_multiscale_10d] epoch 005/060 val_loss=26943.76757812 best_val_loss=26943.76757812 bad_epochs=0/8 epoch_time=00:00:11 eta=00:10:22
[a3_halfday_fixed_multiscale_10d] epoch 006/060 val_loss=16576.13105469 best_val_loss=16576.13105469 bad_epochs=0/8 epoch_time=00:00:11 eta=00:10:10
[a3_halfday_fixed_multiscale_10d] epoch 007/060 val_loss=6520.22065430 best_val_loss=6520.22065430 bad_epochs=0/8 epoch_time=00:00:11 eta=00:09:59
[a3_halfday_fixed_multiscale_10d] epoch 008/060 val_loss=1413.00677490 best_val_loss=1413.00677490 bad_epochs=0/8 epoch_time=00:00:11 eta=00:09:48
[a3_halfday_fixed_multiscale_10d] epoch 009/060 val_loss=163.05852051 best_val_loss=163.05852051 bad_epochs=0/8 epoch_time=00:00:11 eta=00:09:36
[a3_halfday_fixed_multiscale_10d] epoch 010/060 val_loss=122.62509308 best_val_loss=122.62509308 bad_epochs=0/8 epoch_time=00:00:11 eta=00:09:25
[a3_halfday_fixed_multiscale_10d] epoch 011/060 val_loss=116.78669586 best_val_loss=116.78669586 bad_epochs=0/8 epoch_time=00:00:11 eta=00:09:13
[a3_halfday_fixed_multiscale_10d] epoch 012/060 val_loss=115.29954376 best_val_loss=115.29954376 bad_epochs=0/8 epoch_time=00:00:11 eta=00:09:02
[a3_halfday_fixed_multiscale_10d] epoch 013/060 val_loss=114.47181091 best_val_loss=114.47181091 bad_epochs=0/8 epoch_time=00:00:11 eta=00:08:50
[a3_halfday_fixed_multiscale_10d] epoch 014/060 val_loss=113.85485992 best_val_loss=113.85485992 bad_epochs=0/8 epoch_time=00:00:11 eta=00:08:39
[a3_halfday_fixed_multiscale_10d] epoch 015/060 val_loss=113.46095581 best_val_loss=113.46095581 bad_epochs=0/8 epoch_time=00:00:11 eta=00:08:27
[a3_halfday_fixed_multiscale_10d] epoch 016/060 val_loss=113.03414764 best_val_loss=113.03414764 bad_epochs=0/8 epoch_time=00:00:11 eta=00:08:16
[a3_halfday_fixed_multiscale_10d] epoch 017/060 val_loss=112.80496674 best_val_loss=112.80496674 bad_epochs=0/8 epoch_time=00:00:11 eta=00:08:05
[a3_halfday_fixed_multiscale_10d] epoch 018/060 val_loss=112.65121307 best_val_loss=112.65121307 bad_epochs=0/8 epoch_time=00:00:11 eta=00:07:54
[a3_halfday_fixed_multiscale_10d] epoch 019/060 val_loss=112.68893585 best_val_loss=112.65121307 bad_epochs=1/8 epoch_time=00:00:11 eta=00:07:42
[a3_halfday_fixed_multiscale_10d] epoch 020/060 val_loss=112.62486267 best_val_loss=112.62486267 bad_epochs=0/8 epoch_time=00:00:11 eta=00:07:31
[a3_halfday_fixed_multiscale_10d] epoch 021/060 val_loss=112.62902527 best_val_loss=112.62486267 bad_epochs=1/8 epoch_time=00:00:11 eta=00:07:20
[a3_halfday_fixed_multiscale_10d] epoch 022/060 val_loss=112.57637939 best_val_loss=112.57637939 bad_epochs=0/8 epoch_time=00:00:11 eta=00:07:08
[a3_halfday_fixed_multiscale_10d] epoch 023/060 val_loss=112.63714600 best_val_loss=112.57637939 bad_epochs=1/8 epoch_time=00:00:11 eta=00:06:57
[a3_halfday_fixed_multiscale_10d] epoch 024/060 val_loss=112.65644684 best_val_loss=112.57637939 bad_epochs=2/8 epoch_time=00:00:11 eta=00:06:45
[a3_halfday_fixed_multiscale_10d] epoch 025/060 val_loss=112.70202484 best_val_loss=112.57637939 bad_epochs=3/8 epoch_time=00:00:11 eta=00:06:34
[a3_halfday_fixed_multiscale_10d] epoch 026/060 val_loss=112.91224060 best_val_loss=112.57637939 bad_epochs=4/8 epoch_time=00:00:11 eta=00:06:23
[a3_halfday_fixed_multiscale_10d] epoch 027/060 val_loss=112.92895355 best_val_loss=112.57637939 bad_epochs=5/8 epoch_time=00:00:11 eta=00:06:12
[a3_halfday_fixed_multiscale_10d] epoch 028/060 val_loss=112.91836548 best_val_loss=112.57637939 bad_epochs=6/8 epoch_time=00:00:11 eta=00:06:00
[a3_halfday_fixed_multiscale_10d] epoch 029/060 val_loss=113.06728363 best_val_loss=112.57637939 bad_epochs=7/8 epoch_time=00:00:11 eta=00:05:49
[a3_halfday_fixed_multiscale_10d] epoch 030/060 val_loss=113.20586090 best_val_loss=112.57637939 bad_epochs=8/8 epoch_time=00:00:11 eta=00:05:38
[a3_halfday_fixed_multiscale_10d] early stopping at epoch 30
[a3] done freq=halfday mode=fixed_multiscale horizon=10d test_mse=244.464783 test_corr=0.0952 (overall elapsed 01:47:56)
[a3] === run 12/24: freq=halfday mode=static_weight patches=[2, 4, 8, 10, 12] horizon=10d ===
[a3_halfday_static_weight_10d] epoch 001/060 val_loss=51401.98750000 best_val_loss=51401.98750000 bad_epochs=0/8 epoch_time=00:00:11 eta=00:11:06
[a3_halfday_static_weight_10d] epoch 002/060 val_loss=35927.44726562 best_val_loss=35927.44726562 bad_epochs=0/8 epoch_time=00:00:11 eta=00:10:52
[a3_halfday_static_weight_10d] epoch 003/060 val_loss=26755.43515625 best_val_loss=26755.43515625 bad_epochs=0/8 epoch_time=00:00:11 eta=00:10:40
[a3_halfday_static_weight_10d] epoch 004/060 val_loss=17563.42226562 best_val_loss=17563.42226562 bad_epochs=0/8 epoch_time=00:00:11 eta=00:10:27
[a3_halfday_static_weight_10d] epoch 005/060 val_loss=9298.87050781 best_val_loss=9298.87050781 bad_epochs=0/8 epoch_time=00:00:11 eta=00:10:15
[a3_halfday_static_weight_10d] epoch 006/060 val_loss=528.22173462 best_val_loss=528.22173462 bad_epochs=0/8 epoch_time=00:00:11 eta=00:10:04
[a3_halfday_static_weight_10d] epoch 007/060 val_loss=354.20189819 best_val_loss=354.20189819 bad_epochs=0/8 epoch_time=00:00:11 eta=00:09:53
[a3_halfday_static_weight_10d] epoch 008/060 val_loss=106.91094818 best_val_loss=106.91094818 bad_epochs=0/8 epoch_time=00:00:11 eta=00:09:42
[a3_halfday_static_weight_10d] epoch 009/060 val_loss=142.84067230 best_val_loss=106.91094818 bad_epochs=1/8 epoch_time=00:00:11 eta=00:09:30
[a3_halfday_static_weight_10d] epoch 010/060 val_loss=132.80385437 best_val_loss=106.91094818 bad_epochs=2/8 epoch_time=00:00:11 eta=00:09:19
[a3_halfday_static_weight_10d] epoch 011/060 val_loss=75.80551758 best_val_loss=75.80551758 bad_epochs=0/8 epoch_time=00:00:11 eta=00:09:08
[a3_halfday_static_weight_10d] epoch 012/060 val_loss=64.34993057 best_val_loss=64.34993057 bad_epochs=0/8 epoch_time=00:00:11 eta=00:08:57
[a3_halfday_static_weight_10d] epoch 013/060 val_loss=107.21282272 best_val_loss=64.34993057 bad_epochs=1/8 epoch_time=00:00:11 eta=00:08:45
[a3_halfday_static_weight_10d] epoch 014/060 val_loss=89.42347870 best_val_loss=64.34993057 bad_epochs=2/8 epoch_time=00:00:11 eta=00:08:34
[a3_halfday_static_weight_10d] epoch 015/060 val_loss=156.13616028 best_val_loss=64.34993057 bad_epochs=3/8 epoch_time=00:00:11 eta=00:08:23
[a3_halfday_static_weight_10d] epoch 016/060 val_loss=128.71118469 best_val_loss=64.34993057 bad_epochs=4/8 epoch_time=00:00:11 eta=00:08:11
[a3_halfday_static_weight_10d] epoch 017/060 val_loss=66.99685440 best_val_loss=64.34993057 bad_epochs=5/8 epoch_time=00:00:11 eta=00:08:00
[a3_halfday_static_weight_10d] epoch 018/060 val_loss=132.06838989 best_val_loss=64.34993057 bad_epochs=6/8 epoch_time=00:00:11 eta=00:07:49
[a3_halfday_static_weight_10d] epoch 019/060 val_loss=95.22473145 best_val_loss=64.34993057 bad_epochs=7/8 epoch_time=00:00:11 eta=00:07:38
[a3_halfday_static_weight_10d] epoch 020/060 val_loss=87.14081192 best_val_loss=64.34993057 bad_epochs=8/8 epoch_time=00:00:11 eta=00:07:27
[a3_halfday_static_weight_10d] early stopping at epoch 20
[a3] done freq=halfday mode=static_weight horizon=10d test_mse=119.244904 test_corr=-0.0176 (overall elapsed 01:51:45)
[a3] === run 13/24: freq=daily mode=fixed_multiscale patches=[5, 10, 20, 30] horizon=10d ===
[a3_daily_fixed_multiscale_10d] epoch 001/060 val_loss=129875.78203125 best_val_loss=129875.78203125 bad_epochs=0/8 epoch_time=00:00:46 eta=00:44:45
[a3_daily_fixed_multiscale_10d] epoch 002/060 val_loss=91970.35703125 best_val_loss=91970.35703125 bad_epochs=0/8 epoch_time=00:00:45 eta=00:43:44
[a3_daily_fixed_multiscale_10d] epoch 003/060 val_loss=63898.15234375 best_val_loss=63898.15234375 bad_epochs=0/8 epoch_time=00:00:45 eta=00:42:54
[a3_daily_fixed_multiscale_10d] epoch 004/060 val_loss=42068.82089844 best_val_loss=42068.82089844 bad_epochs=0/8 epoch_time=00:00:45 eta=00:42:10
[a3_daily_fixed_multiscale_10d] epoch 005/060 val_loss=19597.24150391 best_val_loss=19597.24150391 bad_epochs=0/8 epoch_time=00:00:45 eta=00:41:24
[a3_daily_fixed_multiscale_10d] epoch 006/060 val_loss=3480.86821289 best_val_loss=3480.86821289 bad_epochs=0/8 epoch_time=00:00:45 eta=00:40:40
[a3_daily_fixed_multiscale_10d] epoch 007/060 val_loss=373.39455261 best_val_loss=373.39455261 bad_epochs=0/8 epoch_time=00:00:46 eta=00:39:58
[a3_daily_fixed_multiscale_10d] epoch 008/060 val_loss=263.59129181 best_val_loss=263.59129181 bad_epochs=0/8 epoch_time=00:00:46 eta=00:39:14
[a3_daily_fixed_multiscale_10d] epoch 009/060 val_loss=271.47860107 best_val_loss=263.59129181 bad_epochs=1/8 epoch_time=00:00:45 eta=00:38:30
[a3_daily_fixed_multiscale_10d] epoch 010/060 val_loss=266.09090881 best_val_loss=263.59129181 bad_epochs=2/8 epoch_time=00:00:45 eta=00:37:46
[a3_daily_fixed_multiscale_10d] epoch 011/060 val_loss=259.58991089 best_val_loss=259.58991089 bad_epochs=0/8 epoch_time=00:00:45 eta=00:37:00
[a3_daily_fixed_multiscale_10d] epoch 012/060 val_loss=254.16085510 best_val_loss=254.16085510 bad_epochs=0/8 epoch_time=00:00:45 eta=00:36:15
[a3_daily_fixed_multiscale_10d] epoch 013/060 val_loss=249.28279114 best_val_loss=249.28279114 bad_epochs=0/8 epoch_time=00:00:45 eta=00:35:30
[a3_daily_fixed_multiscale_10d] epoch 014/060 val_loss=245.04276428 best_val_loss=245.04276428 bad_epochs=0/8 epoch_time=00:00:45 eta=00:34:45
[a3_daily_fixed_multiscale_10d] epoch 015/060 val_loss=241.43435364 best_val_loss=241.43435364 bad_epochs=0/8 epoch_time=00:00:45 eta=00:33:59
[a3_daily_fixed_multiscale_10d] epoch 016/060 val_loss=238.47121124 best_val_loss=238.47121124 bad_epochs=0/8 epoch_time=00:00:45 eta=00:33:14
[a3_daily_fixed_multiscale_10d] epoch 017/060 val_loss=235.85859833 best_val_loss=235.85859833 bad_epochs=0/8 epoch_time=00:00:46 eta=00:32:29
[a3_daily_fixed_multiscale_10d] epoch 018/060 val_loss=233.86523285 best_val_loss=233.86523285 bad_epochs=0/8 epoch_time=00:00:45 eta=00:31:44
[a3_daily_fixed_multiscale_10d] epoch 019/060 val_loss=231.61294250 best_val_loss=231.61294250 bad_epochs=0/8 epoch_time=00:00:45 eta=00:30:58
[a3_daily_fixed_multiscale_10d] epoch 020/060 val_loss=229.77440186 best_val_loss=229.77440186 bad_epochs=0/8 epoch_time=00:00:46 eta=00:30:13
[a3_daily_fixed_multiscale_10d] epoch 021/060 val_loss=226.86944427 best_val_loss=226.86944427 bad_epochs=0/8 epoch_time=00:00:45 eta=00:29:28
[a3_daily_fixed_multiscale_10d] epoch 022/060 val_loss=225.07375183 best_val_loss=225.07375183 bad_epochs=0/8 epoch_time=00:00:45 eta=00:28:43
[a3_daily_fixed_multiscale_10d] epoch 023/060 val_loss=223.23149261 best_val_loss=223.23149261 bad_epochs=0/8 epoch_time=00:00:45 eta=00:27:57
[a3_daily_fixed_multiscale_10d] epoch 024/060 val_loss=221.75251770 best_val_loss=221.75251770 bad_epochs=0/8 epoch_time=00:00:45 eta=00:27:12
[a3_daily_fixed_multiscale_10d] epoch 025/060 val_loss=218.92090759 best_val_loss=218.92090759 bad_epochs=0/8 epoch_time=00:00:45 eta=00:26:27
[a3_daily_fixed_multiscale_10d] epoch 026/060 val_loss=218.00415802 best_val_loss=218.00415802 bad_epochs=0/8 epoch_time=00:00:45 eta=00:25:41
[a3_daily_fixed_multiscale_10d] epoch 027/060 val_loss=216.02480621 best_val_loss=216.02480621 bad_epochs=0/8 epoch_time=00:00:45 eta=00:24:56
[a3_daily_fixed_multiscale_10d] epoch 028/060 val_loss=215.45067291 best_val_loss=215.45067291 bad_epochs=0/8 epoch_time=00:00:45 eta=00:24:10
[a3_daily_fixed_multiscale_10d] epoch 029/060 val_loss=214.55315628 best_val_loss=214.55315628 bad_epochs=0/8 epoch_time=00:00:45 eta=00:23:25
[a3_daily_fixed_multiscale_10d] epoch 030/060 val_loss=213.89465790 best_val_loss=213.89465790 bad_epochs=0/8 epoch_time=00:00:45 eta=00:22:39
[a3_daily_fixed_multiscale_10d] epoch 031/060 val_loss=212.14616699 best_val_loss=212.14616699 bad_epochs=0/8 epoch_time=00:00:45 eta=00:21:54
[a3_daily_fixed_multiscale_10d] epoch 032/060 val_loss=211.73780746 best_val_loss=211.73780746 bad_epochs=0/8 epoch_time=00:00:45 eta=00:21:09
[a3_daily_fixed_multiscale_10d] epoch 033/060 val_loss=209.60918961 best_val_loss=209.60918961 bad_epochs=0/8 epoch_time=00:00:45 eta=00:20:23
[a3_daily_fixed_multiscale_10d] epoch 034/060 val_loss=208.06968765 best_val_loss=208.06968765 bad_epochs=0/8 epoch_time=00:00:46 eta=00:19:38
[a3_daily_fixed_multiscale_10d] epoch 035/060 val_loss=207.78824158 best_val_loss=207.78824158 bad_epochs=0/8 epoch_time=00:00:45 eta=00:18:53
[a3_daily_fixed_multiscale_10d] epoch 036/060 val_loss=207.62458801 best_val_loss=207.62458801 bad_epochs=0/8 epoch_time=00:00:45 eta=00:18:08
[a3_daily_fixed_multiscale_10d] epoch 037/060 val_loss=206.49496536 best_val_loss=206.49496536 bad_epochs=0/8 epoch_time=00:00:45 eta=00:17:22
[a3_daily_fixed_multiscale_10d] epoch 038/060 val_loss=205.58718872 best_val_loss=205.58718872 bad_epochs=0/8 epoch_time=00:00:45 eta=00:16:37
[a3_daily_fixed_multiscale_10d] epoch 039/060 val_loss=204.20813599 best_val_loss=204.20813599 bad_epochs=0/8 epoch_time=00:00:45 eta=00:15:52
[a3_daily_fixed_multiscale_10d] epoch 040/060 val_loss=201.56187363 best_val_loss=201.56187363 bad_epochs=0/8 epoch_time=00:00:46 eta=00:15:06
[a3_daily_fixed_multiscale_10d] epoch 041/060 val_loss=202.00745316 best_val_loss=201.56187363 bad_epochs=1/8 epoch_time=00:00:45 eta=00:14:21
[a3_daily_fixed_multiscale_10d] epoch 042/060 val_loss=202.44850235 best_val_loss=201.56187363 bad_epochs=2/8 epoch_time=00:00:46 eta=00:13:36
[a3_daily_fixed_multiscale_10d] epoch 043/060 val_loss=202.62677383 best_val_loss=201.56187363 bad_epochs=3/8 epoch_time=00:00:45 eta=00:12:51
[a3_daily_fixed_multiscale_10d] epoch 044/060 val_loss=199.43628845 best_val_loss=199.43628845 bad_epochs=0/8 epoch_time=00:00:45 eta=00:12:05
[a3_daily_fixed_multiscale_10d] epoch 045/060 val_loss=200.57230225 best_val_loss=199.43628845 bad_epochs=1/8 epoch_time=00:00:45 eta=00:11:20
[a3_daily_fixed_multiscale_10d] epoch 046/060 val_loss=197.34792709 best_val_loss=197.34792709 bad_epochs=0/8 epoch_time=00:00:46 eta=00:10:35
[a3_daily_fixed_multiscale_10d] epoch 047/060 val_loss=197.86602173 best_val_loss=197.34792709 bad_epochs=1/8 epoch_time=00:00:46 eta=00:09:49
[a3_daily_fixed_multiscale_10d] epoch 048/060 val_loss=198.06612854 best_val_loss=197.34792709 bad_epochs=2/8 epoch_time=00:00:45 eta=00:09:04
[a3_daily_fixed_multiscale_10d] epoch 049/060 val_loss=199.10036697 best_val_loss=197.34792709 bad_epochs=3/8 epoch_time=00:00:45 eta=00:08:19
[a3_daily_fixed_multiscale_10d] epoch 050/060 val_loss=195.58748703 best_val_loss=195.58748703 bad_epochs=0/8 epoch_time=00:00:45 eta=00:07:33
[a3_daily_fixed_multiscale_10d] epoch 051/060 val_loss=196.79720688 best_val_loss=195.58748703 bad_epochs=1/8 epoch_time=00:00:46 eta=00:06:48
[a3_daily_fixed_multiscale_10d] epoch 052/060 val_loss=198.14162750 best_val_loss=195.58748703 bad_epochs=2/8 epoch_time=00:00:45 eta=00:06:03
[a3_daily_fixed_multiscale_10d] epoch 053/060 val_loss=195.06608124 best_val_loss=195.06608124 bad_epochs=0/8 epoch_time=00:00:45 eta=00:05:17
[a3_daily_fixed_multiscale_10d] epoch 054/060 val_loss=194.96870117 best_val_loss=194.96870117 bad_epochs=0/8 epoch_time=00:00:45 eta=00:04:32
[a3_daily_fixed_multiscale_10d] epoch 055/060 val_loss=195.24575806 best_val_loss=194.96870117 bad_epochs=1/8 epoch_time=00:00:46 eta=00:03:47
[a3_daily_fixed_multiscale_10d] epoch 056/060 val_loss=193.54936600 best_val_loss=193.54936600 bad_epochs=0/8 epoch_time=00:00:45 eta=00:03:01
[a3_daily_fixed_multiscale_10d] epoch 057/060 val_loss=192.67387238 best_val_loss=192.67387238 bad_epochs=0/8 epoch_time=00:00:45 eta=00:02:16
[a3_daily_fixed_multiscale_10d] epoch 058/060 val_loss=193.59897461 best_val_loss=192.67387238 bad_epochs=1/8 epoch_time=00:00:45 eta=00:01:31
[a3_daily_fixed_multiscale_10d] epoch 059/060 val_loss=193.79856567 best_val_loss=192.67387238 bad_epochs=2/8 epoch_time=00:00:45 eta=00:00:45
[a3_daily_fixed_multiscale_10d] epoch 060/060 val_loss=196.93917160 best_val_loss=192.67387238 bad_epochs=3/8 epoch_time=00:00:45 eta=00:00:00
[a3] done freq=daily mode=fixed_multiscale horizon=10d test_mse=171.848221 test_corr=-0.0623 (overall elapsed 02:37:20)
[a3] === run 14/24: freq=daily mode=static_weight patches=[5, 10, 20, 30] horizon=10d ===
[a3_daily_static_weight_10d] epoch 001/060 val_loss=35920.29687500 best_val_loss=35920.29687500 bad_epochs=0/8 epoch_time=00:00:46 eta=00:44:47
[a3_daily_static_weight_10d] epoch 002/060 val_loss=5779.63349609 best_val_loss=5779.63349609 bad_epochs=0/8 epoch_time=00:00:45 eta=00:43:49
[a3_daily_static_weight_10d] epoch 003/060 val_loss=637.22573547 best_val_loss=637.22573547 bad_epochs=0/8 epoch_time=00:00:45 eta=00:42:51
[a3_daily_static_weight_10d] epoch 004/060 val_loss=71.78515015 best_val_loss=71.78515015 bad_epochs=0/8 epoch_time=00:00:45 eta=00:42:05
[a3_daily_static_weight_10d] epoch 005/060 val_loss=127.51004868 best_val_loss=71.78515015 bad_epochs=1/8 epoch_time=00:00:45 eta=00:41:17
[a3_daily_static_weight_10d] epoch 006/060 val_loss=222.60253754 best_val_loss=71.78515015 bad_epochs=2/8 epoch_time=00:00:46 eta=00:40:39
[a3_daily_static_weight_10d] epoch 007/060 val_loss=181.13738251 best_val_loss=71.78515015 bad_epochs=3/8 epoch_time=00:00:46 eta=00:40:02
[a3_daily_static_weight_10d] epoch 008/060 val_loss=123.13426437 best_val_loss=71.78515015 bad_epochs=4/8 epoch_time=00:00:45 eta=00:39:15
[a3_daily_static_weight_10d] epoch 009/060 val_loss=0.69589751 best_val_loss=0.69589751 bad_epochs=0/8 epoch_time=00:00:45 eta=00:38:27
[a3_daily_static_weight_10d] epoch 010/060 val_loss=126.73886719 best_val_loss=0.69589751 bad_epochs=1/8 epoch_time=00:00:45 eta=00:37:41
[a3_daily_static_weight_10d] epoch 011/060 val_loss=70.84163132 best_val_loss=0.69589751 bad_epochs=2/8 epoch_time=00:00:45 eta=00:36:54
[a3_daily_static_weight_10d] epoch 012/060 val_loss=183.13905945 best_val_loss=0.69589751 bad_epochs=3/8 epoch_time=00:00:45 eta=00:36:07
[a3_daily_static_weight_10d] epoch 013/060 val_loss=119.40590744 best_val_loss=0.69589751 bad_epochs=4/8 epoch_time=00:00:45 eta=00:35:23
[a3_daily_static_weight_10d] epoch 014/060 val_loss=0.66678926 best_val_loss=0.66678926 bad_epochs=0/8 epoch_time=00:00:46 eta=00:34:40
[a3_daily_static_weight_10d] epoch 015/060 val_loss=123.58364868 best_val_loss=0.66678926 bad_epochs=1/8 epoch_time=00:00:50 eta=00:34:08
[a3_daily_static_weight_10d] epoch 016/060 val_loss=68.73190994 best_val_loss=0.66678926 bad_epochs=2/8 epoch_time=00:00:47 eta=00:33:26
[a3_daily_static_weight_10d] epoch 017/060 val_loss=179.16158142 best_val_loss=0.66678926 bad_epochs=3/8 epoch_time=00:00:46 eta=00:32:41
[a3_daily_static_weight_10d] epoch 018/060 val_loss=63.99084129 best_val_loss=0.66678926 bad_epochs=4/8 epoch_time=00:00:46 eta=00:31:56
[a3_daily_static_weight_10d] epoch 019/060 val_loss=18.81436749 best_val_loss=0.66678926 bad_epochs=5/8 epoch_time=00:00:47 eta=00:31:12
[a3_daily_static_weight_10d] epoch 020/060 val_loss=152.21089172 best_val_loss=0.66678926 bad_epochs=6/8 epoch_time=00:00:46 eta=00:30:28
[a3_daily_static_weight_10d] epoch 021/060 val_loss=9.34762692 best_val_loss=0.66678926 bad_epochs=7/8 epoch_time=00:00:46 eta=00:29:43
[a3_daily_static_weight_10d] epoch 022/060 val_loss=78.60014725 best_val_loss=0.66678926 bad_epochs=8/8 epoch_time=00:00:45 eta=00:28:57
[a3_daily_static_weight_10d] early stopping at epoch 22
[a3] done freq=daily mode=static_weight horizon=10d test_mse=0.018195 test_corr=0.0453 (overall elapsed 02:54:22)
[a3] === run 15/24: freq=weekly mode=fixed_multiscale patches=[2, 4, 8, 12, 13, 14] horizon=10d ===
[a3_weekly_fixed_multiscale_10d] epoch 001/060 val_loss=549368.72500000 best_val_loss=549368.72500000 bad_epochs=0/8 epoch_time=00:00:18 eta=00:17:49
[a3_weekly_fixed_multiscale_10d] epoch 002/060 val_loss=352025.43437500 best_val_loss=352025.43437500 bad_epochs=0/8 epoch_time=00:00:17 eta=00:16:58
[a3_weekly_fixed_multiscale_10d] epoch 003/060 val_loss=235107.33437500 best_val_loss=235107.33437500 bad_epochs=0/8 epoch_time=00:00:17 eta=00:16:27
[a3_weekly_fixed_multiscale_10d] epoch 004/060 val_loss=171919.03750000 best_val_loss=171919.03750000 bad_epochs=0/8 epoch_time=00:00:17 eta=00:15:59
[a3_weekly_fixed_multiscale_10d] epoch 005/060 val_loss=91012.25625000 best_val_loss=91012.25625000 bad_epochs=0/8 epoch_time=00:00:17 eta=00:15:37
[a3_weekly_fixed_multiscale_10d] epoch 006/060 val_loss=29454.94101563 best_val_loss=29454.94101563 bad_epochs=0/8 epoch_time=00:00:17 eta=00:15:15
[a3_weekly_fixed_multiscale_10d] epoch 007/060 val_loss=8559.77324219 best_val_loss=8559.77324219 bad_epochs=0/8 epoch_time=00:00:16 eta=00:14:55
[a3_weekly_fixed_multiscale_10d] epoch 008/060 val_loss=2438.36970215 best_val_loss=2438.36970215 bad_epochs=0/8 epoch_time=00:00:17 eta=00:14:37
[a3_weekly_fixed_multiscale_10d] epoch 009/060 val_loss=398.04600220 best_val_loss=398.04600220 bad_epochs=0/8 epoch_time=00:00:17 eta=00:14:19
[a3_weekly_fixed_multiscale_10d] epoch 010/060 val_loss=484.33374634 best_val_loss=398.04600220 bad_epochs=1/8 epoch_time=00:00:17 eta=00:14:02
[a3_weekly_fixed_multiscale_10d] epoch 011/060 val_loss=656.63150024 best_val_loss=398.04600220 bad_epochs=2/8 epoch_time=00:00:17 eta=00:13:44
[a3_weekly_fixed_multiscale_10d] epoch 012/060 val_loss=894.98385010 best_val_loss=398.04600220 bad_epochs=3/8 epoch_time=00:00:17 eta=00:13:27
[a3_weekly_fixed_multiscale_10d] epoch 013/060 val_loss=585.41476440 best_val_loss=398.04600220 bad_epochs=4/8 epoch_time=00:00:17 eta=00:13:10
[a3_weekly_fixed_multiscale_10d] epoch 014/060 val_loss=156.64230652 best_val_loss=156.64230652 bad_epochs=0/8 epoch_time=00:00:17 eta=00:12:52
[a3_weekly_fixed_multiscale_10d] epoch 015/060 val_loss=316.48663330 best_val_loss=156.64230652 bad_epochs=1/8 epoch_time=00:00:17 eta=00:12:35
[a3_weekly_fixed_multiscale_10d] epoch 016/060 val_loss=472.52994385 best_val_loss=156.64230652 bad_epochs=2/8 epoch_time=00:00:17 eta=00:12:18
[a3_weekly_fixed_multiscale_10d] epoch 017/060 val_loss=633.53242187 best_val_loss=156.64230652 bad_epochs=3/8 epoch_time=00:00:17 eta=00:12:00
[a3_weekly_fixed_multiscale_10d] epoch 018/060 val_loss=860.59541016 best_val_loss=156.64230652 bad_epochs=4/8 epoch_time=00:00:17 eta=00:11:43
[a3_weekly_fixed_multiscale_10d] epoch 019/060 val_loss=570.39897461 best_val_loss=156.64230652 bad_epochs=5/8 epoch_time=00:00:17 eta=00:11:26
[a3_weekly_fixed_multiscale_10d] epoch 020/060 val_loss=149.52539673 best_val_loss=149.52539673 bad_epochs=0/8 epoch_time=00:00:16 eta=00:11:09
[a3_weekly_fixed_multiscale_10d] epoch 021/060 val_loss=304.60357971 best_val_loss=149.52539673 bad_epochs=1/8 epoch_time=00:00:17 eta=00:10:52
[a3_weekly_fixed_multiscale_10d] epoch 022/060 val_loss=461.27349243 best_val_loss=149.52539673 bad_epochs=2/8 epoch_time=00:00:17 eta=00:10:35
[a3_weekly_fixed_multiscale_10d] epoch 023/060 val_loss=623.87506714 best_val_loss=149.52539673 bad_epochs=3/8 epoch_time=00:00:17 eta=00:10:19
[a3_weekly_fixed_multiscale_10d] epoch 024/060 val_loss=838.75670166 best_val_loss=149.52539673 bad_epochs=4/8 epoch_time=00:00:16 eta=00:10:01
[a3_weekly_fixed_multiscale_10d] epoch 025/060 val_loss=562.30470581 best_val_loss=149.52539673 bad_epochs=5/8 epoch_time=00:00:16 eta=00:09:44
[a3_weekly_fixed_multiscale_10d] epoch 026/060 val_loss=143.93644867 best_val_loss=143.93644867 bad_epochs=0/8 epoch_time=00:00:16 eta=00:09:27
[a3_weekly_fixed_multiscale_10d] epoch 027/060 val_loss=298.34019165 best_val_loss=143.93644867 bad_epochs=1/8 epoch_time=00:00:17 eta=00:09:11
[a3_weekly_fixed_multiscale_10d] epoch 028/060 val_loss=463.14567261 best_val_loss=143.93644867 bad_epochs=2/8 epoch_time=00:00:17 eta=00:08:54
[a3_weekly_fixed_multiscale_10d] epoch 029/060 val_loss=625.21172485 best_val_loss=143.93644867 bad_epochs=3/8 epoch_time=00:00:17 eta=00:08:37
[a3_weekly_fixed_multiscale_10d] epoch 030/060 val_loss=833.84178467 best_val_loss=143.93644867 bad_epochs=4/8 epoch_time=00:00:16 eta=00:08:20
[a3_weekly_fixed_multiscale_10d] epoch 031/060 val_loss=561.71406860 best_val_loss=143.93644867 bad_epochs=5/8 epoch_time=00:00:17 eta=00:08:03
[a3_weekly_fixed_multiscale_10d] epoch 032/060 val_loss=140.49884338 best_val_loss=140.49884338 bad_epochs=0/8 epoch_time=00:00:17 eta=00:07:47
[a3_weekly_fixed_multiscale_10d] epoch 033/060 val_loss=294.29324341 best_val_loss=140.49884338 bad_epochs=1/8 epoch_time=00:00:17 eta=00:07:30
[a3_weekly_fixed_multiscale_10d] epoch 034/060 val_loss=461.14653931 best_val_loss=140.49884338 bad_epochs=2/8 epoch_time=00:00:17 eta=00:07:14
[a3_weekly_fixed_multiscale_10d] epoch 035/060 val_loss=621.39448242 best_val_loss=140.49884338 bad_epochs=3/8 epoch_time=00:00:17 eta=00:06:58
[a3_weekly_fixed_multiscale_10d] epoch 036/060 val_loss=828.86806641 best_val_loss=140.49884338 bad_epochs=4/8 epoch_time=00:00:17 eta=00:06:41
[a3_weekly_fixed_multiscale_10d] epoch 037/060 val_loss=563.34695435 best_val_loss=140.49884338 bad_epochs=5/8 epoch_time=00:00:17 eta=00:06:24
[a3_weekly_fixed_multiscale_10d] epoch 038/060 val_loss=135.10954590 best_val_loss=135.10954590 bad_epochs=0/8 epoch_time=00:00:17 eta=00:06:08
[a3_weekly_fixed_multiscale_10d] epoch 039/060 val_loss=287.01575317 best_val_loss=135.10954590 bad_epochs=1/8 epoch_time=00:00:17 eta=00:05:51
[a3_weekly_fixed_multiscale_10d] epoch 040/060 val_loss=458.93975830 best_val_loss=135.10954590 bad_epochs=2/8 epoch_time=00:00:17 eta=00:05:34
[a3_weekly_fixed_multiscale_10d] epoch 041/060 val_loss=620.30086670 best_val_loss=135.10954590 bad_epochs=3/8 epoch_time=00:00:17 eta=00:05:18
[a3_weekly_fixed_multiscale_10d] epoch 042/060 val_loss=812.96921387 best_val_loss=135.10954590 bad_epochs=4/8 epoch_time=00:00:16 eta=00:05:01
[a3_weekly_fixed_multiscale_10d] epoch 043/060 val_loss=560.82276611 best_val_loss=135.10954590 bad_epochs=5/8 epoch_time=00:00:17 eta=00:04:44
[a3_weekly_fixed_multiscale_10d] epoch 044/060 val_loss=133.15715485 best_val_loss=133.15715485 bad_epochs=0/8 epoch_time=00:00:17 eta=00:04:27
[a3_weekly_fixed_multiscale_10d] epoch 045/060 val_loss=284.27953491 best_val_loss=133.15715485 bad_epochs=1/8 epoch_time=00:00:17 eta=00:04:11
[a3_weekly_fixed_multiscale_10d] epoch 046/060 val_loss=459.41401978 best_val_loss=133.15715485 bad_epochs=2/8 epoch_time=00:00:17 eta=00:03:54
[a3_weekly_fixed_multiscale_10d] epoch 047/060 val_loss=617.25126343 best_val_loss=133.15715485 bad_epochs=3/8 epoch_time=00:00:17 eta=00:03:38
[a3_weekly_fixed_multiscale_10d] epoch 048/060 val_loss=802.21131592 best_val_loss=133.15715485 bad_epochs=4/8 epoch_time=00:00:17 eta=00:03:21
[a3_weekly_fixed_multiscale_10d] epoch 049/060 val_loss=106.27009583 best_val_loss=106.27009583 bad_epochs=0/8 epoch_time=00:00:17 eta=00:03:04
[a3_weekly_fixed_multiscale_10d] epoch 050/060 val_loss=15.61590900 best_val_loss=15.61590900 bad_epochs=0/8 epoch_time=00:00:18 eta=00:02:48
[a3_weekly_fixed_multiscale_10d] epoch 051/060 val_loss=473.92615967 best_val_loss=15.61590900 bad_epochs=1/8 epoch_time=00:00:17 eta=00:02:31
[a3_weekly_fixed_multiscale_10d] epoch 052/060 val_loss=111.46595154 best_val_loss=15.61590900 bad_epochs=2/8 epoch_time=00:00:17 eta=00:02:14
[a3_weekly_fixed_multiscale_10d] epoch 053/060 val_loss=268.26775513 best_val_loss=15.61590900 bad_epochs=3/8 epoch_time=00:00:18 eta=00:01:58
[a3_weekly_fixed_multiscale_10d] epoch 054/060 val_loss=159.00955200 best_val_loss=15.61590900 bad_epochs=4/8 epoch_time=00:00:17 eta=00:01:41
[a3_weekly_fixed_multiscale_10d] epoch 055/060 val_loss=66.42342300 best_val_loss=15.61590900 bad_epochs=5/8 epoch_time=00:00:17 eta=00:01:24
[a3_weekly_fixed_multiscale_10d] epoch 056/060 val_loss=46.84760666 best_val_loss=15.61590900 bad_epochs=6/8 epoch_time=00:00:17 eta=00:01:07
[a3_weekly_fixed_multiscale_10d] epoch 057/060 val_loss=433.02968140 best_val_loss=15.61590900 bad_epochs=7/8 epoch_time=00:00:17 eta=00:00:50
[a3_weekly_fixed_multiscale_10d] epoch 058/060 val_loss=155.77380371 best_val_loss=15.61590900 bad_epochs=8/8 epoch_time=00:00:17 eta=00:00:34
[a3_weekly_fixed_multiscale_10d] early stopping at epoch 58
[a3] done freq=weekly mode=fixed_multiscale horizon=10d test_mse=2.614184 test_corr=0.0717 (overall elapsed 03:10:44)
[a3] === run 16/24: freq=weekly mode=static_weight patches=[2, 4, 8, 12, 13, 14] horizon=10d ===
[a3_weekly_static_weight_10d] epoch 001/060 val_loss=12217.11025391 best_val_loss=12217.11025391 bad_epochs=0/8 epoch_time=00:00:17 eta=00:17:06
[a3_weekly_static_weight_10d] epoch 002/060 val_loss=2471.94538574 best_val_loss=2471.94538574 bad_epochs=0/8 epoch_time=00:00:17 eta=00:16:36
[a3_weekly_static_weight_10d] epoch 003/060 val_loss=436.16321411 best_val_loss=436.16321411 bad_epochs=0/8 epoch_time=00:00:16 eta=00:16:05
[a3_weekly_static_weight_10d] epoch 004/060 val_loss=771.05876465 best_val_loss=436.16321411 bad_epochs=1/8 epoch_time=00:00:17 eta=00:15:43
[a3_weekly_static_weight_10d] epoch 005/060 val_loss=1404.82565918 best_val_loss=436.16321411 bad_epochs=2/8 epoch_time=00:00:17 eta=00:15:23
[a3_weekly_static_weight_10d] epoch 006/060 val_loss=272.81661377 best_val_loss=272.81661377 bad_epochs=0/8 epoch_time=00:00:17 eta=00:15:05
[a3_weekly_static_weight_10d] epoch 007/060 val_loss=707.69302368 best_val_loss=272.81661377 bad_epochs=1/8 epoch_time=00:00:17 eta=00:14:52
[a3_weekly_static_weight_10d] epoch 008/060 val_loss=1308.59140625 best_val_loss=272.81661377 bad_epochs=2/8 epoch_time=00:00:17 eta=00:14:38
[a3_weekly_static_weight_10d] epoch 009/060 val_loss=254.71565552 best_val_loss=254.71565552 bad_epochs=0/8 epoch_time=00:00:17 eta=00:14:20
[a3_weekly_static_weight_10d] epoch 010/060 val_loss=663.41074219 best_val_loss=254.71565552 bad_epochs=1/8 epoch_time=00:00:17 eta=00:14:05
[a3_weekly_static_weight_10d] epoch 011/060 val_loss=1216.42089844 best_val_loss=254.71565552 bad_epochs=2/8 epoch_time=00:00:17 eta=00:13:46
[a3_weekly_static_weight_10d] epoch 012/060 val_loss=236.51763916 best_val_loss=236.51763916 bad_epochs=0/8 epoch_time=00:00:17 eta=00:13:30
[a3_weekly_static_weight_10d] epoch 013/060 val_loss=615.23670044 best_val_loss=236.51763916 bad_epochs=1/8 epoch_time=00:00:17 eta=00:13:12
[a3_weekly_static_weight_10d] epoch 014/060 val_loss=1129.03553467 best_val_loss=236.51763916 bad_epochs=2/8 epoch_time=00:00:17 eta=00:12:54
[a3_weekly_static_weight_10d] epoch 015/060 val_loss=213.10296326 best_val_loss=213.10296326 bad_epochs=0/8 epoch_time=00:00:17 eta=00:12:37
[a3_weekly_static_weight_10d] epoch 016/060 val_loss=544.86872559 best_val_loss=213.10296326 bad_epochs=1/8 epoch_time=00:00:17 eta=00:12:19
[a3_weekly_static_weight_10d] epoch 017/060 val_loss=995.48585205 best_val_loss=213.10296326 bad_epochs=2/8 epoch_time=00:00:17 eta=00:12:02
[a3_weekly_static_weight_10d] epoch 018/060 val_loss=195.90313110 best_val_loss=195.90313110 bad_epochs=0/8 epoch_time=00:00:17 eta=00:11:44
[a3_weekly_static_weight_10d] epoch 019/060 val_loss=473.92493286 best_val_loss=195.90313110 bad_epochs=1/8 epoch_time=00:00:16 eta=00:11:27
[a3_weekly_static_weight_10d] epoch 020/060 val_loss=926.11170654 best_val_loss=195.90313110 bad_epochs=2/8 epoch_time=00:00:16 eta=00:11:10
[a3_weekly_static_weight_10d] epoch 021/060 val_loss=176.78654480 best_val_loss=176.78654480 bad_epochs=0/8 epoch_time=00:00:16 eta=00:10:52
[a3_weekly_static_weight_10d] epoch 022/060 val_loss=468.93389893 best_val_loss=176.78654480 bad_epochs=1/8 epoch_time=00:00:17 eta=00:10:35
[a3_weekly_static_weight_10d] epoch 023/060 val_loss=870.22271729 best_val_loss=176.78654480 bad_epochs=2/8 epoch_time=00:00:17 eta=00:10:18
[a3_weekly_static_weight_10d] epoch 024/060 val_loss=169.04259338 best_val_loss=169.04259338 bad_epochs=0/8 epoch_time=00:00:16 eta=00:10:01
[a3_weekly_static_weight_10d] epoch 025/060 val_loss=457.55324097 best_val_loss=169.04259338 bad_epochs=1/8 epoch_time=00:00:16 eta=00:09:44
[a3_weekly_static_weight_10d] epoch 026/060 val_loss=860.20014648 best_val_loss=169.04259338 bad_epochs=2/8 epoch_time=00:00:16 eta=00:09:27
[a3_weekly_static_weight_10d] epoch 027/060 val_loss=177.89838867 best_val_loss=169.04259338 bad_epochs=3/8 epoch_time=00:00:16 eta=00:09:10
[a3_weekly_static_weight_10d] epoch 028/060 val_loss=471.66831665 best_val_loss=169.04259338 bad_epochs=4/8 epoch_time=00:00:16 eta=00:08:53
[a3_weekly_static_weight_10d] epoch 029/060 val_loss=826.81483154 best_val_loss=169.04259338 bad_epochs=5/8 epoch_time=00:00:16 eta=00:08:36
[a3_weekly_static_weight_10d] epoch 030/060 val_loss=163.33218689 best_val_loss=163.33218689 bad_epochs=0/8 epoch_time=00:00:16 eta=00:08:19
[a3_weekly_static_weight_10d] epoch 031/060 val_loss=449.29512939 best_val_loss=163.33218689 bad_epochs=1/8 epoch_time=00:00:16 eta=00:08:03
[a3_weekly_static_weight_10d] epoch 032/060 val_loss=874.18710937 best_val_loss=163.33218689 bad_epochs=2/8 epoch_time=00:00:17 eta=00:07:46
[a3_weekly_static_weight_10d] epoch 033/060 val_loss=174.63603821 best_val_loss=163.33218689 bad_epochs=3/8 epoch_time=00:00:17 eta=00:07:29
[a3_weekly_static_weight_10d] epoch 034/060 val_loss=488.97623901 best_val_loss=163.33218689 bad_epochs=4/8 epoch_time=00:00:16 eta=00:07:12
[a3_weekly_static_weight_10d] epoch 035/060 val_loss=915.93850098 best_val_loss=163.33218689 bad_epochs=5/8 epoch_time=00:00:16 eta=00:06:56
[a3_weekly_static_weight_10d] epoch 036/060 val_loss=174.60336609 best_val_loss=163.33218689 bad_epochs=6/8 epoch_time=00:00:17 eta=00:06:39
[a3_weekly_static_weight_10d] epoch 037/060 val_loss=466.33507690 best_val_loss=163.33218689 bad_epochs=7/8 epoch_time=00:00:16 eta=00:06:22
[a3_weekly_static_weight_10d] epoch 038/060 val_loss=956.49815674 best_val_loss=163.33218689 bad_epochs=8/8 epoch_time=00:00:16 eta=00:06:05
[a3_weekly_static_weight_10d] early stopping at epoch 38
[a3] done freq=weekly mode=static_weight horizon=10d test_mse=240.555908 test_corr=-0.0505 (overall elapsed 03:21:22)
[a3] === run 17/24: freq=hourly mode=fixed_multiscale patches=[2, 4, 8, 12] horizon=20d ===
[a3_hourly_fixed_multiscale_20d] epoch 001/060 val_loss=20052.75332031 best_val_loss=20052.75332031 bad_epochs=0/8 epoch_time=00:00:12 eta=00:11:52
[a3_hourly_fixed_multiscale_20d] epoch 002/060 val_loss=15143.94794922 best_val_loss=15143.94794922 bad_epochs=0/8 epoch_time=00:00:12 eta=00:11:38
[a3_hourly_fixed_multiscale_20d] epoch 003/060 val_loss=11365.13730469 best_val_loss=11365.13730469 bad_epochs=0/8 epoch_time=00:00:12 eta=00:11:27
[a3_hourly_fixed_multiscale_20d] epoch 004/060 val_loss=8472.46328125 best_val_loss=8472.46328125 bad_epochs=0/8 epoch_time=00:00:12 eta=00:11:15
[a3_hourly_fixed_multiscale_20d] epoch 005/060 val_loss=6917.17202148 best_val_loss=6917.17202148 bad_epochs=0/8 epoch_time=00:00:12 eta=00:11:03
[a3_hourly_fixed_multiscale_20d] epoch 006/060 val_loss=4891.38945312 best_val_loss=4891.38945312 bad_epochs=0/8 epoch_time=00:00:12 eta=00:10:51
[a3_hourly_fixed_multiscale_20d] epoch 007/060 val_loss=2828.56303711 best_val_loss=2828.56303711 bad_epochs=0/8 epoch_time=00:00:12 eta=00:10:39
[a3_hourly_fixed_multiscale_20d] epoch 008/060 val_loss=707.81696167 best_val_loss=707.81696167 bad_epochs=0/8 epoch_time=00:00:12 eta=00:10:28
[a3_hourly_fixed_multiscale_20d] epoch 009/060 val_loss=184.90320435 best_val_loss=184.90320435 bad_epochs=0/8 epoch_time=00:00:12 eta=00:10:15
[a3_hourly_fixed_multiscale_20d] epoch 010/060 val_loss=115.85714264 best_val_loss=115.85714264 bad_epochs=0/8 epoch_time=00:00:12 eta=00:10:03
[a3_hourly_fixed_multiscale_20d] epoch 011/060 val_loss=98.44121628 best_val_loss=98.44121628 bad_epochs=0/8 epoch_time=00:00:12 eta=00:09:50
[a3_hourly_fixed_multiscale_20d] epoch 012/060 val_loss=86.74954529 best_val_loss=86.74954529 bad_epochs=0/8 epoch_time=00:00:12 eta=00:09:39
[a3_hourly_fixed_multiscale_20d] epoch 013/060 val_loss=68.03107452 best_val_loss=68.03107452 bad_epochs=0/8 epoch_time=00:00:12 eta=00:09:26
[a3_hourly_fixed_multiscale_20d] epoch 014/060 val_loss=64.14658432 best_val_loss=64.14658432 bad_epochs=0/8 epoch_time=00:00:12 eta=00:09:15
[a3_hourly_fixed_multiscale_20d] epoch 015/060 val_loss=60.80258102 best_val_loss=60.80258102 bad_epochs=0/8 epoch_time=00:00:12 eta=00:09:02
[a3_hourly_fixed_multiscale_20d] epoch 016/060 val_loss=43.95478096 best_val_loss=43.95478096 bad_epochs=0/8 epoch_time=00:00:12 eta=00:08:50
[a3_hourly_fixed_multiscale_20d] epoch 017/060 val_loss=45.78039856 best_val_loss=43.95478096 bad_epochs=1/8 epoch_time=00:00:12 eta=00:08:38
[a3_hourly_fixed_multiscale_20d] epoch 018/060 val_loss=49.59868126 best_val_loss=43.95478096 bad_epochs=2/8 epoch_time=00:00:12 eta=00:08:26
[a3_hourly_fixed_multiscale_20d] epoch 019/060 val_loss=44.41380692 best_val_loss=43.95478096 bad_epochs=3/8 epoch_time=00:00:12 eta=00:08:14
[a3_hourly_fixed_multiscale_20d] epoch 020/060 val_loss=40.41892090 best_val_loss=40.41892090 bad_epochs=0/8 epoch_time=00:00:12 eta=00:08:02
[a3_hourly_fixed_multiscale_20d] epoch 021/060 val_loss=40.97356644 best_val_loss=40.41892090 bad_epochs=1/8 epoch_time=00:00:12 eta=00:07:50
[a3_hourly_fixed_multiscale_20d] epoch 022/060 val_loss=30.77917385 best_val_loss=30.77917385 bad_epochs=0/8 epoch_time=00:00:12 eta=00:07:38
[a3_hourly_fixed_multiscale_20d] epoch 023/060 val_loss=32.98171539 best_val_loss=30.77917385 bad_epochs=1/8 epoch_time=00:00:12 eta=00:07:25
[a3_hourly_fixed_multiscale_20d] epoch 024/060 val_loss=28.15417519 best_val_loss=28.15417519 bad_epochs=0/8 epoch_time=00:00:12 eta=00:07:13
[a3_hourly_fixed_multiscale_20d] epoch 025/060 val_loss=41.47480087 best_val_loss=28.15417519 bad_epochs=1/8 epoch_time=00:00:12 eta=00:07:01
[a3_hourly_fixed_multiscale_20d] epoch 026/060 val_loss=24.18868275 best_val_loss=24.18868275 bad_epochs=0/8 epoch_time=00:00:12 eta=00:06:49
[a3_hourly_fixed_multiscale_20d] epoch 027/060 val_loss=34.47152405 best_val_loss=24.18868275 bad_epochs=1/8 epoch_time=00:00:12 eta=00:06:37
[a3_hourly_fixed_multiscale_20d] epoch 028/060 val_loss=33.55887489 best_val_loss=24.18868275 bad_epochs=2/8 epoch_time=00:00:12 eta=00:06:25
[a3_hourly_fixed_multiscale_20d] epoch 029/060 val_loss=22.13233261 best_val_loss=22.13233261 bad_epochs=0/8 epoch_time=00:00:12 eta=00:06:13
[a3_hourly_fixed_multiscale_20d] epoch 030/060 val_loss=21.09458084 best_val_loss=21.09458084 bad_epochs=0/8 epoch_time=00:00:12 eta=00:06:01
[a3_hourly_fixed_multiscale_20d] epoch 031/060 val_loss=20.05856705 best_val_loss=20.05856705 bad_epochs=0/8 epoch_time=00:00:12 eta=00:05:49
[a3_hourly_fixed_multiscale_20d] epoch 032/060 val_loss=18.40785904 best_val_loss=18.40785904 bad_epochs=0/8 epoch_time=00:00:12 eta=00:05:37
[a3_hourly_fixed_multiscale_20d] epoch 033/060 val_loss=20.94235306 best_val_loss=18.40785904 bad_epochs=1/8 epoch_time=00:00:12 eta=00:05:25
[a3_hourly_fixed_multiscale_20d] epoch 034/060 val_loss=18.26172447 best_val_loss=18.26172447 bad_epochs=0/8 epoch_time=00:00:12 eta=00:05:13
[a3_hourly_fixed_multiscale_20d] epoch 035/060 val_loss=23.67888412 best_val_loss=18.26172447 bad_epochs=1/8 epoch_time=00:00:12 eta=00:05:01
[a3_hourly_fixed_multiscale_20d] epoch 036/060 val_loss=23.33911610 best_val_loss=18.26172447 bad_epochs=2/8 epoch_time=00:00:12 eta=00:04:49
[a3_hourly_fixed_multiscale_20d] epoch 037/060 val_loss=16.51013470 best_val_loss=16.51013470 bad_epochs=0/8 epoch_time=00:00:12 eta=00:04:37
[a3_hourly_fixed_multiscale_20d] epoch 038/060 val_loss=17.73390579 best_val_loss=16.51013470 bad_epochs=1/8 epoch_time=00:00:12 eta=00:04:25
[a3_hourly_fixed_multiscale_20d] epoch 039/060 val_loss=13.38161049 best_val_loss=13.38161049 bad_epochs=0/8 epoch_time=00:00:12 eta=00:04:12
[a3_hourly_fixed_multiscale_20d] epoch 040/060 val_loss=17.99292221 best_val_loss=13.38161049 bad_epochs=1/8 epoch_time=00:00:12 eta=00:04:00
[a3_hourly_fixed_multiscale_20d] epoch 041/060 val_loss=15.89378262 best_val_loss=13.38161049 bad_epochs=2/8 epoch_time=00:00:12 eta=00:03:48
[a3_hourly_fixed_multiscale_20d] epoch 042/060 val_loss=14.35787811 best_val_loss=13.38161049 bad_epochs=3/8 epoch_time=00:00:12 eta=00:03:36
[a3_hourly_fixed_multiscale_20d] epoch 043/060 val_loss=15.03528366 best_val_loss=13.38161049 bad_epochs=4/8 epoch_time=00:00:12 eta=00:03:24
[a3_hourly_fixed_multiscale_20d] epoch 044/060 val_loss=13.36853237 best_val_loss=13.36853237 bad_epochs=0/8 epoch_time=00:00:12 eta=00:03:12
[a3_hourly_fixed_multiscale_20d] epoch 045/060 val_loss=14.33580818 best_val_loss=13.36853237 bad_epochs=1/8 epoch_time=00:00:12 eta=00:03:00
[a3_hourly_fixed_multiscale_20d] epoch 046/060 val_loss=12.87815609 best_val_loss=12.87815609 bad_epochs=0/8 epoch_time=00:00:12 eta=00:02:48
[a3_hourly_fixed_multiscale_20d] epoch 047/060 val_loss=11.37400131 best_val_loss=11.37400131 bad_epochs=0/8 epoch_time=00:00:12 eta=00:02:36
[a3_hourly_fixed_multiscale_20d] epoch 048/060 val_loss=13.78012114 best_val_loss=11.37400131 bad_epochs=1/8 epoch_time=00:00:12 eta=00:02:24
[a3_hourly_fixed_multiscale_20d] epoch 049/060 val_loss=11.06898155 best_val_loss=11.06898155 bad_epochs=0/8 epoch_time=00:00:12 eta=00:02:12
[a3_hourly_fixed_multiscale_20d] epoch 050/060 val_loss=9.65004520 best_val_loss=9.65004520 bad_epochs=0/8 epoch_time=00:00:12 eta=00:02:00
[a3_hourly_fixed_multiscale_20d] epoch 051/060 val_loss=13.24603920 best_val_loss=9.65004520 bad_epochs=1/8 epoch_time=00:00:12 eta=00:01:48
[a3_hourly_fixed_multiscale_20d] epoch 052/060 val_loss=9.39052811 best_val_loss=9.39052811 bad_epochs=0/8 epoch_time=00:00:12 eta=00:01:36
[a3_hourly_fixed_multiscale_20d] epoch 053/060 val_loss=8.00928717 best_val_loss=8.00928717 bad_epochs=0/8 epoch_time=00:00:12 eta=00:01:24
[a3_hourly_fixed_multiscale_20d] epoch 054/060 val_loss=12.56962814 best_val_loss=8.00928717 bad_epochs=1/8 epoch_time=00:00:12 eta=00:01:12
[a3_hourly_fixed_multiscale_20d] epoch 055/060 val_loss=7.93968716 best_val_loss=7.93968716 bad_epochs=0/8 epoch_time=00:00:12 eta=00:01:00
[a3_hourly_fixed_multiscale_20d] epoch 056/060 val_loss=6.59071903 best_val_loss=6.59071903 bad_epochs=0/8 epoch_time=00:00:12 eta=00:00:48
[a3_hourly_fixed_multiscale_20d] epoch 057/060 val_loss=12.22980909 best_val_loss=6.59071903 bad_epochs=1/8 epoch_time=00:00:12 eta=00:00:36
[a3_hourly_fixed_multiscale_20d] epoch 058/060 val_loss=6.60628519 best_val_loss=6.59071903 bad_epochs=2/8 epoch_time=00:00:12 eta=00:00:24
[a3_hourly_fixed_multiscale_20d] epoch 059/060 val_loss=5.27609534 best_val_loss=5.27609534 bad_epochs=0/8 epoch_time=00:00:12 eta=00:00:12
[a3_hourly_fixed_multiscale_20d] epoch 060/060 val_loss=12.06854191 best_val_loss=5.27609534 bad_epochs=1/8 epoch_time=00:00:12 eta=00:00:00
[a3] done freq=hourly mode=fixed_multiscale horizon=20d test_mse=1.512180 test_corr=-0.0866 (overall elapsed 03:33:29)
[a3] === run 18/24: freq=hourly mode=static_weight patches=[2, 4, 8, 12] horizon=20d ===
[a3_hourly_static_weight_20d] epoch 001/060 val_loss=150.30039215 best_val_loss=150.30039215 bad_epochs=0/8 epoch_time=00:00:12 eta=00:11:49
[a3_hourly_static_weight_20d] epoch 002/060 val_loss=67.57427444 best_val_loss=67.57427444 bad_epochs=0/8 epoch_time=00:00:12 eta=00:11:39
[a3_hourly_static_weight_20d] epoch 003/060 val_loss=73.43424072 best_val_loss=67.57427444 bad_epochs=1/8 epoch_time=00:00:12 eta=00:11:25
[a3_hourly_static_weight_20d] epoch 004/060 val_loss=78.62636337 best_val_loss=67.57427444 bad_epochs=2/8 epoch_time=00:00:12 eta=00:11:12
[a3_hourly_static_weight_20d] epoch 005/060 val_loss=87.80292816 best_val_loss=67.57427444 bad_epochs=3/8 epoch_time=00:00:12 eta=00:11:01
[a3_hourly_static_weight_20d] epoch 006/060 val_loss=52.40305176 best_val_loss=52.40305176 bad_epochs=0/8 epoch_time=00:00:12 eta=00:10:48
[a3_hourly_static_weight_20d] epoch 007/060 val_loss=72.61861420 best_val_loss=52.40305176 bad_epochs=1/8 epoch_time=00:00:12 eta=00:10:36
[a3_hourly_static_weight_20d] epoch 008/060 val_loss=82.11018524 best_val_loss=52.40305176 bad_epochs=2/8 epoch_time=00:00:12 eta=00:10:25
[a3_hourly_static_weight_20d] epoch 009/060 val_loss=66.87604828 best_val_loss=52.40305176 bad_epochs=3/8 epoch_time=00:00:12 eta=00:10:13
[a3_hourly_static_weight_20d] epoch 010/060 val_loss=42.94277306 best_val_loss=42.94277306 bad_epochs=0/8 epoch_time=00:00:12 eta=00:10:02
[a3_hourly_static_weight_20d] epoch 011/060 val_loss=67.41081467 best_val_loss=42.94277306 bad_epochs=1/8 epoch_time=00:00:12 eta=00:09:50
[a3_hourly_static_weight_20d] epoch 012/060 val_loss=52.48777237 best_val_loss=42.94277306 bad_epochs=2/8 epoch_time=00:00:12 eta=00:09:37
[a3_hourly_static_weight_20d] epoch 013/060 val_loss=64.41972885 best_val_loss=42.94277306 bad_epochs=3/8 epoch_time=00:00:12 eta=00:09:25
[a3_hourly_static_weight_20d] epoch 014/060 val_loss=73.12905197 best_val_loss=42.94277306 bad_epochs=4/8 epoch_time=00:00:12 eta=00:09:13
[a3_hourly_static_weight_20d] epoch 015/060 val_loss=33.02713337 best_val_loss=33.02713337 bad_epochs=0/8 epoch_time=00:00:12 eta=00:09:01
[a3_hourly_static_weight_20d] epoch 016/060 val_loss=75.60783691 best_val_loss=33.02713337 bad_epochs=1/8 epoch_time=00:00:12 eta=00:08:49
[a3_hourly_static_weight_20d] epoch 017/060 val_loss=52.82122307 best_val_loss=33.02713337 bad_epochs=2/8 epoch_time=00:00:12 eta=00:08:37
[a3_hourly_static_weight_20d] epoch 018/060 val_loss=23.77094326 best_val_loss=23.77094326 bad_epochs=0/8 epoch_time=00:00:12 eta=00:08:25
[a3_hourly_static_weight_20d] epoch 019/060 val_loss=63.95830765 best_val_loss=23.77094326 bad_epochs=1/8 epoch_time=00:00:12 eta=00:08:13
[a3_hourly_static_weight_20d] epoch 020/060 val_loss=40.85374184 best_val_loss=23.77094326 bad_epochs=2/8 epoch_time=00:00:12 eta=00:08:01
[a3_hourly_static_weight_20d] epoch 021/060 val_loss=22.51942482 best_val_loss=22.51942482 bad_epochs=0/8 epoch_time=00:00:12 eta=00:07:49
[a3_hourly_static_weight_20d] epoch 022/060 val_loss=62.30837936 best_val_loss=22.51942482 bad_epochs=1/8 epoch_time=00:00:12 eta=00:07:37
[a3_hourly_static_weight_20d] epoch 023/060 val_loss=44.31040764 best_val_loss=22.51942482 bad_epochs=2/8 epoch_time=00:00:12 eta=00:07:25
[a3_hourly_static_weight_20d] epoch 024/060 val_loss=24.19324684 best_val_loss=22.51942482 bad_epochs=3/8 epoch_time=00:00:12 eta=00:07:13
[a3_hourly_static_weight_20d] epoch 025/060 val_loss=79.93450470 best_val_loss=22.51942482 bad_epochs=4/8 epoch_time=00:00:12 eta=00:07:00
[a3_hourly_static_weight_20d] epoch 026/060 val_loss=56.21592369 best_val_loss=22.51942482 bad_epochs=5/8 epoch_time=00:00:12 eta=00:06:48
[a3_hourly_static_weight_20d] epoch 027/060 val_loss=36.67639732 best_val_loss=22.51942482 bad_epochs=6/8 epoch_time=00:00:12 eta=00:06:36
[a3_hourly_static_weight_20d] epoch 028/060 val_loss=44.54999771 best_val_loss=22.51942482 bad_epochs=7/8 epoch_time=00:00:12 eta=00:06:24
[a3_hourly_static_weight_20d] epoch 029/060 val_loss=42.23181496 best_val_loss=22.51942482 bad_epochs=8/8 epoch_time=00:00:12 eta=00:06:12
[a3_hourly_static_weight_20d] early stopping at epoch 29
[a3] done freq=hourly mode=static_weight horizon=20d test_mse=35.771179 test_corr=0.1313 (overall elapsed 03:39:22)
[a3] === run 19/24: freq=halfday mode=fixed_multiscale patches=[2, 4, 8, 10, 12] horizon=20d ===
[a3_halfday_fixed_multiscale_20d] epoch 001/060 val_loss=161.38758545 best_val_loss=161.38758545 bad_epochs=0/8 epoch_time=00:00:11 eta=00:11:00
[a3_halfday_fixed_multiscale_20d] epoch 002/060 val_loss=49.08878250 best_val_loss=49.08878250 bad_epochs=0/8 epoch_time=00:00:11 eta=00:10:45
[a3_halfday_fixed_multiscale_20d] epoch 003/060 val_loss=41.51666069 best_val_loss=41.51666069 bad_epochs=0/8 epoch_time=00:00:11 eta=00:10:33
[a3_halfday_fixed_multiscale_20d] epoch 004/060 val_loss=35.75377007 best_val_loss=35.75377007 bad_epochs=0/8 epoch_time=00:00:11 eta=00:10:21
[a3_halfday_fixed_multiscale_20d] epoch 005/060 val_loss=134.92772522 best_val_loss=35.75377007 bad_epochs=1/8 epoch_time=00:00:11 eta=00:10:11
[a3_halfday_fixed_multiscale_20d] epoch 006/060 val_loss=40.02165375 best_val_loss=35.75377007 bad_epochs=2/8 epoch_time=00:00:11 eta=00:09:59
[a3_halfday_fixed_multiscale_20d] epoch 007/060 val_loss=38.33448906 best_val_loss=35.75377007 bad_epochs=3/8 epoch_time=00:00:11 eta=00:09:47
[a3_halfday_fixed_multiscale_20d] epoch 008/060 val_loss=34.12701569 best_val_loss=34.12701569 bad_epochs=0/8 epoch_time=00:00:11 eta=00:09:36
[a3_halfday_fixed_multiscale_20d] epoch 009/060 val_loss=36.28208084 best_val_loss=34.12701569 bad_epochs=1/8 epoch_time=00:00:11 eta=00:09:24
[a3_halfday_fixed_multiscale_20d] epoch 010/060 val_loss=28.99387531 best_val_loss=28.99387531 bad_epochs=0/8 epoch_time=00:00:11 eta=00:09:13
[a3_halfday_fixed_multiscale_20d] epoch 011/060 val_loss=48.09955750 best_val_loss=28.99387531 bad_epochs=1/8 epoch_time=00:00:11 eta=00:09:02
[a3_halfday_fixed_multiscale_20d] epoch 012/060 val_loss=102.08957062 best_val_loss=28.99387531 bad_epochs=2/8 epoch_time=00:00:11 eta=00:08:51
[a3_halfday_fixed_multiscale_20d] epoch 013/060 val_loss=28.05784817 best_val_loss=28.05784817 bad_epochs=0/8 epoch_time=00:00:11 eta=00:08:40
[a3_halfday_fixed_multiscale_20d] epoch 014/060 val_loss=105.18388214 best_val_loss=28.05784817 bad_epochs=1/8 epoch_time=00:00:11 eta=00:08:29
[a3_halfday_fixed_multiscale_20d] epoch 015/060 val_loss=22.76288967 best_val_loss=22.76288967 bad_epochs=0/8 epoch_time=00:00:11 eta=00:08:18
[a3_halfday_fixed_multiscale_20d] epoch 016/060 val_loss=36.73356323 best_val_loss=22.76288967 bad_epochs=1/8 epoch_time=00:00:11 eta=00:08:07
[a3_halfday_fixed_multiscale_20d] epoch 017/060 val_loss=29.01088657 best_val_loss=22.76288967 bad_epochs=2/8 epoch_time=00:00:11 eta=00:07:56
[a3_halfday_fixed_multiscale_20d] epoch 018/060 val_loss=43.40801659 best_val_loss=22.76288967 bad_epochs=3/8 epoch_time=00:00:11 eta=00:07:45
[a3_halfday_fixed_multiscale_20d] epoch 019/060 val_loss=29.49066429 best_val_loss=22.76288967 bad_epochs=4/8 epoch_time=00:00:11 eta=00:07:34
[a3_halfday_fixed_multiscale_20d] epoch 020/060 val_loss=45.77011566 best_val_loss=22.76288967 bad_epochs=5/8 epoch_time=00:00:11 eta=00:07:23
[a3_halfday_fixed_multiscale_20d] epoch 021/060 val_loss=25.04573746 best_val_loss=22.76288967 bad_epochs=6/8 epoch_time=00:00:11 eta=00:07:11
[a3_halfday_fixed_multiscale_20d] epoch 022/060 val_loss=20.54636459 best_val_loss=20.54636459 bad_epochs=0/8 epoch_time=00:00:11 eta=00:07:00
[a3_halfday_fixed_multiscale_20d] epoch 023/060 val_loss=41.76815376 best_val_loss=20.54636459 bad_epochs=1/8 epoch_time=00:00:11 eta=00:06:49
[a3_halfday_fixed_multiscale_20d] epoch 024/060 val_loss=20.30910854 best_val_loss=20.30910854 bad_epochs=0/8 epoch_time=00:00:11 eta=00:06:38
[a3_halfday_fixed_multiscale_20d] epoch 025/060 val_loss=69.97695007 best_val_loss=20.30910854 bad_epochs=1/8 epoch_time=00:00:11 eta=00:06:27
[a3_halfday_fixed_multiscale_20d] epoch 026/060 val_loss=17.96512203 best_val_loss=17.96512203 bad_epochs=0/8 epoch_time=00:00:11 eta=00:06:16
[a3_halfday_fixed_multiscale_20d] epoch 027/060 val_loss=83.68307190 best_val_loss=17.96512203 bad_epochs=1/8 epoch_time=00:00:11 eta=00:06:05
[a3_halfday_fixed_multiscale_20d] epoch 028/060 val_loss=33.71041832 best_val_loss=17.96512203 bad_epochs=2/8 epoch_time=00:00:11 eta=00:05:54
[a3_halfday_fixed_multiscale_20d] epoch 029/060 val_loss=88.39972839 best_val_loss=17.96512203 bad_epochs=3/8 epoch_time=00:00:11 eta=00:05:42
[a3_halfday_fixed_multiscale_20d] epoch 030/060 val_loss=25.72785378 best_val_loss=17.96512203 bad_epochs=4/8 epoch_time=00:00:11 eta=00:05:31
[a3_halfday_fixed_multiscale_20d] epoch 031/060 val_loss=92.43475266 best_val_loss=17.96512203 bad_epochs=5/8 epoch_time=00:00:11 eta=00:05:20
[a3_halfday_fixed_multiscale_20d] epoch 032/060 val_loss=14.79389133 best_val_loss=14.79389133 bad_epochs=0/8 epoch_time=00:00:11 eta=00:05:09
[a3_halfday_fixed_multiscale_20d] epoch 033/060 val_loss=26.48683662 best_val_loss=14.79389133 bad_epochs=1/8 epoch_time=00:00:11 eta=00:04:58
[a3_halfday_fixed_multiscale_20d] epoch 034/060 val_loss=17.54409428 best_val_loss=14.79389133 bad_epochs=2/8 epoch_time=00:00:11 eta=00:04:47
[a3_halfday_fixed_multiscale_20d] epoch 035/060 val_loss=43.57470436 best_val_loss=14.79389133 bad_epochs=3/8 epoch_time=00:00:11 eta=00:04:36
[a3_halfday_fixed_multiscale_20d] epoch 036/060 val_loss=18.66029968 best_val_loss=14.79389133 bad_epochs=4/8 epoch_time=00:00:11 eta=00:04:25
[a3_halfday_fixed_multiscale_20d] epoch 037/060 val_loss=21.62484398 best_val_loss=14.79389133 bad_epochs=5/8 epoch_time=00:00:11 eta=00:04:14
[a3_halfday_fixed_multiscale_20d] epoch 038/060 val_loss=18.88503590 best_val_loss=14.79389133 bad_epochs=6/8 epoch_time=00:00:11 eta=00:04:03
[a3_halfday_fixed_multiscale_20d] epoch 039/060 val_loss=13.98932590 best_val_loss=13.98932590 bad_epochs=0/8 epoch_time=00:00:11 eta=00:03:52
[a3_halfday_fixed_multiscale_20d] epoch 040/060 val_loss=34.18897095 best_val_loss=13.98932590 bad_epochs=1/8 epoch_time=00:00:11 eta=00:03:41
[a3_halfday_fixed_multiscale_20d] epoch 041/060 val_loss=13.35056028 best_val_loss=13.35056028 bad_epochs=0/8 epoch_time=00:00:11 eta=00:03:30
[a3_halfday_fixed_multiscale_20d] epoch 042/060 val_loss=73.62797699 best_val_loss=13.35056028 bad_epochs=1/8 epoch_time=00:00:11 eta=00:03:19
[a3_halfday_fixed_multiscale_20d] epoch 043/060 val_loss=26.00189095 best_val_loss=13.35056028 bad_epochs=2/8 epoch_time=00:00:11 eta=00:03:08
[a3_halfday_fixed_multiscale_20d] epoch 044/060 val_loss=80.59234619 best_val_loss=13.35056028 bad_epochs=3/8 epoch_time=00:00:11 eta=00:02:57
[a3_halfday_fixed_multiscale_20d] epoch 045/060 val_loss=12.12147188 best_val_loss=12.12147188 bad_epochs=0/8 epoch_time=00:00:11 eta=00:02:46
[a3_halfday_fixed_multiscale_20d] epoch 046/060 val_loss=47.08704910 best_val_loss=12.12147188 bad_epochs=1/8 epoch_time=00:00:11 eta=00:02:35
[a3_halfday_fixed_multiscale_20d] epoch 047/060 val_loss=12.52778950 best_val_loss=12.12147188 bad_epochs=2/8 epoch_time=00:00:11 eta=00:02:24
[a3_halfday_fixed_multiscale_20d] epoch 048/060 val_loss=22.58534889 best_val_loss=12.12147188 bad_epochs=3/8 epoch_time=00:00:11 eta=00:02:13
[a3_halfday_fixed_multiscale_20d] epoch 049/060 val_loss=12.85351887 best_val_loss=12.12147188 bad_epochs=4/8 epoch_time=00:00:11 eta=00:02:01
[a3_halfday_fixed_multiscale_20d] epoch 050/060 val_loss=13.51630449 best_val_loss=12.12147188 bad_epochs=5/8 epoch_time=00:00:11 eta=00:01:50
[a3_halfday_fixed_multiscale_20d] epoch 051/060 val_loss=27.46755219 best_val_loss=12.12147188 bad_epochs=6/8 epoch_time=00:00:11 eta=00:01:39
[a3_halfday_fixed_multiscale_20d] epoch 052/060 val_loss=8.08321857 best_val_loss=8.08321857 bad_epochs=0/8 epoch_time=00:00:11 eta=00:01:28
[a3_halfday_fixed_multiscale_20d] epoch 053/060 val_loss=65.76930771 best_val_loss=8.08321857 bad_epochs=1/8 epoch_time=00:00:11 eta=00:01:17
[a3_halfday_fixed_multiscale_20d] epoch 054/060 val_loss=20.59216290 best_val_loss=8.08321857 bad_epochs=2/8 epoch_time=00:00:11 eta=00:01:06
[a3_halfday_fixed_multiscale_20d] epoch 055/060 val_loss=74.45449982 best_val_loss=8.08321857 bad_epochs=3/8 epoch_time=00:00:11 eta=00:00:55
[a3_halfday_fixed_multiscale_20d] epoch 056/060 val_loss=28.50907707 best_val_loss=8.08321857 bad_epochs=4/8 epoch_time=00:00:11 eta=00:00:44
[a3_halfday_fixed_multiscale_20d] epoch 057/060 val_loss=77.94580078 best_val_loss=8.08321857 bad_epochs=5/8 epoch_time=00:00:11 eta=00:00:33
[a3_halfday_fixed_multiscale_20d] epoch 058/060 val_loss=12.08115025 best_val_loss=8.08321857 bad_epochs=6/8 epoch_time=00:00:11 eta=00:00:22
[a3_halfday_fixed_multiscale_20d] epoch 059/060 val_loss=13.01170826 best_val_loss=8.08321857 bad_epochs=7/8 epoch_time=00:00:11 eta=00:00:11
[a3_halfday_fixed_multiscale_20d] epoch 060/060 val_loss=5.13277524 best_val_loss=5.13277524 bad_epochs=0/8 epoch_time=00:00:11 eta=00:00:00
[a3] done freq=halfday mode=fixed_multiscale horizon=20d test_mse=1.351766 test_corr=-0.0441 (overall elapsed 03:50:29)
[a3] === run 20/24: freq=halfday mode=static_weight patches=[2, 4, 8, 10, 12] horizon=20d ===
[a3_halfday_static_weight_20d] epoch 001/060 val_loss=1925.97114258 best_val_loss=1925.97114258 bad_epochs=0/8 epoch_time=00:00:11 eta=00:10:56
[a3_halfday_static_weight_20d] epoch 002/060 val_loss=363.52731323 best_val_loss=363.52731323 bad_epochs=0/8 epoch_time=00:00:11 eta=00:10:45
[a3_halfday_static_weight_20d] epoch 003/060 val_loss=133.20638123 best_val_loss=133.20638123 bad_epochs=0/8 epoch_time=00:00:11 eta=00:10:31
[a3_halfday_static_weight_20d] epoch 004/060 val_loss=84.33400345 best_val_loss=84.33400345 bad_epochs=0/8 epoch_time=00:00:11 eta=00:10:20
[a3_halfday_static_weight_20d] epoch 005/060 val_loss=96.76419449 best_val_loss=84.33400345 bad_epochs=1/8 epoch_time=00:00:11 eta=00:10:09
[a3_halfday_static_weight_20d] epoch 006/060 val_loss=75.17338486 best_val_loss=75.17338486 bad_epochs=0/8 epoch_time=00:00:11 eta=00:09:58
[a3_halfday_static_weight_20d] epoch 007/060 val_loss=65.05535126 best_val_loss=65.05535126 bad_epochs=0/8 epoch_time=00:00:11 eta=00:09:47
[a3_halfday_static_weight_20d] epoch 008/060 val_loss=79.83351974 best_val_loss=65.05535126 bad_epochs=1/8 epoch_time=00:00:11 eta=00:09:37
[a3_halfday_static_weight_20d] epoch 009/060 val_loss=73.02449951 best_val_loss=65.05535126 bad_epochs=2/8 epoch_time=00:00:11 eta=00:09:26
[a3_halfday_static_weight_20d] epoch 010/060 val_loss=64.51865082 best_val_loss=64.51865082 bad_epochs=0/8 epoch_time=00:00:11 eta=00:09:15
[a3_halfday_static_weight_20d] epoch 011/060 val_loss=102.22140198 best_val_loss=64.51865082 bad_epochs=1/8 epoch_time=00:00:11 eta=00:09:03
[a3_halfday_static_weight_20d] epoch 012/060 val_loss=55.88519592 best_val_loss=55.88519592 bad_epochs=0/8 epoch_time=00:00:11 eta=00:08:52
[a3_halfday_static_weight_20d] epoch 013/060 val_loss=51.96393814 best_val_loss=51.96393814 bad_epochs=0/8 epoch_time=00:00:11 eta=00:08:41
[a3_halfday_static_weight_20d] epoch 014/060 val_loss=149.89197083 best_val_loss=51.96393814 bad_epochs=1/8 epoch_time=00:00:11 eta=00:08:30
[a3_halfday_static_weight_20d] epoch 015/060 val_loss=59.66050301 best_val_loss=51.96393814 bad_epochs=2/8 epoch_time=00:00:11 eta=00:08:19
[a3_halfday_static_weight_20d] epoch 016/060 val_loss=54.74666214 best_val_loss=51.96393814 bad_epochs=3/8 epoch_time=00:00:11 eta=00:08:08
[a3_halfday_static_weight_20d] epoch 017/060 val_loss=156.44973907 best_val_loss=51.96393814 bad_epochs=4/8 epoch_time=00:00:11 eta=00:07:56
[a3_halfday_static_weight_20d] epoch 018/060 val_loss=117.28129425 best_val_loss=51.96393814 bad_epochs=5/8 epoch_time=00:00:11 eta=00:07:45
[a3_halfday_static_weight_20d] epoch 019/060 val_loss=82.77211304 best_val_loss=51.96393814 bad_epochs=6/8 epoch_time=00:00:11 eta=00:07:34
[a3_halfday_static_weight_20d] epoch 020/060 val_loss=41.00359955 best_val_loss=41.00359955 bad_epochs=0/8 epoch_time=00:00:11 eta=00:07:23
[a3_halfday_static_weight_20d] epoch 021/060 val_loss=174.19376526 best_val_loss=41.00359955 bad_epochs=1/8 epoch_time=00:00:11 eta=00:07:12
[a3_halfday_static_weight_20d] epoch 022/060 val_loss=108.82012024 best_val_loss=41.00359955 bad_epochs=2/8 epoch_time=00:00:11 eta=00:07:01
[a3_halfday_static_weight_20d] epoch 023/060 val_loss=48.37438850 best_val_loss=41.00359955 bad_epochs=3/8 epoch_time=00:00:11 eta=00:06:50
[a3_halfday_static_weight_20d] epoch 024/060 val_loss=75.81439743 best_val_loss=41.00359955 bad_epochs=4/8 epoch_time=00:00:11 eta=00:06:39
[a3_halfday_static_weight_20d] epoch 025/060 val_loss=36.07868996 best_val_loss=36.07868996 bad_epochs=0/8 epoch_time=00:00:11 eta=00:06:28
[a3_halfday_static_weight_20d] epoch 026/060 val_loss=40.46412163 best_val_loss=36.07868996 bad_epochs=1/8 epoch_time=00:00:11 eta=00:06:17
[a3_halfday_static_weight_20d] epoch 027/060 val_loss=54.12645035 best_val_loss=36.07868996 bad_epochs=2/8 epoch_time=00:00:11 eta=00:06:06
[a3_halfday_static_weight_20d] epoch 028/060 val_loss=39.41838074 best_val_loss=36.07868996 bad_epochs=3/8 epoch_time=00:00:11 eta=00:05:55
[a3_halfday_static_weight_20d] epoch 029/060 val_loss=34.77847404 best_val_loss=34.77847404 bad_epochs=0/8 epoch_time=00:00:11 eta=00:05:43
[a3_halfday_static_weight_20d] epoch 030/060 val_loss=53.55746765 best_val_loss=34.77847404 bad_epochs=1/8 epoch_time=00:00:11 eta=00:05:32
[a3_halfday_static_weight_20d] epoch 031/060 val_loss=79.11789169 best_val_loss=34.77847404 bad_epochs=2/8 epoch_time=00:00:11 eta=00:05:21
[a3_halfday_static_weight_20d] epoch 032/060 val_loss=44.30777893 best_val_loss=34.77847404 bad_epochs=3/8 epoch_time=00:00:11 eta=00:05:10
[a3_halfday_static_weight_20d] epoch 033/060 val_loss=34.27377472 best_val_loss=34.27377472 bad_epochs=0/8 epoch_time=00:00:11 eta=00:04:59
[a3_halfday_static_weight_20d] epoch 034/060 val_loss=68.77088699 best_val_loss=34.27377472 bad_epochs=1/8 epoch_time=00:00:11 eta=00:04:48
[a3_halfday_static_weight_20d] epoch 035/060 val_loss=60.76793442 best_val_loss=34.27377472 bad_epochs=2/8 epoch_time=00:00:11 eta=00:04:37
[a3_halfday_static_weight_20d] epoch 036/060 val_loss=30.96024361 best_val_loss=30.96024361 bad_epochs=0/8 epoch_time=00:00:11 eta=00:04:26
[a3_halfday_static_weight_20d] epoch 037/060 val_loss=128.71091003 best_val_loss=30.96024361 bad_epochs=1/8 epoch_time=00:00:11 eta=00:04:15
[a3_halfday_static_weight_20d] epoch 038/060 val_loss=70.80130081 best_val_loss=30.96024361 bad_epochs=2/8 epoch_time=00:00:11 eta=00:04:04
[a3_halfday_static_weight_20d] epoch 039/060 val_loss=31.57091293 best_val_loss=30.96024361 bad_epochs=3/8 epoch_time=00:00:11 eta=00:03:53
[a3_halfday_static_weight_20d] epoch 040/060 val_loss=34.90547943 best_val_loss=30.96024361 bad_epochs=4/8 epoch_time=00:00:11 eta=00:03:42
[a3_halfday_static_weight_20d] epoch 041/060 val_loss=84.36372223 best_val_loss=30.96024361 bad_epochs=5/8 epoch_time=00:00:12 eta=00:03:31
[a3_halfday_static_weight_20d] epoch 042/060 val_loss=57.49096985 best_val_loss=30.96024361 bad_epochs=6/8 epoch_time=00:00:11 eta=00:03:20
[a3_halfday_static_weight_20d] epoch 043/060 val_loss=21.02958546 best_val_loss=21.02958546 bad_epochs=0/8 epoch_time=00:00:11 eta=00:03:09
[a3_halfday_static_weight_20d] epoch 044/060 val_loss=21.47648468 best_val_loss=21.02958546 bad_epochs=1/8 epoch_time=00:00:11 eta=00:02:58
[a3_halfday_static_weight_20d] epoch 045/060 val_loss=69.30461807 best_val_loss=21.02958546 bad_epochs=2/8 epoch_time=00:00:11 eta=00:02:47
[a3_halfday_static_weight_20d] epoch 046/060 val_loss=15.27970009 best_val_loss=15.27970009 bad_epochs=0/8 epoch_time=00:00:11 eta=00:02:36
[a3_halfday_static_weight_20d] epoch 047/060 val_loss=41.36402779 best_val_loss=15.27970009 bad_epochs=1/8 epoch_time=00:00:11 eta=00:02:25
[a3_halfday_static_weight_20d] epoch 048/060 val_loss=21.86197491 best_val_loss=15.27970009 bad_epochs=2/8 epoch_time=00:00:12 eta=00:02:14
[a3_halfday_static_weight_20d] epoch 049/060 val_loss=57.67079010 best_val_loss=15.27970009 bad_epochs=3/8 epoch_time=00:00:11 eta=00:02:03
[a3_halfday_static_weight_20d] epoch 050/060 val_loss=20.33615646 best_val_loss=15.27970009 bad_epochs=4/8 epoch_time=00:00:12 eta=00:01:52
[a3_halfday_static_weight_20d] epoch 051/060 val_loss=21.56657505 best_val_loss=15.27970009 bad_epochs=5/8 epoch_time=00:00:12 eta=00:01:41
[a3_halfday_static_weight_20d] epoch 052/060 val_loss=68.13731384 best_val_loss=15.27970009 bad_epochs=6/8 epoch_time=00:00:11 eta=00:01:29
[a3_halfday_static_weight_20d] epoch 053/060 val_loss=15.08519402 best_val_loss=15.08519402 bad_epochs=0/8 epoch_time=00:00:11 eta=00:01:18
[a3_halfday_static_weight_20d] epoch 054/060 val_loss=39.23180618 best_val_loss=15.08519402 bad_epochs=1/8 epoch_time=00:00:11 eta=00:01:07
[a3_halfday_static_weight_20d] epoch 055/060 val_loss=21.01799908 best_val_loss=15.08519402 bad_epochs=2/8 epoch_time=00:00:11 eta=00:00:56
[a3_halfday_static_weight_20d] epoch 056/060 val_loss=56.13820343 best_val_loss=15.08519402 bad_epochs=3/8 epoch_time=00:00:11 eta=00:00:45
[a3_halfday_static_weight_20d] epoch 057/060 val_loss=19.29909668 best_val_loss=15.08519402 bad_epochs=4/8 epoch_time=00:00:11 eta=00:00:34
[a3_halfday_static_weight_20d] epoch 058/060 val_loss=20.05847244 best_val_loss=15.08519402 bad_epochs=5/8 epoch_time=00:00:11 eta=00:00:22
[a3_halfday_static_weight_20d] epoch 059/060 val_loss=65.76330948 best_val_loss=15.08519402 bad_epochs=6/8 epoch_time=00:00:11 eta=00:00:11
[a3_halfday_static_weight_20d] epoch 060/060 val_loss=14.33637705 best_val_loss=14.33637705 bad_epochs=0/8 epoch_time=00:00:11 eta=00:00:00
[a3] done freq=halfday mode=static_weight horizon=20d test_mse=10.136529 test_corr=-0.1593 (overall elapsed 04:01:45)
[a3] === run 21/24: freq=daily mode=fixed_multiscale patches=[5, 10, 20, 30] horizon=20d ===
[a3_daily_fixed_multiscale_20d] epoch 001/060 val_loss=461869.56875000 best_val_loss=461869.56875000 bad_epochs=0/8 epoch_time=00:00:45 eta=00:43:55
[a3_daily_fixed_multiscale_20d] epoch 002/060 val_loss=363103.93125000 best_val_loss=363103.93125000 bad_epochs=0/8 epoch_time=00:00:44 eta=00:43:06
[a3_daily_fixed_multiscale_20d] epoch 003/060 val_loss=321005.73750000 best_val_loss=321005.73750000 bad_epochs=0/8 epoch_time=00:00:45 eta=00:42:21
[a3_daily_fixed_multiscale_20d] epoch 004/060 val_loss=289116.15000000 best_val_loss=289116.15000000 bad_epochs=0/8 epoch_time=00:00:45 eta=00:41:36
[a3_daily_fixed_multiscale_20d] epoch 005/060 val_loss=279827.87968750 best_val_loss=279827.87968750 bad_epochs=0/8 epoch_time=00:00:45 eta=00:40:53
[a3_daily_fixed_multiscale_20d] epoch 006/060 val_loss=252526.10468750 best_val_loss=252526.10468750 bad_epochs=0/8 epoch_time=00:00:44 eta=00:40:07
[a3_daily_fixed_multiscale_20d] epoch 007/060 val_loss=234909.05859375 best_val_loss=234909.05859375 bad_epochs=0/8 epoch_time=00:00:45 eta=00:39:23
[a3_daily_fixed_multiscale_20d] epoch 008/060 val_loss=214707.68593750 best_val_loss=214707.68593750 bad_epochs=0/8 epoch_time=00:00:45 eta=00:38:39
[a3_daily_fixed_multiscale_20d] epoch 009/060 val_loss=206637.26250000 best_val_loss=206637.26250000 bad_epochs=0/8 epoch_time=00:00:45 eta=00:37:55
[a3_daily_fixed_multiscale_20d] epoch 010/060 val_loss=184845.47500000 best_val_loss=184845.47500000 bad_epochs=0/8 epoch_time=00:00:45 eta=00:37:11
[a3_daily_fixed_multiscale_20d] epoch 011/060 val_loss=179005.43515625 best_val_loss=179005.43515625 bad_epochs=0/8 epoch_time=00:00:44 eta=00:36:25
[a3_daily_fixed_multiscale_20d] epoch 012/060 val_loss=153352.89531250 best_val_loss=153352.89531250 bad_epochs=0/8 epoch_time=00:00:45 eta=00:35:41
[a3_daily_fixed_multiscale_20d] epoch 013/060 val_loss=123309.32968750 best_val_loss=123309.32968750 bad_epochs=0/8 epoch_time=00:00:44 eta=00:34:56
[a3_daily_fixed_multiscale_20d] epoch 014/060 val_loss=101437.85976563 best_val_loss=101437.85976563 bad_epochs=0/8 epoch_time=00:00:44 eta=00:34:10
[a3_daily_fixed_multiscale_20d] epoch 015/060 val_loss=67718.19296875 best_val_loss=67718.19296875 bad_epochs=0/8 epoch_time=00:00:45 eta=00:33:26
[a3_daily_fixed_multiscale_20d] epoch 016/060 val_loss=37936.74492187 best_val_loss=37936.74492187 bad_epochs=0/8 epoch_time=00:00:45 eta=00:32:41
[a3_daily_fixed_multiscale_20d] epoch 017/060 val_loss=5491.00383301 best_val_loss=5491.00383301 bad_epochs=0/8 epoch_time=00:00:45 eta=00:31:58
[a3_daily_fixed_multiscale_20d] epoch 018/060 val_loss=826.43648071 best_val_loss=826.43648071 bad_epochs=0/8 epoch_time=00:00:45 eta=00:31:13
[a3_daily_fixed_multiscale_20d] epoch 019/060 val_loss=397.00728912 best_val_loss=397.00728912 bad_epochs=0/8 epoch_time=00:00:45 eta=00:30:28
[a3_daily_fixed_multiscale_20d] epoch 020/060 val_loss=348.69931488 best_val_loss=348.69931488 bad_epochs=0/8 epoch_time=00:00:44 eta=00:29:44
[a3_daily_fixed_multiscale_20d] epoch 021/060 val_loss=80.49054680 best_val_loss=80.49054680 bad_epochs=0/8 epoch_time=00:00:45 eta=00:28:59
[a3_daily_fixed_multiscale_20d] epoch 022/060 val_loss=68.91754837 best_val_loss=68.91754837 bad_epochs=0/8 epoch_time=00:00:44 eta=00:28:14
[a3_daily_fixed_multiscale_20d] epoch 023/060 val_loss=648.95251770 best_val_loss=68.91754837 bad_epochs=1/8 epoch_time=00:00:44 eta=00:27:29
[a3_daily_fixed_multiscale_20d] epoch 024/060 val_loss=267.08614807 best_val_loss=68.91754837 bad_epochs=2/8 epoch_time=00:00:45 eta=00:26:45
[a3_daily_fixed_multiscale_20d] epoch 025/060 val_loss=337.04728088 best_val_loss=68.91754837 bad_epochs=3/8 epoch_time=00:00:45 eta=00:26:00
[a3_daily_fixed_multiscale_20d] epoch 026/060 val_loss=89.73129959 best_val_loss=68.91754837 bad_epochs=4/8 epoch_time=00:00:44 eta=00:25:15
[a3_daily_fixed_multiscale_20d] epoch 027/060 val_loss=149.64760895 best_val_loss=68.91754837 bad_epochs=5/8 epoch_time=00:00:44 eta=00:24:31
[a3_daily_fixed_multiscale_20d] epoch 028/060 val_loss=183.35872040 best_val_loss=68.91754837 bad_epochs=6/8 epoch_time=00:00:45 eta=00:23:46
[a3_daily_fixed_multiscale_20d] epoch 029/060 val_loss=50.45394669 best_val_loss=50.45394669 bad_epochs=0/8 epoch_time=00:00:44 eta=00:23:01
[a3_daily_fixed_multiscale_20d] epoch 030/060 val_loss=36.62811775 best_val_loss=36.62811775 bad_epochs=0/8 epoch_time=00:00:44 eta=00:22:17
[a3_daily_fixed_multiscale_20d] epoch 031/060 val_loss=221.48903885 best_val_loss=36.62811775 bad_epochs=1/8 epoch_time=00:00:44 eta=00:21:32
[a3_daily_fixed_multiscale_20d] epoch 032/060 val_loss=38.63113384 best_val_loss=36.62811775 bad_epochs=2/8 epoch_time=00:00:45 eta=00:20:48
[a3_daily_fixed_multiscale_20d] epoch 033/060 val_loss=231.30252228 best_val_loss=36.62811775 bad_epochs=3/8 epoch_time=00:00:45 eta=00:20:03
[a3_daily_fixed_multiscale_20d] epoch 034/060 val_loss=205.88948517 best_val_loss=36.62811775 bad_epochs=4/8 epoch_time=00:00:45 eta=00:19:19
[a3_daily_fixed_multiscale_20d] epoch 035/060 val_loss=77.63018169 best_val_loss=36.62811775 bad_epochs=5/8 epoch_time=00:00:45 eta=00:18:34
[a3_daily_fixed_multiscale_20d] epoch 036/060 val_loss=129.47225876 best_val_loss=36.62811775 bad_epochs=6/8 epoch_time=00:00:45 eta=00:17:50
[a3_daily_fixed_multiscale_20d] epoch 037/060 val_loss=99.33118057 best_val_loss=36.62811775 bad_epochs=7/8 epoch_time=00:00:45 eta=00:17:05
[a3_daily_fixed_multiscale_20d] epoch 038/060 val_loss=44.33814259 best_val_loss=36.62811775 bad_epochs=8/8 epoch_time=00:00:45 eta=00:16:21
[a3_daily_fixed_multiscale_20d] early stopping at epoch 38
[a3] done freq=daily mode=fixed_multiscale horizon=20d test_mse=37.602432 test_corr=-0.0709 (overall elapsed 04:30:16)
[a3] === run 22/24: freq=daily mode=static_weight patches=[5, 10, 20, 30] horizon=20d ===
[a3_daily_static_weight_20d] epoch 001/060 val_loss=158469.72968750 best_val_loss=158469.72968750 bad_epochs=0/8 epoch_time=00:00:45 eta=00:44:01
[a3_daily_static_weight_20d] epoch 002/060 val_loss=121301.49375000 best_val_loss=121301.49375000 bad_epochs=0/8 epoch_time=00:00:45 eta=00:43:15
[a3_daily_static_weight_20d] epoch 003/060 val_loss=98957.67343750 best_val_loss=98957.67343750 bad_epochs=0/8 epoch_time=00:00:45 eta=00:42:26
[a3_daily_static_weight_20d] epoch 004/060 val_loss=77278.86835938 best_val_loss=77278.86835938 bad_epochs=0/8 epoch_time=00:00:44 eta=00:41:38
[a3_daily_static_weight_20d] epoch 005/060 val_loss=57387.69609375 best_val_loss=57387.69609375 bad_epochs=0/8 epoch_time=00:00:45 eta=00:40:53
[a3_daily_static_weight_20d] epoch 006/060 val_loss=33487.67421875 best_val_loss=33487.67421875 bad_epochs=0/8 epoch_time=00:00:44 eta=00:40:07
[a3_daily_static_weight_20d] epoch 007/060 val_loss=6764.74741211 best_val_loss=6764.74741211 bad_epochs=0/8 epoch_time=00:00:45 eta=00:39:22
[a3_daily_static_weight_20d] epoch 008/060 val_loss=1092.71824951 best_val_loss=1092.71824951 bad_epochs=0/8 epoch_time=00:00:45 eta=00:38:37
[a3_daily_static_weight_20d] epoch 009/060 val_loss=579.40196838 best_val_loss=579.40196838 bad_epochs=0/8 epoch_time=00:00:45 eta=00:37:53
[a3_daily_static_weight_20d] epoch 010/060 val_loss=526.35457153 best_val_loss=526.35457153 bad_epochs=0/8 epoch_time=00:00:45 eta=00:37:09
[a3_daily_static_weight_20d] epoch 011/060 val_loss=152.39067307 best_val_loss=152.39067307 bad_epochs=0/8 epoch_time=00:00:45 eta=00:36:25
[a3_daily_static_weight_20d] epoch 012/060 val_loss=173.15169067 best_val_loss=152.39067307 bad_epochs=1/8 epoch_time=00:00:45 eta=00:35:41
[a3_daily_static_weight_20d] epoch 013/060 val_loss=140.66471405 best_val_loss=140.66471405 bad_epochs=0/8 epoch_time=00:00:45 eta=00:34:57
[a3_daily_static_weight_20d] epoch 014/060 val_loss=163.88640213 best_val_loss=140.66471405 bad_epochs=1/8 epoch_time=00:00:45 eta=00:34:13
[a3_daily_static_weight_20d] epoch 015/060 val_loss=135.17259369 best_val_loss=135.17259369 bad_epochs=0/8 epoch_time=00:00:46 eta=00:33:31
[a3_daily_static_weight_20d] epoch 016/060 val_loss=30.89820728 best_val_loss=30.89820728 bad_epochs=0/8 epoch_time=00:00:46 eta=00:32:49
[a3_daily_static_weight_20d] epoch 017/060 val_loss=117.07670593 best_val_loss=30.89820728 bad_epochs=1/8 epoch_time=00:00:46 eta=00:32:06
[a3_daily_static_weight_20d] epoch 018/060 val_loss=161.17091980 best_val_loss=30.89820728 bad_epochs=2/8 epoch_time=00:00:46 eta=00:31:24
[a3_daily_static_weight_20d] epoch 019/060 val_loss=138.50997772 best_val_loss=30.89820728 bad_epochs=3/8 epoch_time=00:00:46 eta=00:30:41
[a3_daily_static_weight_20d] epoch 020/060 val_loss=80.96407318 best_val_loss=30.89820728 bad_epochs=4/8 epoch_time=00:00:45 eta=00:29:57
[a3_daily_static_weight_20d] epoch 021/060 val_loss=162.84054642 best_val_loss=30.89820728 bad_epochs=5/8 epoch_time=00:00:46 eta=00:29:13
[a3_daily_static_weight_20d] epoch 022/060 val_loss=138.06377182 best_val_loss=30.89820728 bad_epochs=6/8 epoch_time=00:00:46 eta=00:28:30
[a3_daily_static_weight_20d] epoch 023/060 val_loss=77.00639038 best_val_loss=30.89820728 bad_epochs=7/8 epoch_time=00:00:46 eta=00:27:47
[a3_daily_static_weight_20d] epoch 024/060 val_loss=161.79954987 best_val_loss=30.89820728 bad_epochs=8/8 epoch_time=00:00:46 eta=00:27:04
[a3_daily_static_weight_20d] early stopping at epoch 24
[a3] done freq=daily mode=static_weight horizon=20d test_mse=8.364321 test_corr=0.0130 (overall elapsed 04:48:38)
[a3] === run 23/24: freq=weekly mode=fixed_multiscale patches=[2, 4, 8, 12, 13, 14] horizon=20d ===
[a3_weekly_fixed_multiscale_20d] epoch 001/060 val_loss=184072.46562500 best_val_loss=184072.46562500 bad_epochs=0/8 epoch_time=00:00:17 eta=00:16:42
[a3_weekly_fixed_multiscale_20d] epoch 002/060 val_loss=83796.42187500 best_val_loss=83796.42187500 bad_epochs=0/8 epoch_time=00:00:17 eta=00:16:18
[a3_weekly_fixed_multiscale_20d] epoch 003/060 val_loss=11869.05136719 best_val_loss=11869.05136719 bad_epochs=0/8 epoch_time=00:00:17 eta=00:16:04
[a3_weekly_fixed_multiscale_20d] epoch 004/060 val_loss=2328.28708496 best_val_loss=2328.28708496 bad_epochs=0/8 epoch_time=00:00:17 eta=00:15:47
[a3_weekly_fixed_multiscale_20d] epoch 005/060 val_loss=373.41380615 best_val_loss=373.41380615 bad_epochs=0/8 epoch_time=00:00:17 eta=00:15:28
[a3_weekly_fixed_multiscale_20d] epoch 006/060 val_loss=746.76297607 best_val_loss=373.41380615 bad_epochs=1/8 epoch_time=00:00:17 eta=00:15:11
[a3_weekly_fixed_multiscale_20d] epoch 007/060 val_loss=520.76218872 best_val_loss=373.41380615 bad_epochs=2/8 epoch_time=00:00:17 eta=00:14:53
[a3_weekly_fixed_multiscale_20d] epoch 008/060 val_loss=715.98797607 best_val_loss=373.41380615 bad_epochs=3/8 epoch_time=00:00:17 eta=00:14:37
[a3_weekly_fixed_multiscale_20d] epoch 009/060 val_loss=515.35246582 best_val_loss=373.41380615 bad_epochs=4/8 epoch_time=00:00:17 eta=00:14:20
[a3_weekly_fixed_multiscale_20d] epoch 010/060 val_loss=709.55273438 best_val_loss=373.41380615 bad_epochs=5/8 epoch_time=00:00:17 eta=00:14:03
[a3_weekly_fixed_multiscale_20d] epoch 011/060 val_loss=512.82230225 best_val_loss=373.41380615 bad_epochs=6/8 epoch_time=00:00:17 eta=00:13:47
[a3_weekly_fixed_multiscale_20d] epoch 012/060 val_loss=710.09804688 best_val_loss=373.41380615 bad_epochs=7/8 epoch_time=00:00:17 eta=00:13:31
[a3_weekly_fixed_multiscale_20d] epoch 013/060 val_loss=509.10730591 best_val_loss=373.41380615 bad_epochs=8/8 epoch_time=00:00:17 eta=00:13:14
[a3_weekly_fixed_multiscale_20d] early stopping at epoch 13
[a3] done freq=weekly mode=fixed_multiscale horizon=20d test_mse=2918.484375 test_corr=0.0201 (overall elapsed 04:52:25)
[a3] === run 24/24: freq=weekly mode=static_weight patches=[2, 4, 8, 12, 13, 14] horizon=20d ===
[a3_weekly_static_weight_20d] epoch 001/060 val_loss=1355794.62500000 best_val_loss=1355794.62500000 bad_epochs=0/8 epoch_time=00:00:17 eta=00:16:33
[a3_weekly_static_weight_20d] epoch 002/060 val_loss=968729.67500000 best_val_loss=968729.67500000 bad_epochs=0/8 epoch_time=00:00:17 eta=00:16:08
[a3_weekly_static_weight_20d] epoch 003/060 val_loss=641028.33125000 best_val_loss=641028.33125000 bad_epochs=0/8 epoch_time=00:00:17 eta=00:15:49
[a3_weekly_static_weight_20d] epoch 004/060 val_loss=590071.61875000 best_val_loss=590071.61875000 bad_epochs=0/8 epoch_time=00:00:17 eta=00:15:31
[a3_weekly_static_weight_20d] epoch 005/060 val_loss=509870.71250000 best_val_loss=509870.71250000 bad_epochs=0/8 epoch_time=00:00:17 eta=00:15:13
[a3_weekly_static_weight_20d] epoch 006/060 val_loss=419476.68750000 best_val_loss=419476.68750000 bad_epochs=0/8 epoch_time=00:00:17 eta=00:14:57
[a3_weekly_static_weight_20d] epoch 007/060 val_loss=357771.40625000 best_val_loss=357771.40625000 bad_epochs=0/8 epoch_time=00:00:17 eta=00:14:40
[a3_weekly_static_weight_20d] epoch 008/060 val_loss=314012.62812500 best_val_loss=314012.62812500 bad_epochs=0/8 epoch_time=00:00:17 eta=00:14:25
[a3_weekly_static_weight_20d] epoch 009/060 val_loss=271144.58750000 best_val_loss=271144.58750000 bad_epochs=0/8 epoch_time=00:00:17 eta=00:14:08
[a3_weekly_static_weight_20d] epoch 010/060 val_loss=219162.28750000 best_val_loss=219162.28750000 bad_epochs=0/8 epoch_time=00:00:17 eta=00:13:52
[a3_weekly_static_weight_20d] epoch 011/060 val_loss=163058.07031250 best_val_loss=163058.07031250 bad_epochs=0/8 epoch_time=00:00:16 eta=00:13:34
[a3_weekly_static_weight_20d] epoch 012/060 val_loss=94514.51640625 best_val_loss=94514.51640625 bad_epochs=0/8 epoch_time=00:00:17 eta=00:13:17
[a3_weekly_static_weight_20d] epoch 013/060 val_loss=35323.03242188 best_val_loss=35323.03242188 bad_epochs=0/8 epoch_time=00:00:17 eta=00:13:01
[a3_weekly_static_weight_20d] epoch 014/060 val_loss=9946.12021484 best_val_loss=9946.12021484 bad_epochs=0/8 epoch_time=00:00:17 eta=00:12:44
[a3_weekly_static_weight_20d] epoch 015/060 val_loss=92.67360077 best_val_loss=92.67360077 bad_epochs=0/8 epoch_time=00:00:17 eta=00:12:27
[a3_weekly_static_weight_20d] epoch 016/060 val_loss=244.00748596 best_val_loss=92.67360077 bad_epochs=1/8 epoch_time=00:00:17 eta=00:12:12
[a3_weekly_static_weight_20d] epoch 017/060 val_loss=361.59941711 best_val_loss=92.67360077 bad_epochs=2/8 epoch_time=00:00:17 eta=00:11:55
[a3_weekly_static_weight_20d] epoch 018/060 val_loss=247.16940308 best_val_loss=92.67360077 bad_epochs=3/8 epoch_time=00:00:17 eta=00:11:38
[a3_weekly_static_weight_20d] epoch 019/060 val_loss=77.61372986 best_val_loss=77.61372986 bad_epochs=0/8 epoch_time=00:00:17 eta=00:11:22
[a3_weekly_static_weight_20d] epoch 020/060 val_loss=455.06115112 best_val_loss=77.61372986 bad_epochs=1/8 epoch_time=00:00:17 eta=00:11:05
[a3_weekly_static_weight_20d] epoch 021/060 val_loss=339.48872986 best_val_loss=77.61372986 bad_epochs=2/8 epoch_time=00:00:17 eta=00:10:49
[a3_weekly_static_weight_20d] epoch 022/060 val_loss=25.18682809 best_val_loss=25.18682809 bad_epochs=0/8 epoch_time=00:00:17 eta=00:10:33
[a3_weekly_static_weight_20d] epoch 023/060 val_loss=191.49104309 best_val_loss=25.18682809 bad_epochs=1/8 epoch_time=00:00:17 eta=00:10:16
[a3_weekly_static_weight_20d] epoch 024/060 val_loss=324.84309082 best_val_loss=25.18682809 bad_epochs=2/8 epoch_time=00:00:17 eta=00:09:59
[a3_weekly_static_weight_20d] epoch 025/060 val_loss=227.16280518 best_val_loss=25.18682809 bad_epochs=3/8 epoch_time=00:00:17 eta=00:09:42
[a3_weekly_static_weight_20d] epoch 026/060 val_loss=62.84710083 best_val_loss=25.18682809 bad_epochs=4/8 epoch_time=00:00:17 eta=00:09:26
[a3_weekly_static_weight_20d] epoch 027/060 val_loss=421.40911865 best_val_loss=25.18682809 bad_epochs=5/8 epoch_time=00:00:17 eta=00:09:09
[a3_weekly_static_weight_20d] epoch 028/060 val_loss=302.74463806 best_val_loss=25.18682809 bad_epochs=6/8 epoch_time=00:00:17 eta=00:08:52
[a3_weekly_static_weight_20d] epoch 029/060 val_loss=26.21394558 best_val_loss=25.18682809 bad_epochs=7/8 epoch_time=00:00:17 eta=00:08:36
[a3_weekly_static_weight_20d] epoch 030/060 val_loss=170.55479279 best_val_loss=25.18682809 bad_epochs=8/8 epoch_time=00:00:17 eta=00:08:19
[a3_weekly_static_weight_20d] early stopping at epoch 30
[a3] done freq=weekly mode=static_weight horizon=20d test_mse=34.515598 test_corr=0.0176 (overall elapsed 05:00:51)
[a3] ALL DONE. Results at /Users/maxiyao/Desktop/金融工程项目/pathformer/experiments/expA_fslr_fullfreq/output/a3_fixed_vs_static_weight_results.csv
