[a4] 24 total runs (freq x horizon x mode)
[a4] === run 1/24: freq=hourly mode=static_weight patches=[2, 4, 8, 12] horizon=5d ===
[a4_hourly_static_weight_5d] epoch 001/060 val_loss=19691.80097656 best_val_loss=19691.80097656 bad_epochs=0/8 epoch_time=00:00:13 eta=00:12:47
[a4_hourly_static_weight_5d] epoch 002/060 val_loss=13039.41923828 best_val_loss=13039.41923828 bad_epochs=0/8 epoch_time=00:00:13 eta=00:12:22
[a4_hourly_static_weight_5d] epoch 003/060 val_loss=9182.69707031 best_val_loss=9182.69707031 bad_epochs=0/8 epoch_time=00:00:13 eta=00:12:04
[a4_hourly_static_weight_5d] epoch 004/060 val_loss=5777.43618164 best_val_loss=5777.43618164 bad_epochs=0/8 epoch_time=00:00:12 eta=00:11:48
[a4_hourly_static_weight_5d] epoch 005/060 val_loss=3170.08630371 best_val_loss=3170.08630371 bad_epochs=0/8 epoch_time=00:00:13 eta=00:11:37
[a4_hourly_static_weight_5d] epoch 006/060 val_loss=883.29823608 best_val_loss=883.29823608 bad_epochs=0/8 epoch_time=00:00:13 eta=00:11:24
[a4_hourly_static_weight_5d] epoch 007/060 val_loss=221.98041382 best_val_loss=221.98041382 bad_epochs=0/8 epoch_time=00:00:13 eta=00:11:10
[a4_hourly_static_weight_5d] epoch 008/060 val_loss=82.56100922 best_val_loss=82.56100922 bad_epochs=0/8 epoch_time=00:00:13 eta=00:10:57
[a4_hourly_static_weight_5d] epoch 009/060 val_loss=76.21023712 best_val_loss=76.21023712 bad_epochs=0/8 epoch_time=00:00:13 eta=00:10:45
[a4_hourly_static_weight_5d] epoch 010/060 val_loss=70.66930237 best_val_loss=70.66930237 bad_epochs=0/8 epoch_time=00:00:13 eta=00:10:32
[a4_hourly_static_weight_5d] epoch 011/060 val_loss=66.06968918 best_val_loss=66.06968918 bad_epochs=0/8 epoch_time=00:00:13 eta=00:10:20
[a4_hourly_static_weight_5d] epoch 012/060 val_loss=61.22472534 best_val_loss=61.22472534 bad_epochs=0/8 epoch_time=00:00:13 eta=00:10:07
[a4_hourly_static_weight_5d] epoch 013/060 val_loss=56.36486740 best_val_loss=56.36486740 bad_epochs=0/8 epoch_time=00:00:13 eta=00:09:54
[a4_hourly_static_weight_5d] epoch 014/060 val_loss=52.51980934 best_val_loss=52.51980934 bad_epochs=0/8 epoch_time=00:00:13 eta=00:09:42
[a4_hourly_static_weight_5d] epoch 015/060 val_loss=48.92046013 best_val_loss=48.92046013 bad_epochs=0/8 epoch_time=00:00:13 eta=00:09:29
[a4_hourly_static_weight_5d] epoch 016/060 val_loss=46.24146690 best_val_loss=46.24146690 bad_epochs=0/8 epoch_time=00:00:13 eta=00:09:17
[a4_hourly_static_weight_5d] epoch 017/060 val_loss=43.81992035 best_val_loss=43.81992035 bad_epochs=0/8 epoch_time=00:00:13 eta=00:09:04
[a4_hourly_static_weight_5d] epoch 018/060 val_loss=41.59728355 best_val_loss=41.59728355 bad_epochs=0/8 epoch_time=00:00:13 eta=00:08:52
[a4_hourly_static_weight_5d] epoch 019/060 val_loss=39.92669868 best_val_loss=39.92669868 bad_epochs=0/8 epoch_time=00:00:13 eta=00:08:39
[a4_hourly_static_weight_5d] epoch 020/060 val_loss=38.55762825 best_val_loss=38.55762825 bad_epochs=0/8 epoch_time=00:00:13 eta=00:08:27
[a4_hourly_static_weight_5d] epoch 021/060 val_loss=37.89834709 best_val_loss=37.89834709 bad_epochs=0/8 epoch_time=00:00:13 eta=00:08:14
[a4_hourly_static_weight_5d] epoch 022/060 val_loss=36.48215523 best_val_loss=36.48215523 bad_epochs=0/8 epoch_time=00:00:13 eta=00:08:02
[a4_hourly_static_weight_5d] epoch 023/060 val_loss=8.52476645 best_val_loss=8.52476645 bad_epochs=0/8 epoch_time=00:00:13 eta=00:07:49
[a4_hourly_static_weight_5d] epoch 024/060 val_loss=4.53796892 best_val_loss=4.53796892 bad_epochs=0/8 epoch_time=00:00:13 eta=00:07:36
[a4_hourly_static_weight_5d] epoch 025/060 val_loss=3.81338058 best_val_loss=3.81338058 bad_epochs=0/8 epoch_time=00:00:13 eta=00:07:24
[a4_hourly_static_weight_5d] epoch 026/060 val_loss=3.16779771 best_val_loss=3.16779771 bad_epochs=0/8 epoch_time=00:00:13 eta=00:07:12
[a4_hourly_static_weight_5d] epoch 027/060 val_loss=2.77869461 best_val_loss=2.77869461 bad_epochs=0/8 epoch_time=00:00:13 eta=00:06:59
[a4_hourly_static_weight_5d] epoch 028/060 val_loss=2.44999197 best_val_loss=2.44999197 bad_epochs=0/8 epoch_time=00:00:13 eta=00:06:46
[a4_hourly_static_weight_5d] epoch 029/060 val_loss=2.20563022 best_val_loss=2.20563022 bad_epochs=0/8 epoch_time=00:00:13 eta=00:06:33
[a4_hourly_static_weight_5d] epoch 030/060 val_loss=2.01261489 best_val_loss=2.01261489 bad_epochs=0/8 epoch_time=00:00:13 eta=00:06:21
[a4_hourly_static_weight_5d] epoch 031/060 val_loss=1.84332734 best_val_loss=1.84332734 bad_epochs=0/8 epoch_time=00:00:13 eta=00:06:09
[a4_hourly_static_weight_5d] epoch 032/060 val_loss=1.68337901 best_val_loss=1.68337901 bad_epochs=0/8 epoch_time=00:00:13 eta=00:05:56
[a4_hourly_static_weight_5d] epoch 033/060 val_loss=1.52730775 best_val_loss=1.52730775 bad_epochs=0/8 epoch_time=00:00:13 eta=00:05:44
[a4_hourly_static_weight_5d] epoch 034/060 val_loss=1.38671434 best_val_loss=1.38671434 bad_epochs=0/8 epoch_time=00:00:13 eta=00:05:31
[a4_hourly_static_weight_5d] epoch 035/060 val_loss=1.25459764 best_val_loss=1.25459764 bad_epochs=0/8 epoch_time=00:00:13 eta=00:05:19
[a4_hourly_static_weight_5d] epoch 036/060 val_loss=1.15741540 best_val_loss=1.15741540 bad_epochs=0/8 epoch_time=00:00:13 eta=00:05:06
[a4_hourly_static_weight_5d] epoch 037/060 val_loss=1.07467116 best_val_loss=1.07467116 bad_epochs=0/8 epoch_time=00:00:13 eta=00:04:53
[a4_hourly_static_weight_5d] epoch 038/060 val_loss=0.99449605 best_val_loss=0.99449605 bad_epochs=0/8 epoch_time=00:00:13 eta=00:04:41
[a4_hourly_static_weight_5d] epoch 039/060 val_loss=0.93019153 best_val_loss=0.93019153 bad_epochs=0/8 epoch_time=00:00:13 eta=00:04:28
[a4_hourly_static_weight_5d] epoch 040/060 val_loss=0.86503371 best_val_loss=0.86503371 bad_epochs=0/8 epoch_time=00:00:13 eta=00:04:15
[a4_hourly_static_weight_5d] epoch 041/060 val_loss=0.81612607 best_val_loss=0.81612607 bad_epochs=0/8 epoch_time=00:00:13 eta=00:04:02
[a4_hourly_static_weight_5d] epoch 042/060 val_loss=0.78430364 best_val_loss=0.78430364 bad_epochs=0/8 epoch_time=00:00:13 eta=00:03:49
[a4_hourly_static_weight_5d] epoch 043/060 val_loss=0.74956260 best_val_loss=0.74956260 bad_epochs=0/8 epoch_time=00:00:13 eta=00:03:37
[a4_hourly_static_weight_5d] epoch 044/060 val_loss=0.71117120 best_val_loss=0.71117120 bad_epochs=0/8 epoch_time=00:00:13 eta=00:03:24
[a4_hourly_static_weight_5d] epoch 045/060 val_loss=0.68401811 best_val_loss=0.68401811 bad_epochs=0/8 epoch_time=00:00:13 eta=00:03:11
[a4_hourly_static_weight_5d] epoch 046/060 val_loss=0.66131330 best_val_loss=0.66131330 bad_epochs=0/8 epoch_time=00:00:13 eta=00:02:58
[a4_hourly_static_weight_5d] epoch 047/060 val_loss=0.64138820 best_val_loss=0.64138820 bad_epochs=0/8 epoch_time=00:00:13 eta=00:02:46
[a4_hourly_static_weight_5d] epoch 048/060 val_loss=0.62420360 best_val_loss=0.62420360 bad_epochs=0/8 epoch_time=00:00:13 eta=00:02:33
[a4_hourly_static_weight_5d] epoch 049/060 val_loss=0.60831478 best_val_loss=0.60831478 bad_epochs=0/8 epoch_time=00:00:13 eta=00:02:20
[a4_hourly_static_weight_5d] epoch 050/060 val_loss=0.59310026 best_val_loss=0.59310026 bad_epochs=0/8 epoch_time=00:00:13 eta=00:02:08
[a4_hourly_static_weight_5d] epoch 051/060 val_loss=0.57649902 best_val_loss=0.57649902 bad_epochs=0/8 epoch_time=00:00:13 eta=00:01:55
[a4_hourly_static_weight_5d] epoch 052/060 val_loss=0.56668472 best_val_loss=0.56668472 bad_epochs=0/8 epoch_time=00:00:13 eta=00:01:42
[a4_hourly_static_weight_5d] epoch 053/060 val_loss=0.55949576 best_val_loss=0.55949576 bad_epochs=0/8 epoch_time=00:00:13 eta=00:01:29
[a4_hourly_static_weight_5d] epoch 054/060 val_loss=0.55064295 best_val_loss=0.55064295 bad_epochs=0/8 epoch_time=00:00:13 eta=00:01:16
[a4_hourly_static_weight_5d] epoch 055/060 val_loss=0.53809679 best_val_loss=0.53809679 bad_epochs=0/8 epoch_time=00:00:13 eta=00:01:04
[a4_hourly_static_weight_5d] epoch 056/060 val_loss=0.53163844 best_val_loss=0.53163844 bad_epochs=0/8 epoch_time=00:00:13 eta=00:00:51
[a4_hourly_static_weight_5d] epoch 057/060 val_loss=0.52249456 best_val_loss=0.52249456 bad_epochs=0/8 epoch_time=00:00:13 eta=00:00:38
[a4_hourly_static_weight_5d] epoch 058/060 val_loss=0.51604800 best_val_loss=0.51604800 bad_epochs=0/8 epoch_time=00:00:13 eta=00:00:26
[a4_hourly_static_weight_5d] epoch 059/060 val_loss=0.51067204 best_val_loss=0.51067204 bad_epochs=0/8 epoch_time=00:00:13 eta=00:00:13
[a4_hourly_static_weight_5d] epoch 060/060 val_loss=0.50668656 best_val_loss=0.50668656 bad_epochs=0/8 epoch_time=00:00:13 eta=00:00:00
[a4] done freq=hourly mode=static_weight horizon=5d test_mse=0.007391 test_corr=0.0221 (overall elapsed 00:12:52)
[a4] === run 2/24: freq=hourly mode=adaptive_router patches=[2, 4, 8, 12] horizon=5d ===
[a4_hourly_adaptive_router_5d] epoch 001/060 val_loss=3776.50883789 best_val_loss=3776.50883789 bad_epochs=0/8 epoch_time=00:00:13 eta=00:12:47
[a4_hourly_adaptive_router_5d] epoch 002/060 val_loss=974.20238647 best_val_loss=974.20238647 bad_epochs=0/8 epoch_time=00:00:13 eta=00:12:32
[a4_hourly_adaptive_router_5d] epoch 003/060 val_loss=149.64907532 best_val_loss=149.64907532 bad_epochs=0/8 epoch_time=00:00:13 eta=00:12:17
[a4_hourly_adaptive_router_5d] epoch 004/060 val_loss=64.61700745 best_val_loss=64.61700745 bad_epochs=0/8 epoch_time=00:00:13 eta=00:12:04
[a4_hourly_adaptive_router_5d] epoch 005/060 val_loss=53.91233978 best_val_loss=53.91233978 bad_epochs=0/8 epoch_time=00:00:13 eta=00:11:50
[a4_hourly_adaptive_router_5d] epoch 006/060 val_loss=47.16067123 best_val_loss=47.16067123 bad_epochs=0/8 epoch_time=00:00:13 eta=00:11:36
[a4_hourly_adaptive_router_5d] epoch 007/060 val_loss=43.75146942 best_val_loss=43.75146942 bad_epochs=0/8 epoch_time=00:00:13 eta=00:11:24
[a4_hourly_adaptive_router_5d] epoch 008/060 val_loss=39.33081894 best_val_loss=39.33081894 bad_epochs=0/8 epoch_time=00:00:13 eta=00:11:10
[a4_hourly_adaptive_router_5d] epoch 009/060 val_loss=38.50499496 best_val_loss=38.50499496 bad_epochs=0/8 epoch_time=00:00:13 eta=00:10:57
[a4_hourly_adaptive_router_5d] epoch 010/060 val_loss=34.31141434 best_val_loss=34.31141434 bad_epochs=0/8 epoch_time=00:00:13 eta=00:10:43
[a4_hourly_adaptive_router_5d] epoch 011/060 val_loss=35.90725365 best_val_loss=34.31141434 bad_epochs=1/8 epoch_time=00:00:13 eta=00:10:30
[a4_hourly_adaptive_router_5d] epoch 012/060 val_loss=30.86898289 best_val_loss=30.86898289 bad_epochs=0/8 epoch_time=00:00:13 eta=00:10:16
[a4_hourly_adaptive_router_5d] epoch 013/060 val_loss=36.82454720 best_val_loss=30.86898289 bad_epochs=1/8 epoch_time=00:00:13 eta=00:10:04
[a4_hourly_adaptive_router_5d] epoch 014/060 val_loss=29.41867733 best_val_loss=29.41867733 bad_epochs=0/8 epoch_time=00:00:13 eta=00:09:51
[a4_hourly_adaptive_router_5d] epoch 015/060 val_loss=34.14917068 best_val_loss=29.41867733 bad_epochs=1/8 epoch_time=00:00:13 eta=00:09:38
[a4_hourly_adaptive_router_5d] epoch 016/060 val_loss=38.55125313 best_val_loss=29.41867733 bad_epochs=2/8 epoch_time=00:00:13 eta=00:09:26
[a4_hourly_adaptive_router_5d] epoch 017/060 val_loss=28.70248642 best_val_loss=28.70248642 bad_epochs=0/8 epoch_time=00:00:13 eta=00:09:13
[a4_hourly_adaptive_router_5d] epoch 018/060 val_loss=34.77695084 best_val_loss=28.70248642 bad_epochs=1/8 epoch_time=00:00:13 eta=00:09:01
[a4_hourly_adaptive_router_5d] epoch 019/060 val_loss=25.75761929 best_val_loss=25.75761929 bad_epochs=0/8 epoch_time=00:00:13 eta=00:08:49
[a4_hourly_adaptive_router_5d] epoch 020/060 val_loss=23.68876266 best_val_loss=23.68876266 bad_epochs=0/8 epoch_time=00:00:14 eta=00:08:38
[a4_hourly_adaptive_router_5d] epoch 021/060 val_loss=32.12797279 best_val_loss=23.68876266 bad_epochs=1/8 epoch_time=00:00:13 eta=00:08:25
[a4_hourly_adaptive_router_5d] epoch 022/060 val_loss=26.98994064 best_val_loss=23.68876266 bad_epochs=2/8 epoch_time=00:00:14 eta=00:08:14
[a4_hourly_adaptive_router_5d] epoch 023/060 val_loss=19.86652031 best_val_loss=19.86652031 bad_epochs=0/8 epoch_time=00:00:14 eta=00:08:02
[a4_hourly_adaptive_router_5d] epoch 024/060 val_loss=37.17981834 best_val_loss=19.86652031 bad_epochs=1/8 epoch_time=00:00:13 eta=00:07:49
[a4_hourly_adaptive_router_5d] epoch 025/060 val_loss=18.69148998 best_val_loss=18.69148998 bad_epochs=0/8 epoch_time=00:00:14 eta=00:07:37
[a4_hourly_adaptive_router_5d] epoch 026/060 val_loss=21.56498909 best_val_loss=18.69148998 bad_epochs=1/8 epoch_time=00:00:14 eta=00:07:25
[a4_hourly_adaptive_router_5d] epoch 027/060 val_loss=18.27781086 best_val_loss=18.27781086 bad_epochs=0/8 epoch_time=00:00:14 eta=00:07:12
[a4_hourly_adaptive_router_5d] epoch 028/060 val_loss=16.24410362 best_val_loss=16.24410362 bad_epochs=0/8 epoch_time=00:00:14 eta=00:07:00
[a4_hourly_adaptive_router_5d] epoch 029/060 val_loss=14.96464329 best_val_loss=14.96464329 bad_epochs=0/8 epoch_time=00:00:13 eta=00:06:47
[a4_hourly_adaptive_router_5d] epoch 030/060 val_loss=30.56956615 best_val_loss=14.96464329 bad_epochs=1/8 epoch_time=00:00:13 eta=00:06:33
[a4_hourly_adaptive_router_5d] epoch 031/060 val_loss=12.28578844 best_val_loss=12.28578844 bad_epochs=0/8 epoch_time=00:00:13 eta=00:06:20
[a4_hourly_adaptive_router_5d] epoch 032/060 val_loss=21.89272156 best_val_loss=12.28578844 bad_epochs=1/8 epoch_time=00:00:13 eta=00:06:07
[a4_hourly_adaptive_router_5d] epoch 033/060 val_loss=28.54969368 best_val_loss=12.28578844 bad_epochs=2/8 epoch_time=00:00:14 eta=00:05:54
[a4_hourly_adaptive_router_5d] epoch 034/060 val_loss=10.59835396 best_val_loss=10.59835396 bad_epochs=0/8 epoch_time=00:00:13 eta=00:05:41
[a4_hourly_adaptive_router_5d] epoch 035/060 val_loss=20.21848221 best_val_loss=10.59835396 bad_epochs=1/8 epoch_time=00:00:13 eta=00:05:28
[a4_hourly_adaptive_router_5d] epoch 036/060 val_loss=27.19425812 best_val_loss=10.59835396 bad_epochs=2/8 epoch_time=00:00:13 eta=00:05:14
[a4_hourly_adaptive_router_5d] epoch 037/060 val_loss=8.99734039 best_val_loss=8.99734039 bad_epochs=0/8 epoch_time=00:00:13 eta=00:05:01
[a4_hourly_adaptive_router_5d] epoch 038/060 val_loss=18.98015327 best_val_loss=8.99734039 bad_epochs=1/8 epoch_time=00:00:13 eta=00:04:48
[a4_hourly_adaptive_router_5d] epoch 039/060 val_loss=26.13004112 best_val_loss=8.99734039 bad_epochs=2/8 epoch_time=00:00:14 eta=00:04:35
[a4_hourly_adaptive_router_5d] epoch 040/060 val_loss=7.69583378 best_val_loss=7.69583378 bad_epochs=0/8 epoch_time=00:00:13 eta=00:04:23
[a4_hourly_adaptive_router_5d] epoch 041/060 val_loss=17.97936115 best_val_loss=7.69583378 bad_epochs=1/8 epoch_time=00:00:14 eta=00:04:10
[a4_hourly_adaptive_router_5d] epoch 042/060 val_loss=25.31803322 best_val_loss=7.69583378 bad_epochs=2/8 epoch_time=00:00:14 eta=00:03:57
[a4_hourly_adaptive_router_5d] epoch 043/060 val_loss=6.38095541 best_val_loss=6.38095541 bad_epochs=0/8 epoch_time=00:00:13 eta=00:03:44
[a4_hourly_adaptive_router_5d] epoch 044/060 val_loss=17.15816879 best_val_loss=6.38095541 bad_epochs=1/8 epoch_time=00:00:14 eta=00:03:31
[a4_hourly_adaptive_router_5d] epoch 045/060 val_loss=24.69128799 best_val_loss=6.38095541 bad_epochs=2/8 epoch_time=00:00:13 eta=00:03:18
[a4_hourly_adaptive_router_5d] epoch 046/060 val_loss=5.21973677 best_val_loss=5.21973677 bad_epochs=0/8 epoch_time=00:00:13 eta=00:03:04
[a4_hourly_adaptive_router_5d] epoch 047/060 val_loss=16.51018448 best_val_loss=5.21973677 bad_epochs=1/8 epoch_time=00:00:13 eta=00:02:51
[a4_hourly_adaptive_router_5d] epoch 048/060 val_loss=24.07959194 best_val_loss=5.21973677 bad_epochs=2/8 epoch_time=00:00:13 eta=00:02:38
[a4_hourly_adaptive_router_5d] epoch 049/060 val_loss=4.26988459 best_val_loss=4.26988459 bad_epochs=0/8 epoch_time=00:00:13 eta=00:02:25
[a4_hourly_adaptive_router_5d] epoch 050/060 val_loss=16.03868971 best_val_loss=4.26988459 bad_epochs=1/8 epoch_time=00:00:13 eta=00:02:12
[a4_hourly_adaptive_router_5d] epoch 051/060 val_loss=23.67661171 best_val_loss=4.26988459 bad_epochs=2/8 epoch_time=00:00:13 eta=00:01:59
[a4_hourly_adaptive_router_5d] epoch 052/060 val_loss=3.58060346 best_val_loss=3.58060346 bad_epochs=0/8 epoch_time=00:00:13 eta=00:01:45
[a4_hourly_adaptive_router_5d] epoch 053/060 val_loss=15.56345787 best_val_loss=3.58060346 bad_epochs=1/8 epoch_time=00:00:13 eta=00:01:32
[a4_hourly_adaptive_router_5d] epoch 054/060 val_loss=23.23323383 best_val_loss=3.58060346 bad_epochs=2/8 epoch_time=00:00:13 eta=00:01:19
[a4_hourly_adaptive_router_5d] epoch 055/060 val_loss=3.09287040 best_val_loss=3.09287040 bad_epochs=0/8 epoch_time=00:00:14 eta=00:01:06
[a4_hourly_adaptive_router_5d] epoch 056/060 val_loss=15.40059509 best_val_loss=3.09287040 bad_epochs=1/8 epoch_time=00:00:14 eta=00:00:53
[a4_hourly_adaptive_router_5d] epoch 057/060 val_loss=23.20702209 best_val_loss=3.09287040 bad_epochs=2/8 epoch_time=00:00:14 eta=00:00:40
[a4_hourly_adaptive_router_5d] epoch 058/060 val_loss=2.72233088 best_val_loss=2.72233088 bad_epochs=0/8 epoch_time=00:00:13 eta=00:00:26
[a4_hourly_adaptive_router_5d] epoch 059/060 val_loss=15.23185520 best_val_loss=2.72233088 bad_epochs=1/8 epoch_time=00:00:14 eta=00:00:13
[a4_hourly_adaptive_router_5d] epoch 060/060 val_loss=22.92108364 best_val_loss=2.72233088 bad_epochs=2/8 epoch_time=00:00:13 eta=00:00:00
[a4] done freq=hourly mode=adaptive_router horizon=5d test_mse=0.128513 test_corr=-0.0453 (overall elapsed 00:26:10)
[a4] === run 3/24: freq=halfday mode=static_weight patches=[2, 4, 8, 10, 12] horizon=5d ===
[a4_halfday_static_weight_5d] epoch 001/060 val_loss=102177.47500000 best_val_loss=102177.47500000 bad_epochs=0/8 epoch_time=00:00:13 eta=00:12:39
[a4_halfday_static_weight_5d] epoch 002/060 val_loss=71995.32578125 best_val_loss=71995.32578125 bad_epochs=0/8 epoch_time=00:00:13 eta=00:12:19
[a4_halfday_static_weight_5d] epoch 003/060 val_loss=52515.90703125 best_val_loss=52515.90703125 bad_epochs=0/8 epoch_time=00:00:12 eta=00:11:54
[a4_halfday_static_weight_5d] epoch 004/060 val_loss=38551.91875000 best_val_loss=38551.91875000 bad_epochs=0/8 epoch_time=00:00:12 eta=00:11:39
[a4_halfday_static_weight_5d] epoch 005/060 val_loss=31093.69023438 best_val_loss=31093.69023438 bad_epochs=0/8 epoch_time=00:00:13 eta=00:11:28
[a4_halfday_static_weight_5d] epoch 006/060 val_loss=21978.23710938 best_val_loss=21978.23710938 bad_epochs=0/8 epoch_time=00:00:12 eta=00:11:11
[a4_halfday_static_weight_5d] epoch 007/060 val_loss=13437.94960938 best_val_loss=13437.94960938 bad_epochs=0/8 epoch_time=00:00:12 eta=00:10:55
[a4_halfday_static_weight_5d] epoch 008/060 val_loss=4577.49648438 best_val_loss=4577.49648438 bad_epochs=0/8 epoch_time=00:00:12 eta=00:10:40
[a4_halfday_static_weight_5d] epoch 009/060 val_loss=1122.07607422 best_val_loss=1122.07607422 bad_epochs=0/8 epoch_time=00:00:12 eta=00:10:25
[a4_halfday_static_weight_5d] epoch 010/060 val_loss=355.54490051 best_val_loss=355.54490051 bad_epochs=0/8 epoch_time=00:00:12 eta=00:10:11
[a4_halfday_static_weight_5d] epoch 011/060 val_loss=97.11981735 best_val_loss=97.11981735 bad_epochs=0/8 epoch_time=00:00:12 eta=00:09:56
[a4_halfday_static_weight_5d] epoch 012/060 val_loss=123.26241150 best_val_loss=97.11981735 bad_epochs=1/8 epoch_time=00:00:13 eta=00:09:46
[a4_halfday_static_weight_5d] epoch 013/060 val_loss=85.82867889 best_val_loss=85.82867889 bad_epochs=0/8 epoch_time=00:00:12 eta=00:09:33
[a4_halfday_static_weight_5d] epoch 014/060 val_loss=80.79350052 best_val_loss=80.79350052 bad_epochs=0/8 epoch_time=00:00:12 eta=00:09:19
[a4_halfday_static_weight_5d] epoch 015/060 val_loss=117.63306885 best_val_loss=80.79350052 bad_epochs=1/8 epoch_time=00:00:12 eta=00:09:06
[a4_halfday_static_weight_5d] epoch 016/060 val_loss=66.38878555 best_val_loss=66.38878555 bad_epochs=0/8 epoch_time=00:00:12 eta=00:08:54
[a4_halfday_static_weight_5d] epoch 017/060 val_loss=68.58093033 best_val_loss=66.38878555 bad_epochs=1/8 epoch_time=00:00:12 eta=00:08:41
[a4_halfday_static_weight_5d] epoch 018/060 val_loss=56.04926414 best_val_loss=56.04926414 bad_epochs=0/8 epoch_time=00:00:12 eta=00:08:29
[a4_halfday_static_weight_5d] epoch 019/060 val_loss=42.39192047 best_val_loss=42.39192047 bad_epochs=0/8 epoch_time=00:00:12 eta=00:08:16
[a4_halfday_static_weight_5d] epoch 020/060 val_loss=50.59756966 best_val_loss=42.39192047 bad_epochs=1/8 epoch_time=00:00:12 eta=00:08:04
[a4_halfday_static_weight_5d] epoch 021/060 val_loss=53.26718826 best_val_loss=42.39192047 bad_epochs=2/8 epoch_time=00:00:12 eta=00:07:51
[a4_halfday_static_weight_5d] epoch 022/060 val_loss=46.00527458 best_val_loss=42.39192047 bad_epochs=3/8 epoch_time=00:00:12 eta=00:07:39
[a4_halfday_static_weight_5d] epoch 023/060 val_loss=40.72546043 best_val_loss=40.72546043 bad_epochs=0/8 epoch_time=00:00:12 eta=00:07:26
[a4_halfday_static_weight_5d] epoch 024/060 val_loss=53.31780281 best_val_loss=40.72546043 bad_epochs=1/8 epoch_time=00:00:12 eta=00:07:14
[a4_halfday_static_weight_5d] epoch 025/060 val_loss=149.56409912 best_val_loss=40.72546043 bad_epochs=2/8 epoch_time=00:00:12 eta=00:07:02
[a4_halfday_static_weight_5d] epoch 026/060 val_loss=33.95210171 best_val_loss=33.95210171 bad_epochs=0/8 epoch_time=00:00:12 eta=00:06:50
[a4_halfday_static_weight_5d] epoch 027/060 val_loss=89.31948929 best_val_loss=33.95210171 bad_epochs=1/8 epoch_time=00:00:12 eta=00:06:37
[a4_halfday_static_weight_5d] epoch 028/060 val_loss=39.49416885 best_val_loss=33.95210171 bad_epochs=2/8 epoch_time=00:00:12 eta=00:06:25
[a4_halfday_static_weight_5d] epoch 029/060 val_loss=100.10157318 best_val_loss=33.95210171 bad_epochs=3/8 epoch_time=00:00:12 eta=00:06:13
[a4_halfday_static_weight_5d] epoch 030/060 val_loss=49.62238884 best_val_loss=33.95210171 bad_epochs=4/8 epoch_time=00:00:12 eta=00:06:00
[a4_halfday_static_weight_5d] epoch 031/060 val_loss=36.09655800 best_val_loss=33.95210171 bad_epochs=5/8 epoch_time=00:00:12 eta=00:05:48
[a4_halfday_static_weight_5d] epoch 032/060 val_loss=87.91013870 best_val_loss=33.95210171 bad_epochs=6/8 epoch_time=00:00:12 eta=00:05:36
[a4_halfday_static_weight_5d] epoch 033/060 val_loss=44.50383987 best_val_loss=33.95210171 bad_epochs=7/8 epoch_time=00:00:12 eta=00:05:24
[a4_halfday_static_weight_5d] epoch 034/060 val_loss=31.48443680 best_val_loss=31.48443680 bad_epochs=0/8 epoch_time=00:00:12 eta=00:05:12
[a4_halfday_static_weight_5d] epoch 035/060 val_loss=83.08663559 best_val_loss=31.48443680 bad_epochs=1/8 epoch_time=00:00:13 eta=00:05:00
[a4_halfday_static_weight_5d] epoch 036/060 val_loss=38.18507805 best_val_loss=31.48443680 bad_epochs=2/8 epoch_time=00:00:12 eta=00:04:48
[a4_halfday_static_weight_5d] epoch 037/060 val_loss=27.32856293 best_val_loss=27.32856293 bad_epochs=0/8 epoch_time=00:00:12 eta=00:04:36
[a4_halfday_static_weight_5d] epoch 038/060 val_loss=77.81899872 best_val_loss=27.32856293 bad_epochs=1/8 epoch_time=00:00:12 eta=00:04:24
[a4_halfday_static_weight_5d] epoch 039/060 val_loss=33.16177177 best_val_loss=27.32856293 bad_epochs=2/8 epoch_time=00:00:12 eta=00:04:12
[a4_halfday_static_weight_5d] epoch 040/060 val_loss=25.56005630 best_val_loss=25.56005630 bad_epochs=0/8 epoch_time=00:00:12 eta=00:04:00
[a4_halfday_static_weight_5d] epoch 041/060 val_loss=72.00427246 best_val_loss=25.56005630 bad_epochs=1/8 epoch_time=00:00:12 eta=00:03:48
[a4_halfday_static_weight_5d] epoch 042/060 val_loss=30.99267731 best_val_loss=25.56005630 bad_epochs=2/8 epoch_time=00:00:12 eta=00:03:36
[a4_halfday_static_weight_5d] epoch 043/060 val_loss=26.39869270 best_val_loss=25.56005630 bad_epochs=3/8 epoch_time=00:00:12 eta=00:03:24
[a4_halfday_static_weight_5d] epoch 044/060 val_loss=67.02139130 best_val_loss=25.56005630 bad_epochs=4/8 epoch_time=00:00:12 eta=00:03:12
[a4_halfday_static_weight_5d] epoch 045/060 val_loss=31.92958946 best_val_loss=25.56005630 bad_epochs=5/8 epoch_time=00:00:12 eta=00:03:00
[a4_halfday_static_weight_5d] epoch 046/060 val_loss=28.64290657 best_val_loss=25.56005630 bad_epochs=6/8 epoch_time=00:00:12 eta=00:02:48
[a4_halfday_static_weight_5d] epoch 047/060 val_loss=63.96753845 best_val_loss=25.56005630 bad_epochs=7/8 epoch_time=00:00:12 eta=00:02:36
[a4_halfday_static_weight_5d] epoch 048/060 val_loss=33.47303772 best_val_loss=25.56005630 bad_epochs=8/8 epoch_time=00:00:12 eta=00:02:24
[a4_halfday_static_weight_5d] early stopping at epoch 48
[a4] done freq=halfday mode=static_weight horizon=5d test_mse=7.597596 test_corr=-0.0590 (overall elapsed 00:35:51)
[a4] === run 4/24: freq=halfday mode=adaptive_router patches=[2, 4, 8, 10, 12] horizon=5d ===
[a4_halfday_adaptive_router_5d] epoch 001/060 val_loss=27110.60527344 best_val_loss=27110.60527344 bad_epochs=0/8 epoch_time=00:00:12 eta=00:11:37
[a4_halfday_adaptive_router_5d] epoch 002/060 val_loss=14750.95146484 best_val_loss=14750.95146484 bad_epochs=0/8 epoch_time=00:00:12 eta=00:11:36
[a4_halfday_adaptive_router_5d] epoch 003/060 val_loss=4580.32001953 best_val_loss=4580.32001953 bad_epochs=0/8 epoch_time=00:00:12 eta=00:11:23
[a4_halfday_adaptive_router_5d] epoch 004/060 val_loss=921.80395508 best_val_loss=921.80395508 bad_epochs=0/8 epoch_time=00:00:12 eta=00:11:10
[a4_halfday_adaptive_router_5d] epoch 005/060 val_loss=263.93919373 best_val_loss=263.93919373 bad_epochs=0/8 epoch_time=00:00:12 eta=00:10:57
[a4_halfday_adaptive_router_5d] epoch 006/060 val_loss=59.97509537 best_val_loss=59.97509537 bad_epochs=0/8 epoch_time=00:00:12 eta=00:10:43
[a4_halfday_adaptive_router_5d] epoch 007/060 val_loss=119.71637573 best_val_loss=59.97509537 bad_epochs=1/8 epoch_time=00:00:12 eta=00:10:30
[a4_halfday_adaptive_router_5d] epoch 008/060 val_loss=36.30006294 best_val_loss=36.30006294 bad_epochs=0/8 epoch_time=00:00:12 eta=00:10:19
[a4_halfday_adaptive_router_5d] epoch 009/060 val_loss=39.98680115 best_val_loss=36.30006294 bad_epochs=1/8 epoch_time=00:00:13 eta=00:10:16
[a4_halfday_adaptive_router_5d] epoch 010/060 val_loss=23.79088459 best_val_loss=23.79088459 bad_epochs=0/8 epoch_time=00:00:12 eta=00:10:05
[a4_halfday_adaptive_router_5d] epoch 011/060 val_loss=16.04893036 best_val_loss=16.04893036 bad_epochs=0/8 epoch_time=00:00:13 eta=00:09:56
[a4_halfday_adaptive_router_5d] epoch 012/060 val_loss=16.69687700 best_val_loss=16.04893036 bad_epochs=1/8 epoch_time=00:00:12 eta=00:09:43
[a4_halfday_adaptive_router_5d] epoch 013/060 val_loss=49.41442490 best_val_loss=16.04893036 bad_epochs=2/8 epoch_time=00:00:12 eta=00:09:32
[a4_halfday_adaptive_router_5d] epoch 014/060 val_loss=21.91223030 best_val_loss=16.04893036 bad_epochs=3/8 epoch_time=00:00:12 eta=00:09:20
[a4_halfday_adaptive_router_5d] epoch 015/060 val_loss=10.97215776 best_val_loss=10.97215776 bad_epochs=0/8 epoch_time=00:00:12 eta=00:09:07
[a4_halfday_adaptive_router_5d] epoch 016/060 val_loss=15.21312017 best_val_loss=10.97215776 bad_epochs=1/8 epoch_time=00:00:13 eta=00:08:57
[a4_halfday_adaptive_router_5d] epoch 017/060 val_loss=42.41623611 best_val_loss=10.97215776 bad_epochs=2/8 epoch_time=00:00:13 eta=00:08:46
[a4_halfday_adaptive_router_5d] epoch 018/060 val_loss=20.23849907 best_val_loss=10.97215776 bad_epochs=3/8 epoch_time=00:00:12 eta=00:08:34
[a4_halfday_adaptive_router_5d] epoch 019/060 val_loss=8.69973755 best_val_loss=8.69973755 bad_epochs=0/8 epoch_time=00:00:12 eta=00:08:21
[a4_halfday_adaptive_router_5d] epoch 020/060 val_loss=15.22093725 best_val_loss=8.69973755 bad_epochs=1/8 epoch_time=00:00:12 eta=00:08:09
[a4_halfday_adaptive_router_5d] epoch 021/060 val_loss=32.68962440 best_val_loss=8.69973755 bad_epochs=2/8 epoch_time=00:00:13 eta=00:07:57
[a4_halfday_adaptive_router_5d] epoch 022/060 val_loss=3.30238309 best_val_loss=3.30238309 bad_epochs=0/8 epoch_time=00:00:12 eta=00:07:45
[a4_halfday_adaptive_router_5d] epoch 023/060 val_loss=17.00305290 best_val_loss=3.30238309 bad_epochs=1/8 epoch_time=00:00:12 eta=00:07:33
[a4_halfday_adaptive_router_5d] epoch 024/060 val_loss=29.78399200 best_val_loss=3.30238309 bad_epochs=2/8 epoch_time=00:00:12 eta=00:07:21
[a4_halfday_adaptive_router_5d] epoch 025/060 val_loss=2.88462887 best_val_loss=2.88462887 bad_epochs=0/8 epoch_time=00:00:12 eta=00:07:08
[a4_halfday_adaptive_router_5d] epoch 026/060 val_loss=17.19745407 best_val_loss=2.88462887 bad_epochs=1/8 epoch_time=00:00:12 eta=00:06:56
[a4_halfday_adaptive_router_5d] epoch 027/060 val_loss=29.54259872 best_val_loss=2.88462887 bad_epochs=2/8 epoch_time=00:00:12 eta=00:06:44
[a4_halfday_adaptive_router_5d] epoch 028/060 val_loss=2.82853196 best_val_loss=2.82853196 bad_epochs=0/8 epoch_time=00:00:12 eta=00:06:31
[a4_halfday_adaptive_router_5d] epoch 029/060 val_loss=17.24533176 best_val_loss=2.82853196 bad_epochs=1/8 epoch_time=00:00:12 eta=00:06:19
[a4_halfday_adaptive_router_5d] epoch 030/060 val_loss=29.33476181 best_val_loss=2.82853196 bad_epochs=2/8 epoch_time=00:00:12 eta=00:06:06
[a4_halfday_adaptive_router_5d] epoch 031/060 val_loss=2.82443478 best_val_loss=2.82443478 bad_epochs=0/8 epoch_time=00:00:12 eta=00:05:53
[a4_halfday_adaptive_router_5d] epoch 032/060 val_loss=17.35435238 best_val_loss=2.82443478 bad_epochs=1/8 epoch_time=00:00:12 eta=00:05:41
[a4_halfday_adaptive_router_5d] epoch 033/060 val_loss=29.07561283 best_val_loss=2.82443478 bad_epochs=2/8 epoch_time=00:00:12 eta=00:05:28
[a4_halfday_adaptive_router_5d] epoch 034/060 val_loss=2.89167612 best_val_loss=2.82443478 bad_epochs=3/8 epoch_time=00:00:12 eta=00:05:16
[a4_halfday_adaptive_router_5d] epoch 035/060 val_loss=17.43556614 best_val_loss=2.82443478 bad_epochs=4/8 epoch_time=00:00:12 eta=00:05:03
[a4_halfday_adaptive_router_5d] epoch 036/060 val_loss=28.89863873 best_val_loss=2.82443478 bad_epochs=5/8 epoch_time=00:00:12 eta=00:04:51
[a4_halfday_adaptive_router_5d] epoch 037/060 val_loss=2.94605842 best_val_loss=2.82443478 bad_epochs=6/8 epoch_time=00:00:12 eta=00:04:39
[a4_halfday_adaptive_router_5d] epoch 038/060 val_loss=17.55466805 best_val_loss=2.82443478 bad_epochs=7/8 epoch_time=00:00:12 eta=00:04:26
[a4_halfday_adaptive_router_5d] epoch 039/060 val_loss=28.59651852 best_val_loss=2.82443478 bad_epochs=8/8 epoch_time=00:00:12 eta=00:04:14
[a4_halfday_adaptive_router_5d] early stopping at epoch 39
[a4] done freq=halfday mode=adaptive_router horizon=5d test_mse=0.146345 test_corr=0.1341 (overall elapsed 00:43:49)
[a4] === run 5/24: freq=daily mode=static_weight patches=[5, 10, 20, 30] horizon=5d ===
[a4_daily_static_weight_5d] epoch 001/060 val_loss=2809.60830078 best_val_loss=2809.60830078 bad_epochs=0/8 epoch_time=00:00:49 eta=00:48:13
[a4_daily_static_weight_5d] epoch 002/060 val_loss=1035.04115601 best_val_loss=1035.04115601 bad_epochs=0/8 epoch_time=00:00:48 eta=00:47:00
[a4_daily_static_weight_5d] epoch 003/060 val_loss=398.44457397 best_val_loss=398.44457397 bad_epochs=0/8 epoch_time=00:00:48 eta=00:46:07
[a4_daily_static_weight_5d] epoch 004/060 val_loss=372.90881348 best_val_loss=372.90881348 bad_epochs=0/8 epoch_time=00:00:49 eta=00:45:25
[a4_daily_static_weight_5d] epoch 005/060 val_loss=365.93338928 best_val_loss=365.93338928 bad_epochs=0/8 epoch_time=00:00:50 eta=00:44:49
[a4_daily_static_weight_5d] epoch 006/060 val_loss=365.88428650 best_val_loss=365.88428650 bad_epochs=0/8 epoch_time=00:00:49 eta=00:43:57
[a4_daily_static_weight_5d] epoch 007/060 val_loss=355.03837585 best_val_loss=355.03837585 bad_epochs=0/8 epoch_time=00:00:47 eta=00:42:58
[a4_daily_static_weight_5d] epoch 008/060 val_loss=352.45845337 best_val_loss=352.45845337 bad_epochs=0/8 epoch_time=00:00:48 eta=00:42:03
[a4_daily_static_weight_5d] epoch 009/060 val_loss=342.48091431 best_val_loss=342.48091431 bad_epochs=0/8 epoch_time=00:00:48 eta=00:41:13
[a4_daily_static_weight_5d] epoch 010/060 val_loss=338.56782532 best_val_loss=338.56782532 bad_epochs=0/8 epoch_time=00:00:48 eta=00:40:24
[a4_daily_static_weight_5d] epoch 011/060 val_loss=329.87155762 best_val_loss=329.87155762 bad_epochs=0/8 epoch_time=00:00:48 eta=00:39:34
[a4_daily_static_weight_5d] epoch 012/060 val_loss=322.20406799 best_val_loss=322.20406799 bad_epochs=0/8 epoch_time=00:00:48 eta=00:38:45
[a4_daily_static_weight_5d] epoch 013/060 val_loss=317.20718384 best_val_loss=317.20718384 bad_epochs=0/8 epoch_time=00:00:48 eta=00:37:56
[a4_daily_static_weight_5d] epoch 014/060 val_loss=306.89075012 best_val_loss=306.89075012 bad_epochs=0/8 epoch_time=00:00:48 eta=00:37:07
[a4_daily_static_weight_5d] epoch 015/060 val_loss=305.18692322 best_val_loss=305.18692322 bad_epochs=0/8 epoch_time=00:00:48 eta=00:36:18
[a4_daily_static_weight_5d] epoch 016/060 val_loss=302.16307831 best_val_loss=302.16307831 bad_epochs=0/8 epoch_time=00:00:48 eta=00:35:29
[a4_daily_static_weight_5d] epoch 017/060 val_loss=292.91699219 best_val_loss=292.91699219 bad_epochs=0/8 epoch_time=00:00:48 eta=00:34:40
[a4_daily_static_weight_5d] epoch 018/060 val_loss=293.43364563 best_val_loss=292.91699219 bad_epochs=1/8 epoch_time=00:00:48 eta=00:33:51
[a4_daily_static_weight_5d] epoch 019/060 val_loss=291.35872803 best_val_loss=291.35872803 bad_epochs=0/8 epoch_time=00:00:48 eta=00:33:02
[a4_daily_static_weight_5d] epoch 020/060 val_loss=286.22547455 best_val_loss=286.22547455 bad_epochs=0/8 epoch_time=00:00:48 eta=00:32:14
[a4_daily_static_weight_5d] epoch 021/060 val_loss=282.89016724 best_val_loss=282.89016724 bad_epochs=0/8 epoch_time=00:00:49 eta=00:31:26
[a4_daily_static_weight_5d] epoch 022/060 val_loss=279.48431702 best_val_loss=279.48431702 bad_epochs=0/8 epoch_time=00:00:48 eta=00:30:37
[a4_daily_static_weight_5d] epoch 023/060 val_loss=283.93139343 best_val_loss=279.48431702 bad_epochs=1/8 epoch_time=00:00:48 eta=00:29:49
[a4_daily_static_weight_5d] epoch 024/060 val_loss=279.40805054 best_val_loss=279.40805054 bad_epochs=0/8 epoch_time=00:00:49 eta=00:29:01
[a4_daily_static_weight_5d] epoch 025/060 val_loss=281.27479095 best_val_loss=279.40805054 bad_epochs=1/8 epoch_time=00:00:48 eta=00:28:12
[a4_daily_static_weight_5d] epoch 026/060 val_loss=272.74902496 best_val_loss=272.74902496 bad_epochs=0/8 epoch_time=00:00:48 eta=00:27:24
[a4_daily_static_weight_5d] epoch 027/060 val_loss=286.13379059 best_val_loss=272.74902496 bad_epochs=1/8 epoch_time=00:00:48 eta=00:26:35
[a4_daily_static_weight_5d] epoch 028/060 val_loss=277.89007263 best_val_loss=272.74902496 bad_epochs=2/8 epoch_time=00:00:48 eta=00:25:47
[a4_daily_static_weight_5d] epoch 029/060 val_loss=268.87491150 best_val_loss=268.87491150 bad_epochs=0/8 epoch_time=00:00:48 eta=00:24:59
[a4_daily_static_weight_5d] epoch 030/060 val_loss=278.14001923 best_val_loss=268.87491150 bad_epochs=1/8 epoch_time=00:00:48 eta=00:24:10
[a4_daily_static_weight_5d] epoch 031/060 val_loss=291.77126312 best_val_loss=268.87491150 bad_epochs=2/8 epoch_time=00:00:48 eta=00:23:22
[a4_daily_static_weight_5d] epoch 032/060 val_loss=281.03717651 best_val_loss=268.87491150 bad_epochs=3/8 epoch_time=00:00:48 eta=00:22:33
[a4_daily_static_weight_5d] epoch 033/060 val_loss=290.76577454 best_val_loss=268.87491150 bad_epochs=4/8 epoch_time=00:00:49 eta=00:21:45
[a4_daily_static_weight_5d] epoch 034/060 val_loss=296.71933899 best_val_loss=268.87491150 bad_epochs=5/8 epoch_time=00:00:48 eta=00:20:57
[a4_daily_static_weight_5d] epoch 035/060 val_loss=288.36453400 best_val_loss=268.87491150 bad_epochs=6/8 epoch_time=00:00:49 eta=00:20:09
[a4_daily_static_weight_5d] epoch 036/060 val_loss=299.84038391 best_val_loss=268.87491150 bad_epochs=7/8 epoch_time=00:00:51 eta=00:19:22
[a4_daily_static_weight_5d] epoch 037/060 val_loss=303.57706451 best_val_loss=268.87491150 bad_epochs=8/8 epoch_time=00:00:49 eta=00:18:34
[a4_daily_static_weight_5d] early stopping at epoch 37
[a4] done freq=daily mode=static_weight horizon=5d test_mse=148.280685 test_corr=-0.0347 (overall elapsed 01:14:01)
[a4] === run 6/24: freq=daily mode=adaptive_router patches=[5, 10, 20, 30] horizon=5d ===
[a4_daily_adaptive_router_5d] epoch 001/060 val_loss=245921.37500000 best_val_loss=245921.37500000 bad_epochs=0/8 epoch_time=00:00:48 eta=00:47:08
[a4_daily_adaptive_router_5d] epoch 002/060 val_loss=169399.29843750 best_val_loss=169399.29843750 bad_epochs=0/8 epoch_time=00:00:49 eta=00:46:58
[a4_daily_adaptive_router_5d] epoch 003/060 val_loss=140381.33750000 best_val_loss=140381.33750000 bad_epochs=0/8 epoch_time=00:00:48 eta=00:46:06
[a4_daily_adaptive_router_5d] epoch 004/060 val_loss=118560.78281250 best_val_loss=118560.78281250 bad_epochs=0/8 epoch_time=00:00:48 eta=00:45:13
[a4_daily_adaptive_router_5d] epoch 005/060 val_loss=91610.19765625 best_val_loss=91610.19765625 bad_epochs=0/8 epoch_time=00:00:48 eta=00:44:22
[a4_daily_adaptive_router_5d] epoch 006/060 val_loss=74085.69765625 best_val_loss=74085.69765625 bad_epochs=0/8 epoch_time=00:00:48 eta=00:43:30
[a4_daily_adaptive_router_5d] epoch 007/060 val_loss=50501.90644531 best_val_loss=50501.90644531 bad_epochs=0/8 epoch_time=00:00:49 eta=00:42:47
[a4_daily_adaptive_router_5d] epoch 008/060 val_loss=23919.93183594 best_val_loss=23919.93183594 bad_epochs=0/8 epoch_time=00:00:49 eta=00:41:59
[a4_daily_adaptive_router_5d] epoch 009/060 val_loss=4765.94394531 best_val_loss=4765.94394531 bad_epochs=0/8 epoch_time=00:00:48 eta=00:41:10
[a4_daily_adaptive_router_5d] epoch 010/060 val_loss=803.73893433 best_val_loss=803.73893433 bad_epochs=0/8 epoch_time=00:00:48 eta=00:40:19
[a4_daily_adaptive_router_5d] epoch 011/060 val_loss=165.13260269 best_val_loss=165.13260269 bad_epochs=0/8 epoch_time=00:00:49 eta=00:39:35
[a4_daily_adaptive_router_5d] epoch 012/060 val_loss=136.69890289 best_val_loss=136.69890289 bad_epochs=0/8 epoch_time=00:00:48 eta=00:38:46
[a4_daily_adaptive_router_5d] epoch 013/060 val_loss=95.48468552 best_val_loss=95.48468552 bad_epochs=0/8 epoch_time=00:00:48 eta=00:37:56
[a4_daily_adaptive_router_5d] epoch 014/060 val_loss=84.72382202 best_val_loss=84.72382202 bad_epochs=0/8 epoch_time=00:00:48 eta=00:37:07
[a4_daily_adaptive_router_5d] epoch 015/060 val_loss=300.72537231 best_val_loss=84.72382202 bad_epochs=1/8 epoch_time=00:00:48 eta=00:36:18
[a4_daily_adaptive_router_5d] epoch 016/060 val_loss=211.78376999 best_val_loss=84.72382202 bad_epochs=2/8 epoch_time=00:00:48 eta=00:35:29
[a4_daily_adaptive_router_5d] epoch 017/060 val_loss=219.44732132 best_val_loss=84.72382202 bad_epochs=3/8 epoch_time=00:00:48 eta=00:34:40
[a4_daily_adaptive_router_5d] epoch 018/060 val_loss=41.79024296 best_val_loss=41.79024296 bad_epochs=0/8 epoch_time=00:00:48 eta=00:33:52
[a4_daily_adaptive_router_5d] epoch 019/060 val_loss=40.27004738 best_val_loss=40.27004738 bad_epochs=0/8 epoch_time=00:00:49 eta=00:33:04
[a4_daily_adaptive_router_5d] epoch 020/060 val_loss=41.87816448 best_val_loss=40.27004738 bad_epochs=1/8 epoch_time=00:00:50 eta=00:32:18
[a4_daily_adaptive_router_5d] epoch 021/060 val_loss=325.45263977 best_val_loss=40.27004738 bad_epochs=2/8 epoch_time=00:00:48 eta=00:31:29
[a4_daily_adaptive_router_5d] epoch 022/060 val_loss=80.62844391 best_val_loss=40.27004738 bad_epochs=3/8 epoch_time=00:00:48 eta=00:30:39
[a4_daily_adaptive_router_5d] epoch 023/060 val_loss=51.62826233 best_val_loss=40.27004738 bad_epochs=4/8 epoch_time=00:00:48 eta=00:29:49
[a4_daily_adaptive_router_5d] epoch 024/060 val_loss=99.17946320 best_val_loss=40.27004738 bad_epochs=5/8 epoch_time=00:00:48 eta=00:29:00
[a4_daily_adaptive_router_5d] epoch 025/060 val_loss=253.23838806 best_val_loss=40.27004738 bad_epochs=6/8 epoch_time=00:00:48 eta=00:28:11
[a4_daily_adaptive_router_5d] epoch 026/060 val_loss=195.58957748 best_val_loss=40.27004738 bad_epochs=7/8 epoch_time=00:00:48 eta=00:27:22
[a4_daily_adaptive_router_5d] epoch 027/060 val_loss=23.70649624 best_val_loss=23.70649624 bad_epochs=0/8 epoch_time=00:00:48 eta=00:26:33
[a4_daily_adaptive_router_5d] epoch 028/060 val_loss=310.60820618 best_val_loss=23.70649624 bad_epochs=1/8 epoch_time=00:00:48 eta=00:25:44
[a4_daily_adaptive_router_5d] epoch 029/060 val_loss=78.76726303 best_val_loss=23.70649624 bad_epochs=2/8 epoch_time=00:00:48 eta=00:24:55
[a4_daily_adaptive_router_5d] epoch 030/060 val_loss=48.32626495 best_val_loss=23.70649624 bad_epochs=3/8 epoch_time=00:00:48 eta=00:24:07
[a4_daily_adaptive_router_5d] epoch 031/060 val_loss=94.34200706 best_val_loss=23.70649624 bad_epochs=4/8 epoch_time=00:00:48 eta=00:23:18
[a4_daily_adaptive_router_5d] epoch 032/060 val_loss=242.59303589 best_val_loss=23.70649624 bad_epochs=5/8 epoch_time=00:00:48 eta=00:22:30
[a4_daily_adaptive_router_5d] epoch 033/060 val_loss=188.76452637 best_val_loss=23.70649624 bad_epochs=6/8 epoch_time=00:00:48 eta=00:21:41
[a4_daily_adaptive_router_5d] epoch 034/060 val_loss=22.97877579 best_val_loss=22.97877579 bad_epochs=0/8 epoch_time=00:00:48 eta=00:20:53
[a4_daily_adaptive_router_5d] epoch 035/060 val_loss=303.67666473 best_val_loss=22.97877579 bad_epochs=1/8 epoch_time=00:00:48 eta=00:20:04
[a4_daily_adaptive_router_5d] epoch 036/060 val_loss=78.08470840 best_val_loss=22.97877579 bad_epochs=2/8 epoch_time=00:00:48 eta=00:19:15
[a4_daily_adaptive_router_5d] epoch 037/060 val_loss=46.10763702 best_val_loss=22.97877579 bad_epochs=3/8 epoch_time=00:00:48 eta=00:18:27
[a4_daily_adaptive_router_5d] epoch 038/060 val_loss=91.33525047 best_val_loss=22.97877579 bad_epochs=4/8 epoch_time=00:00:47 eta=00:17:38
[a4_daily_adaptive_router_5d] epoch 039/060 val_loss=237.88850250 best_val_loss=22.97877579 bad_epochs=5/8 epoch_time=00:00:48 eta=00:16:50
[a4_daily_adaptive_router_5d] epoch 040/060 val_loss=188.71101151 best_val_loss=22.97877579 bad_epochs=6/8 epoch_time=00:00:48 eta=00:16:02
[a4_daily_adaptive_router_5d] epoch 041/060 val_loss=22.58429317 best_val_loss=22.58429317 bad_epochs=0/8 epoch_time=00:00:48 eta=00:15:14
[a4_daily_adaptive_router_5d] epoch 042/060 val_loss=300.85875549 best_val_loss=22.58429317 bad_epochs=1/8 epoch_time=00:00:48 eta=00:14:26
[a4_daily_adaptive_router_5d] epoch 043/060 val_loss=77.38872375 best_val_loss=22.58429317 bad_epochs=2/8 epoch_time=00:00:48 eta=00:13:37
[a4_daily_adaptive_router_5d] epoch 044/060 val_loss=44.61180611 best_val_loss=22.58429317 bad_epochs=3/8 epoch_time=00:00:48 eta=00:12:49
[a4_daily_adaptive_router_5d] epoch 045/060 val_loss=89.70265656 best_val_loss=22.58429317 bad_epochs=4/8 epoch_time=00:00:48 eta=00:12:01
[a4_daily_adaptive_router_5d] epoch 046/060 val_loss=234.77925415 best_val_loss=22.58429317 bad_epochs=5/8 epoch_time=00:00:48 eta=00:11:13
[a4_daily_adaptive_router_5d] epoch 047/060 val_loss=186.07926712 best_val_loss=22.58429317 bad_epochs=6/8 epoch_time=00:00:48 eta=00:10:24
[a4_daily_adaptive_router_5d] epoch 048/060 val_loss=22.15517387 best_val_loss=22.15517387 bad_epochs=0/8 epoch_time=00:00:48 eta=00:09:36
[a4_daily_adaptive_router_5d] epoch 049/060 val_loss=298.45381775 best_val_loss=22.15517387 bad_epochs=1/8 epoch_time=00:00:48 eta=00:08:48
[a4_daily_adaptive_router_5d] epoch 050/060 val_loss=77.35288544 best_val_loss=22.15517387 bad_epochs=2/8 epoch_time=00:00:48 eta=00:08:00
[a4_daily_adaptive_router_5d] epoch 051/060 val_loss=43.95784435 best_val_loss=22.15517387 bad_epochs=3/8 epoch_time=00:00:48 eta=00:07:12
[a4_daily_adaptive_router_5d] epoch 052/060 val_loss=89.04534683 best_val_loss=22.15517387 bad_epochs=4/8 epoch_time=00:00:48 eta=00:06:24
[a4_daily_adaptive_router_5d] epoch 053/060 val_loss=233.66917267 best_val_loss=22.15517387 bad_epochs=5/8 epoch_time=00:00:48 eta=00:05:36
[a4_daily_adaptive_router_5d] epoch 054/060 val_loss=186.18531799 best_val_loss=22.15517387 bad_epochs=6/8 epoch_time=00:00:48 eta=00:04:48
[a4_daily_adaptive_router_5d] epoch 055/060 val_loss=21.43323841 best_val_loss=21.43323841 bad_epochs=0/8 epoch_time=00:00:48 eta=00:04:00
[a4_daily_adaptive_router_5d] epoch 056/060 val_loss=297.71798401 best_val_loss=21.43323841 bad_epochs=1/8 epoch_time=00:00:47 eta=00:03:12
[a4_daily_adaptive_router_5d] epoch 057/060 val_loss=77.43501320 best_val_loss=21.43323841 bad_epochs=2/8 epoch_time=00:00:47 eta=00:02:24
[a4_daily_adaptive_router_5d] epoch 058/060 val_loss=41.81476002 best_val_loss=21.43323841 bad_epochs=3/8 epoch_time=00:00:48 eta=00:01:36
[a4_daily_adaptive_router_5d] epoch 059/060 val_loss=87.53879967 best_val_loss=21.43323841 bad_epochs=4/8 epoch_time=00:00:48 eta=00:00:48
[a4_daily_adaptive_router_5d] epoch 060/060 val_loss=231.96584778 best_val_loss=21.43323841 bad_epochs=5/8 epoch_time=00:00:48 eta=00:00:00
[a4] done freq=daily mode=adaptive_router horizon=5d test_mse=1.943204 test_corr=-0.0107 (overall elapsed 02:02:16)
[a4] === run 7/24: freq=weekly mode=static_weight patches=[2, 4, 8, 12, 13, 14] horizon=5d ===
[a4_weekly_static_weight_5d] epoch 001/060 val_loss=17272.07480469 best_val_loss=17272.07480469 bad_epochs=0/8 epoch_time=00:00:18 eta=00:17:13
[a4_weekly_static_weight_5d] epoch 002/060 val_loss=930.02370605 best_val_loss=930.02370605 bad_epochs=0/8 epoch_time=00:00:17 eta=00:16:53
[a4_weekly_static_weight_5d] epoch 003/060 val_loss=344.40697632 best_val_loss=344.40697632 bad_epochs=0/8 epoch_time=00:00:17 eta=00:16:35
[a4_weekly_static_weight_5d] epoch 004/060 val_loss=341.55835571 best_val_loss=341.55835571 bad_epochs=0/8 epoch_time=00:00:17 eta=00:16:16
[a4_weekly_static_weight_5d] epoch 005/060 val_loss=324.41085815 best_val_loss=324.41085815 bad_epochs=0/8 epoch_time=00:00:17 eta=00:15:58
[a4_weekly_static_weight_5d] epoch 006/060 val_loss=312.39617920 best_val_loss=312.39617920 bad_epochs=0/8 epoch_time=00:00:17 eta=00:15:41
[a4_weekly_static_weight_5d] epoch 007/060 val_loss=384.16748047 best_val_loss=312.39617920 bad_epochs=1/8 epoch_time=00:00:17 eta=00:15:23
[a4_weekly_static_weight_5d] epoch 008/060 val_loss=387.67036133 best_val_loss=312.39617920 bad_epochs=2/8 epoch_time=00:00:17 eta=00:15:05
[a4_weekly_static_weight_5d] epoch 009/060 val_loss=626.89654541 best_val_loss=312.39617920 bad_epochs=3/8 epoch_time=00:00:17 eta=00:14:49
[a4_weekly_static_weight_5d] epoch 010/060 val_loss=647.56228027 best_val_loss=312.39617920 bad_epochs=4/8 epoch_time=00:00:17 eta=00:14:31
[a4_weekly_static_weight_5d] epoch 011/060 val_loss=234.74496460 best_val_loss=234.74496460 bad_epochs=0/8 epoch_time=00:00:17 eta=00:14:14
[a4_weekly_static_weight_5d] epoch 012/060 val_loss=207.23185120 best_val_loss=207.23185120 bad_epochs=0/8 epoch_time=00:00:17 eta=00:13:56
[a4_weekly_static_weight_5d] epoch 013/060 val_loss=120.42581787 best_val_loss=120.42581787 bad_epochs=0/8 epoch_time=00:00:17 eta=00:13:39
[a4_weekly_static_weight_5d] epoch 014/060 val_loss=611.77969360 best_val_loss=120.42581787 bad_epochs=1/8 epoch_time=00:00:17 eta=00:13:21
[a4_weekly_static_weight_5d] epoch 015/060 val_loss=559.48846436 best_val_loss=120.42581787 bad_epochs=2/8 epoch_time=00:00:18 eta=00:13:04
[a4_weekly_static_weight_5d] epoch 016/060 val_loss=83.70971832 best_val_loss=83.70971832 bad_epochs=0/8 epoch_time=00:00:17 eta=00:12:46
[a4_weekly_static_weight_5d] epoch 017/060 val_loss=60.89713287 best_val_loss=60.89713287 bad_epochs=0/8 epoch_time=00:00:17 eta=00:12:29
[a4_weekly_static_weight_5d] epoch 018/060 val_loss=47.45798187 best_val_loss=47.45798187 bad_epochs=0/8 epoch_time=00:00:17 eta=00:12:11
[a4_weekly_static_weight_5d] epoch 019/060 val_loss=495.79809570 best_val_loss=47.45798187 bad_epochs=1/8 epoch_time=00:00:17 eta=00:11:54
[a4_weekly_static_weight_5d] epoch 020/060 val_loss=445.74674683 best_val_loss=47.45798187 bad_epochs=2/8 epoch_time=00:00:17 eta=00:11:36
[a4_weekly_static_weight_5d] epoch 021/060 val_loss=721.71163330 best_val_loss=47.45798187 bad_epochs=3/8 epoch_time=00:00:17 eta=00:11:19
[a4_weekly_static_weight_5d] epoch 022/060 val_loss=742.38978271 best_val_loss=47.45798187 bad_epochs=4/8 epoch_time=00:00:17 eta=00:11:01
[a4_weekly_static_weight_5d] epoch 023/060 val_loss=191.89387817 best_val_loss=47.45798187 bad_epochs=5/8 epoch_time=00:00:17 eta=00:10:44
[a4_weekly_static_weight_5d] epoch 024/060 val_loss=203.69028320 best_val_loss=47.45798187 bad_epochs=6/8 epoch_time=00:00:17 eta=00:10:26
[a4_weekly_static_weight_5d] epoch 025/060 val_loss=269.11320190 best_val_loss=47.45798187 bad_epochs=7/8 epoch_time=00:00:17 eta=00:10:09
[a4_weekly_static_weight_5d] epoch 026/060 val_loss=418.17290039 best_val_loss=47.45798187 bad_epochs=8/8 epoch_time=00:00:17 eta=00:09:51
[a4_weekly_static_weight_5d] early stopping at epoch 26
[a4] done freq=weekly mode=static_weight horizon=5d test_mse=19.055254 test_corr=-0.0053 (overall elapsed 02:09:56)
[a4] === run 8/24: freq=weekly mode=adaptive_router patches=[2, 4, 8, 12, 13, 14] horizon=5d ===
[a4_weekly_adaptive_router_5d] epoch 001/060 val_loss=613630.78125000 best_val_loss=613630.78125000 bad_epochs=0/8 epoch_time=00:00:18 eta=00:17:18
[a4_weekly_adaptive_router_5d] epoch 002/060 val_loss=458214.58125000 best_val_loss=458214.58125000 bad_epochs=0/8 epoch_time=00:00:17 eta=00:16:51
[a4_weekly_adaptive_router_5d] epoch 003/060 val_loss=407630.31875000 best_val_loss=407630.31875000 bad_epochs=0/8 epoch_time=00:00:17 eta=00:16:30
[a4_weekly_adaptive_router_5d] epoch 004/060 val_loss=331587.18125000 best_val_loss=331587.18125000 bad_epochs=0/8 epoch_time=00:00:17 eta=00:16:12
[a4_weekly_adaptive_router_5d] epoch 005/060 val_loss=246339.86875000 best_val_loss=246339.86875000 bad_epochs=0/8 epoch_time=00:00:17 eta=00:15:54
[a4_weekly_adaptive_router_5d] epoch 006/060 val_loss=211154.64687500 best_val_loss=211154.64687500 bad_epochs=0/8 epoch_time=00:00:17 eta=00:15:38
[a4_weekly_adaptive_router_5d] epoch 007/060 val_loss=159848.79218750 best_val_loss=159848.79218750 bad_epochs=0/8 epoch_time=00:00:17 eta=00:15:21
[a4_weekly_adaptive_router_5d] epoch 008/060 val_loss=98191.02500000 best_val_loss=98191.02500000 bad_epochs=0/8 epoch_time=00:00:17 eta=00:15:04
[a4_weekly_adaptive_router_5d] epoch 009/060 val_loss=40811.50039062 best_val_loss=40811.50039062 bad_epochs=0/8 epoch_time=00:00:18 eta=00:14:47
[a4_weekly_adaptive_router_5d] epoch 010/060 val_loss=8066.16660156 best_val_loss=8066.16660156 bad_epochs=0/8 epoch_time=00:00:17 eta=00:14:29
[a4_weekly_adaptive_router_5d] epoch 011/060 val_loss=1125.15623779 best_val_loss=1125.15623779 bad_epochs=0/8 epoch_time=00:00:17 eta=00:14:12
[a4_weekly_adaptive_router_5d] epoch 012/060 val_loss=170.90088501 best_val_loss=170.90088501 bad_epochs=0/8 epoch_time=00:00:17 eta=00:13:55
[a4_weekly_adaptive_router_5d] epoch 013/060 val_loss=83.20704269 best_val_loss=83.20704269 bad_epochs=0/8 epoch_time=00:00:17 eta=00:13:37
[a4_weekly_adaptive_router_5d] epoch 014/060 val_loss=322.60859985 best_val_loss=83.20704269 bad_epochs=1/8 epoch_time=00:00:17 eta=00:13:19
[a4_weekly_adaptive_router_5d] epoch 015/060 val_loss=299.70121765 best_val_loss=83.20704269 bad_epochs=2/8 epoch_time=00:00:17 eta=00:13:02
[a4_weekly_adaptive_router_5d] epoch 016/060 val_loss=418.07722778 best_val_loss=83.20704269 bad_epochs=3/8 epoch_time=00:00:17 eta=00:12:44
[a4_weekly_adaptive_router_5d] epoch 017/060 val_loss=135.58129730 best_val_loss=83.20704269 bad_epochs=4/8 epoch_time=00:00:17 eta=00:12:27
[a4_weekly_adaptive_router_5d] epoch 018/060 val_loss=342.74780579 best_val_loss=83.20704269 bad_epochs=5/8 epoch_time=00:00:17 eta=00:12:10
[a4_weekly_adaptive_router_5d] epoch 019/060 val_loss=277.49667358 best_val_loss=83.20704269 bad_epochs=6/8 epoch_time=00:00:17 eta=00:11:52
[a4_weekly_adaptive_router_5d] epoch 020/060 val_loss=51.39335327 best_val_loss=51.39335327 bad_epochs=0/8 epoch_time=00:00:17 eta=00:11:35
[a4_weekly_adaptive_router_5d] epoch 021/060 val_loss=175.38062744 best_val_loss=51.39335327 bad_epochs=1/8 epoch_time=00:00:17 eta=00:11:18
[a4_weekly_adaptive_router_5d] epoch 022/060 val_loss=212.40748901 best_val_loss=51.39335327 bad_epochs=2/8 epoch_time=00:00:17 eta=00:11:00
[a4_weekly_adaptive_router_5d] epoch 023/060 val_loss=278.83522644 best_val_loss=51.39335327 bad_epochs=3/8 epoch_time=00:00:17 eta=00:10:43
[a4_weekly_adaptive_router_5d] epoch 024/060 val_loss=409.48926392 best_val_loss=51.39335327 bad_epochs=4/8 epoch_time=00:00:18 eta=00:10:26
[a4_weekly_adaptive_router_5d] epoch 025/060 val_loss=126.22271576 best_val_loss=51.39335327 bad_epochs=5/8 epoch_time=00:00:18 eta=00:10:09
[a4_weekly_adaptive_router_5d] epoch 026/060 val_loss=200.27604980 best_val_loss=51.39335327 bad_epochs=6/8 epoch_time=00:00:18 eta=00:09:52
[a4_weekly_adaptive_router_5d] epoch 027/060 val_loss=170.62732544 best_val_loss=51.39335327 bad_epochs=7/8 epoch_time=00:00:17 eta=00:09:34
[a4_weekly_adaptive_router_5d] epoch 028/060 val_loss=64.86205826 best_val_loss=51.39335327 bad_epochs=8/8 epoch_time=00:00:17 eta=00:09:17
[a4_weekly_adaptive_router_5d] early stopping at epoch 28
[a4] done freq=weekly mode=adaptive_router horizon=5d test_mse=25.778208 test_corr=0.0534 (overall elapsed 02:18:11)
[a4] === run 9/24: freq=hourly mode=static_weight patches=[2, 4, 8, 12] horizon=10d ===
[a4_hourly_static_weight_10d] epoch 001/060 val_loss=4296.73769531 best_val_loss=4296.73769531 bad_epochs=0/8 epoch_time=00:00:13 eta=00:12:19
[a4_hourly_static_weight_10d] epoch 002/060 val_loss=1646.09929199 best_val_loss=1646.09929199 bad_epochs=0/8 epoch_time=00:00:13 eta=00:12:06
[a4_hourly_static_weight_10d] epoch 003/060 val_loss=257.12672729 best_val_loss=257.12672729 bad_epochs=0/8 epoch_time=00:00:13 eta=00:11:56
[a4_hourly_static_weight_10d] epoch 004/060 val_loss=75.44715805 best_val_loss=75.44715805 bad_epochs=0/8 epoch_time=00:00:13 eta=00:11:43
[a4_hourly_static_weight_10d] epoch 005/060 val_loss=30.83752213 best_val_loss=30.83752213 bad_epochs=0/8 epoch_time=00:00:12 eta=00:11:30
[a4_hourly_static_weight_10d] epoch 006/060 val_loss=13.89963646 best_val_loss=13.89963646 bad_epochs=0/8 epoch_time=00:00:12 eta=00:11:16
[a4_hourly_static_weight_10d] epoch 007/060 val_loss=13.61858597 best_val_loss=13.61858597 bad_epochs=0/8 epoch_time=00:00:13 eta=00:11:03
[a4_hourly_static_weight_10d] epoch 008/060 val_loss=8.60997753 best_val_loss=8.60997753 bad_epochs=0/8 epoch_time=00:00:12 eta=00:10:50
[a4_hourly_static_weight_10d] epoch 009/060 val_loss=10.66386814 best_val_loss=8.60997753 bad_epochs=1/8 epoch_time=00:00:13 eta=00:10:40
[a4_hourly_static_weight_10d] epoch 010/060 val_loss=7.49245453 best_val_loss=7.49245453 bad_epochs=0/8 epoch_time=00:00:12 eta=00:10:27
[a4_hourly_static_weight_10d] epoch 011/060 val_loss=9.54547462 best_val_loss=7.49245453 bad_epochs=1/8 epoch_time=00:00:13 eta=00:10:14
[a4_hourly_static_weight_10d] epoch 012/060 val_loss=13.36817694 best_val_loss=7.49245453 bad_epochs=2/8 epoch_time=00:00:12 eta=00:10:01
[a4_hourly_static_weight_10d] epoch 013/060 val_loss=8.12173634 best_val_loss=7.49245453 bad_epochs=3/8 epoch_time=00:00:12 eta=00:09:49
[a4_hourly_static_weight_10d] epoch 014/060 val_loss=3.80991178 best_val_loss=3.80991178 bad_epochs=0/8 epoch_time=00:00:12 eta=00:09:36
[a4_hourly_static_weight_10d] epoch 015/060 val_loss=2.56595640 best_val_loss=2.56595640 bad_epochs=0/8 epoch_time=00:00:13 eta=00:09:24
[a4_hourly_static_weight_10d] epoch 016/060 val_loss=3.63885946 best_val_loss=2.56595640 bad_epochs=1/8 epoch_time=00:00:13 eta=00:09:11
[a4_hourly_static_weight_10d] epoch 017/060 val_loss=8.00882397 best_val_loss=2.56595640 bad_epochs=2/8 epoch_time=00:00:12 eta=00:08:58
[a4_hourly_static_weight_10d] epoch 018/060 val_loss=11.22978926 best_val_loss=2.56595640 bad_epochs=3/8 epoch_time=00:00:12 eta=00:08:46
[a4_hourly_static_weight_10d] epoch 019/060 val_loss=5.23224030 best_val_loss=2.56595640 bad_epochs=4/8 epoch_time=00:00:12 eta=00:08:33
[a4_hourly_static_weight_10d] epoch 020/060 val_loss=25.87206326 best_val_loss=2.56595640 bad_epochs=5/8 epoch_time=00:00:12 eta=00:08:20
[a4_hourly_static_weight_10d] epoch 021/060 val_loss=15.84910259 best_val_loss=2.56595640 bad_epochs=6/8 epoch_time=00:00:12 eta=00:08:08
[a4_hourly_static_weight_10d] epoch 022/060 val_loss=14.54456053 best_val_loss=2.56595640 bad_epochs=7/8 epoch_time=00:00:12 eta=00:07:55
[a4_hourly_static_weight_10d] epoch 023/060 val_loss=10.11624136 best_val_loss=2.56595640 bad_epochs=8/8 epoch_time=00:00:13 eta=00:07:43
[a4_hourly_static_weight_10d] early stopping at epoch 23
[a4] done freq=hourly mode=static_weight horizon=10d test_mse=0.170402 test_corr=-0.2587 (overall elapsed 02:23:04)
[a4] === run 10/24: freq=hourly mode=adaptive_router patches=[2, 4, 8, 12] horizon=10d ===
[a4_hourly_adaptive_router_10d] epoch 001/060 val_loss=17101.61796875 best_val_loss=17101.61796875 bad_epochs=0/8 epoch_time=00:00:13 eta=00:12:26
[a4_hourly_adaptive_router_10d] epoch 002/060 val_loss=11861.59687500 best_val_loss=11861.59687500 bad_epochs=0/8 epoch_time=00:00:13 eta=00:12:10
[a4_hourly_adaptive_router_10d] epoch 003/060 val_loss=8582.35595703 best_val_loss=8582.35595703 bad_epochs=0/8 epoch_time=00:00:13 eta=00:11:58
[a4_hourly_adaptive_router_10d] epoch 004/060 val_loss=6184.38339844 best_val_loss=6184.38339844 bad_epochs=0/8 epoch_time=00:00:12 eta=00:11:43
[a4_hourly_adaptive_router_10d] epoch 005/060 val_loss=3429.06325684 best_val_loss=3429.06325684 bad_epochs=0/8 epoch_time=00:00:13 eta=00:11:30
[a4_hourly_adaptive_router_10d] epoch 006/060 val_loss=1240.04459229 best_val_loss=1240.04459229 bad_epochs=0/8 epoch_time=00:00:13 eta=00:11:18
[a4_hourly_adaptive_router_10d] epoch 007/060 val_loss=240.50146790 best_val_loss=240.50146790 bad_epochs=0/8 epoch_time=00:00:12 eta=00:11:04
[a4_hourly_adaptive_router_10d] epoch 008/060 val_loss=85.37729568 best_val_loss=85.37729568 bad_epochs=0/8 epoch_time=00:00:12 eta=00:10:51
[a4_hourly_adaptive_router_10d] epoch 009/060 val_loss=69.67172012 best_val_loss=69.67172012 bad_epochs=0/8 epoch_time=00:00:13 eta=00:10:39
[a4_hourly_adaptive_router_10d] epoch 010/060 val_loss=73.13370667 best_val_loss=69.67172012 bad_epochs=1/8 epoch_time=00:00:13 eta=00:10:27
[a4_hourly_adaptive_router_10d] epoch 011/060 val_loss=65.07341080 best_val_loss=65.07341080 bad_epochs=0/8 epoch_time=00:00:13 eta=00:10:15
[a4_hourly_adaptive_router_10d] epoch 012/060 val_loss=67.26847687 best_val_loss=65.07341080 bad_epochs=1/8 epoch_time=00:00:12 eta=00:10:02
[a4_hourly_adaptive_router_10d] epoch 013/060 val_loss=61.47991142 best_val_loss=61.47991142 bad_epochs=0/8 epoch_time=00:00:13 eta=00:09:50
[a4_hourly_adaptive_router_10d] epoch 014/060 val_loss=62.24384155 best_val_loss=61.47991142 bad_epochs=1/8 epoch_time=00:00:12 eta=00:09:37
[a4_hourly_adaptive_router_10d] epoch 015/060 val_loss=57.29615555 best_val_loss=57.29615555 bad_epochs=0/8 epoch_time=00:00:13 eta=00:09:25
[a4_hourly_adaptive_router_10d] epoch 016/060 val_loss=58.03770828 best_val_loss=57.29615555 bad_epochs=1/8 epoch_time=00:00:12 eta=00:09:12
[a4_hourly_adaptive_router_10d] epoch 017/060 val_loss=53.52763977 best_val_loss=53.52763977 bad_epochs=0/8 epoch_time=00:00:13 eta=00:08:59
[a4_hourly_adaptive_router_10d] epoch 018/060 val_loss=53.46104584 best_val_loss=53.46104584 bad_epochs=0/8 epoch_time=00:00:12 eta=00:08:47
[a4_hourly_adaptive_router_10d] epoch 019/060 val_loss=49.51507263 best_val_loss=49.51507263 bad_epochs=0/8 epoch_time=00:00:12 eta=00:08:34
[a4_hourly_adaptive_router_10d] epoch 020/060 val_loss=49.56892929 best_val_loss=49.51507263 bad_epochs=1/8 epoch_time=00:00:12 eta=00:08:21
[a4_hourly_adaptive_router_10d] epoch 021/060 val_loss=45.09830513 best_val_loss=45.09830513 bad_epochs=0/8 epoch_time=00:00:13 eta=00:08:09
[a4_hourly_adaptive_router_10d] epoch 022/060 val_loss=46.67670021 best_val_loss=45.09830513 bad_epochs=1/8 epoch_time=00:00:12 eta=00:07:56
[a4_hourly_adaptive_router_10d] epoch 023/060 val_loss=41.00016747 best_val_loss=41.00016747 bad_epochs=0/8 epoch_time=00:00:12 eta=00:07:43
[a4_hourly_adaptive_router_10d] epoch 024/060 val_loss=43.10661812 best_val_loss=41.00016747 bad_epochs=1/8 epoch_time=00:00:13 eta=00:07:31
[a4_hourly_adaptive_router_10d] epoch 025/060 val_loss=36.57087555 best_val_loss=36.57087555 bad_epochs=0/8 epoch_time=00:00:13 eta=00:07:18
[a4_hourly_adaptive_router_10d] epoch 026/060 val_loss=39.47065506 best_val_loss=36.57087555 bad_epochs=1/8 epoch_time=00:00:13 eta=00:07:06
[a4_hourly_adaptive_router_10d] epoch 027/060 val_loss=32.20638046 best_val_loss=32.20638046 bad_epochs=0/8 epoch_time=00:00:12 eta=00:06:53
[a4_hourly_adaptive_router_10d] epoch 028/060 val_loss=35.87101593 best_val_loss=32.20638046 bad_epochs=1/8 epoch_time=00:00:12 eta=00:06:41
[a4_hourly_adaptive_router_10d] epoch 029/060 val_loss=27.01507587 best_val_loss=27.01507587 bad_epochs=0/8 epoch_time=00:00:13 eta=00:06:28
[a4_hourly_adaptive_router_10d] epoch 030/060 val_loss=31.82967415 best_val_loss=27.01507587 bad_epochs=1/8 epoch_time=00:00:12 eta=00:06:16
[a4_hourly_adaptive_router_10d] epoch 031/060 val_loss=21.48306484 best_val_loss=21.48306484 bad_epochs=0/8 epoch_time=00:00:12 eta=00:06:03
[a4_hourly_adaptive_router_10d] epoch 032/060 val_loss=29.49798851 best_val_loss=21.48306484 bad_epochs=1/8 epoch_time=00:00:12 eta=00:05:50
[a4_hourly_adaptive_router_10d] epoch 033/060 val_loss=13.35669899 best_val_loss=13.35669899 bad_epochs=0/8 epoch_time=00:00:12 eta=00:05:38
[a4_hourly_adaptive_router_10d] epoch 034/060 val_loss=11.81964817 best_val_loss=11.81964817 bad_epochs=0/8 epoch_time=00:00:13 eta=00:05:26
[a4_hourly_adaptive_router_10d] epoch 035/060 val_loss=12.48218794 best_val_loss=11.81964817 bad_epochs=1/8 epoch_time=00:00:12 eta=00:05:13
[a4_hourly_adaptive_router_10d] epoch 036/060 val_loss=7.81853042 best_val_loss=7.81853042 bad_epochs=0/8 epoch_time=00:00:13 eta=00:05:00
[a4_hourly_adaptive_router_10d] epoch 037/060 val_loss=8.19340487 best_val_loss=7.81853042 bad_epochs=1/8 epoch_time=00:00:13 eta=00:04:48
[a4_hourly_adaptive_router_10d] epoch 038/060 val_loss=21.97885075 best_val_loss=7.81853042 bad_epochs=2/8 epoch_time=00:00:12 eta=00:04:35
[a4_hourly_adaptive_router_10d] epoch 039/060 val_loss=3.31693802 best_val_loss=3.31693802 bad_epochs=0/8 epoch_time=00:00:12 eta=00:04:23
[a4_hourly_adaptive_router_10d] epoch 040/060 val_loss=15.44645920 best_val_loss=3.31693802 bad_epochs=1/8 epoch_time=00:00:13 eta=00:04:10
[a4_hourly_adaptive_router_10d] epoch 041/060 val_loss=4.67755191 best_val_loss=3.31693802 bad_epochs=2/8 epoch_time=00:00:13 eta=00:03:58
[a4_hourly_adaptive_router_10d] epoch 042/060 val_loss=13.19048367 best_val_loss=3.31693802 bad_epochs=3/8 epoch_time=00:00:13 eta=00:03:45
[a4_hourly_adaptive_router_10d] epoch 043/060 val_loss=4.73665414 best_val_loss=3.31693802 bad_epochs=4/8 epoch_time=00:00:12 eta=00:03:33
[a4_hourly_adaptive_router_10d] epoch 044/060 val_loss=8.38509607 best_val_loss=3.31693802 bad_epochs=5/8 epoch_time=00:00:12 eta=00:03:20
[a4_hourly_adaptive_router_10d] epoch 045/060 val_loss=1.21633064 best_val_loss=1.21633064 bad_epochs=0/8 epoch_time=00:00:13 eta=00:03:08
[a4_hourly_adaptive_router_10d] epoch 046/060 val_loss=18.05121384 best_val_loss=1.21633064 bad_epochs=1/8 epoch_time=00:00:13 eta=00:02:55
[a4_hourly_adaptive_router_10d] epoch 047/060 val_loss=9.35719566 best_val_loss=1.21633064 bad_epochs=2/8 epoch_time=00:00:13 eta=00:02:43
[a4_hourly_adaptive_router_10d] epoch 048/060 val_loss=10.70028553 best_val_loss=1.21633064 bad_epochs=3/8 epoch_time=00:00:13 eta=00:02:30
[a4_hourly_adaptive_router_10d] epoch 049/060 val_loss=3.84641960 best_val_loss=1.21633064 bad_epochs=4/8 epoch_time=00:00:13 eta=00:02:18
[a4_hourly_adaptive_router_10d] epoch 050/060 val_loss=2.44679377 best_val_loss=1.21633064 bad_epochs=5/8 epoch_time=00:00:12 eta=00:02:05
[a4_hourly_adaptive_router_10d] epoch 051/060 val_loss=15.50461426 best_val_loss=1.21633064 bad_epochs=6/8 epoch_time=00:00:13 eta=00:01:53
[a4_hourly_adaptive_router_10d] epoch 052/060 val_loss=4.80509393 best_val_loss=1.21633064 bad_epochs=7/8 epoch_time=00:00:12 eta=00:01:40
[a4_hourly_adaptive_router_10d] epoch 053/060 val_loss=16.07909327 best_val_loss=1.21633064 bad_epochs=8/8 epoch_time=00:00:13 eta=00:01:28
[a4_hourly_adaptive_router_10d] early stopping at epoch 53
[a4] done freq=hourly mode=adaptive_router horizon=10d test_mse=0.075926 test_corr=0.0309 (overall elapsed 02:34:13)
[a4] === run 11/24: freq=halfday mode=static_weight patches=[2, 4, 8, 10, 12] horizon=10d ===
[a4_halfday_static_weight_10d] epoch 001/060 val_loss=16981.28964844 best_val_loss=16981.28964844 bad_epochs=0/8 epoch_time=00:00:12 eta=00:11:22
[a4_halfday_static_weight_10d] epoch 002/060 val_loss=4802.59228516 best_val_loss=4802.59228516 bad_epochs=0/8 epoch_time=00:00:11 eta=00:11:06
[a4_halfday_static_weight_10d] epoch 003/060 val_loss=808.58457031 best_val_loss=808.58457031 bad_epochs=0/8 epoch_time=00:00:11 eta=00:10:53
[a4_halfday_static_weight_10d] epoch 004/060 val_loss=158.16764221 best_val_loss=158.16764221 bad_epochs=0/8 epoch_time=00:00:11 eta=00:10:41
[a4_halfday_static_weight_10d] epoch 005/060 val_loss=62.05414047 best_val_loss=62.05414047 bad_epochs=0/8 epoch_time=00:00:11 eta=00:10:29
[a4_halfday_static_weight_10d] epoch 006/060 val_loss=86.33966827 best_val_loss=62.05414047 bad_epochs=1/8 epoch_time=00:00:11 eta=00:10:17
[a4_halfday_static_weight_10d] epoch 007/060 val_loss=58.11004868 best_val_loss=58.11004868 bad_epochs=0/8 epoch_time=00:00:11 eta=00:10:05
[a4_halfday_static_weight_10d] epoch 008/060 val_loss=118.97494431 best_val_loss=58.11004868 bad_epochs=1/8 epoch_time=00:00:11 eta=00:09:54
[a4_halfday_static_weight_10d] epoch 009/060 val_loss=156.63973389 best_val_loss=58.11004868 bad_epochs=2/8 epoch_time=00:00:11 eta=00:09:42
[a4_halfday_static_weight_10d] epoch 010/060 val_loss=45.15991135 best_val_loss=45.15991135 bad_epochs=0/8 epoch_time=00:00:11 eta=00:09:31
[a4_halfday_static_weight_10d] epoch 011/060 val_loss=46.38634014 best_val_loss=45.15991135 bad_epochs=1/8 epoch_time=00:00:11 eta=00:09:19
[a4_halfday_static_weight_10d] epoch 012/060 val_loss=59.28234406 best_val_loss=45.15991135 bad_epochs=2/8 epoch_time=00:00:11 eta=00:09:08
[a4_halfday_static_weight_10d] epoch 013/060 val_loss=49.02029686 best_val_loss=45.15991135 bad_epochs=3/8 epoch_time=00:00:11 eta=00:08:56
[a4_halfday_static_weight_10d] epoch 014/060 val_loss=83.63267975 best_val_loss=45.15991135 bad_epochs=4/8 epoch_time=00:00:11 eta=00:08:45
[a4_halfday_static_weight_10d] epoch 015/060 val_loss=66.47225647 best_val_loss=45.15991135 bad_epochs=5/8 epoch_time=00:00:11 eta=00:08:33
[a4_halfday_static_weight_10d] epoch 016/060 val_loss=75.38000412 best_val_loss=45.15991135 bad_epochs=6/8 epoch_time=00:00:11 eta=00:08:22
[a4_halfday_static_weight_10d] epoch 017/060 val_loss=110.23905945 best_val_loss=45.15991135 bad_epochs=7/8 epoch_time=00:00:11 eta=00:08:11
[a4_halfday_static_weight_10d] epoch 018/060 val_loss=152.62479553 best_val_loss=45.15991135 bad_epochs=8/8 epoch_time=00:00:11 eta=00:07:59
[a4_halfday_static_weight_10d] early stopping at epoch 18
[a4] done freq=halfday mode=static_weight horizon=10d test_mse=40.748489 test_corr=0.0366 (overall elapsed 02:37:44)
[a4] === run 12/24: freq=halfday mode=adaptive_router patches=[2, 4, 8, 10, 12] horizon=10d ===
[a4_halfday_adaptive_router_10d] epoch 001/060 val_loss=40114.05937500 best_val_loss=40114.05937500 bad_epochs=0/8 epoch_time=00:00:12 eta=00:11:21
[a4_halfday_adaptive_router_10d] epoch 002/060 val_loss=25516.27324219 best_val_loss=25516.27324219 bad_epochs=0/8 epoch_time=00:00:12 eta=00:11:10
[a4_halfday_adaptive_router_10d] epoch 003/060 val_loss=14128.30253906 best_val_loss=14128.30253906 bad_epochs=0/8 epoch_time=00:00:12 eta=00:10:59
[a4_halfday_adaptive_router_10d] epoch 004/060 val_loss=3999.97045898 best_val_loss=3999.97045898 bad_epochs=0/8 epoch_time=00:00:11 eta=00:10:45
[a4_halfday_adaptive_router_10d] epoch 005/060 val_loss=625.06602173 best_val_loss=625.06602173 bad_epochs=0/8 epoch_time=00:00:12 eta=00:10:34
[a4_halfday_adaptive_router_10d] epoch 006/060 val_loss=88.23567810 best_val_loss=88.23567810 bad_epochs=0/8 epoch_time=00:00:11 eta=00:10:22
[a4_halfday_adaptive_router_10d] epoch 007/060 val_loss=66.07843323 best_val_loss=66.07843323 bad_epochs=0/8 epoch_time=00:00:12 eta=00:10:10
[a4_halfday_adaptive_router_10d] epoch 008/060 val_loss=44.96649971 best_val_loss=44.96649971 bad_epochs=0/8 epoch_time=00:00:11 eta=00:09:58
[a4_halfday_adaptive_router_10d] epoch 009/060 val_loss=70.10372238 best_val_loss=44.96649971 bad_epochs=1/8 epoch_time=00:00:12 eta=00:09:47
[a4_halfday_adaptive_router_10d] epoch 010/060 val_loss=43.92840042 best_val_loss=43.92840042 bad_epochs=0/8 epoch_time=00:00:12 eta=00:09:36
[a4_halfday_adaptive_router_10d] epoch 011/060 val_loss=69.49789658 best_val_loss=43.92840042 bad_epochs=1/8 epoch_time=00:00:11 eta=00:09:24
[a4_halfday_adaptive_router_10d] epoch 012/060 val_loss=43.92473984 best_val_loss=43.92473984 bad_epochs=0/8 epoch_time=00:00:11 eta=00:09:12
[a4_halfday_adaptive_router_10d] epoch 013/060 val_loss=68.27949371 best_val_loss=43.92473984 bad_epochs=1/8 epoch_time=00:00:12 eta=00:09:01
[a4_halfday_adaptive_router_10d] epoch 014/060 val_loss=44.16917839 best_val_loss=43.92473984 bad_epochs=2/8 epoch_time=00:00:12 eta=00:08:50
[a4_halfday_adaptive_router_10d] epoch 015/060 val_loss=67.48388290 best_val_loss=43.92473984 bad_epochs=3/8 epoch_time=00:00:11 eta=00:08:38
[a4_halfday_adaptive_router_10d] epoch 016/060 val_loss=44.22795219 best_val_loss=43.92473984 bad_epochs=4/8 epoch_time=00:00:12 eta=00:08:27
[a4_halfday_adaptive_router_10d] epoch 017/060 val_loss=66.78790970 best_val_loss=43.92473984 bad_epochs=5/8 epoch_time=00:00:11 eta=00:08:15
[a4_halfday_adaptive_router_10d] epoch 018/060 val_loss=44.43336792 best_val_loss=43.92473984 bad_epochs=6/8 epoch_time=00:00:12 eta=00:08:04
[a4_halfday_adaptive_router_10d] epoch 019/060 val_loss=66.02205276 best_val_loss=43.92473984 bad_epochs=7/8 epoch_time=00:00:11 eta=00:07:52
[a4_halfday_adaptive_router_10d] epoch 020/060 val_loss=44.63382111 best_val_loss=43.92473984 bad_epochs=8/8 epoch_time=00:00:11 eta=00:07:40
[a4_halfday_adaptive_router_10d] early stopping at epoch 20
[a4] done freq=halfday mode=adaptive_router horizon=10d test_mse=46.116951 test_corr=-0.0960 (overall elapsed 02:41:39)
[a4] === run 13/24: freq=daily mode=static_weight patches=[5, 10, 20, 30] horizon=10d ===
[a4_daily_static_weight_10d] epoch 001/060 val_loss=316466.71562500 best_val_loss=316466.71562500 bad_epochs=0/8 epoch_time=00:00:47 eta=00:46:40
[a4_daily_static_weight_10d] epoch 002/060 val_loss=239313.46406250 best_val_loss=239313.46406250 bad_epochs=0/8 epoch_time=00:00:47 eta=00:45:44
[a4_daily_static_weight_10d] epoch 003/060 val_loss=200354.79687500 best_val_loss=200354.79687500 bad_epochs=0/8 epoch_time=00:00:47 eta=00:44:49
[a4_daily_static_weight_10d] epoch 004/060 val_loss=176669.70937500 best_val_loss=176669.70937500 bad_epochs=0/8 epoch_time=00:00:47 eta=00:43:58
[a4_daily_static_weight_10d] epoch 005/060 val_loss=154746.83437500 best_val_loss=154746.83437500 bad_epochs=0/8 epoch_time=00:00:47 eta=00:43:11
[a4_daily_static_weight_10d] epoch 006/060 val_loss=138117.35625000 best_val_loss=138117.35625000 bad_epochs=0/8 epoch_time=00:00:47 eta=00:42:26
[a4_daily_static_weight_10d] epoch 007/060 val_loss=120117.58085937 best_val_loss=120117.58085937 bad_epochs=0/8 epoch_time=00:00:47 eta=00:41:38
[a4_daily_static_weight_10d] epoch 008/060 val_loss=93858.12500000 best_val_loss=93858.12500000 bad_epochs=0/8 epoch_time=00:00:47 eta=00:40:50
[a4_daily_static_weight_10d] epoch 009/060 val_loss=68728.43476563 best_val_loss=68728.43476563 bad_epochs=0/8 epoch_time=00:00:47 eta=00:40:02
[a4_daily_static_weight_10d] epoch 010/060 val_loss=33178.96875000 best_val_loss=33178.96875000 bad_epochs=0/8 epoch_time=00:00:47 eta=00:39:14
[a4_daily_static_weight_10d] epoch 011/060 val_loss=5115.40019531 best_val_loss=5115.40019531 bad_epochs=0/8 epoch_time=00:00:47 eta=00:38:27
[a4_daily_static_weight_10d] epoch 012/060 val_loss=655.94696045 best_val_loss=655.94696045 bad_epochs=0/8 epoch_time=00:00:47 eta=00:37:40
[a4_daily_static_weight_10d] epoch 013/060 val_loss=92.79011688 best_val_loss=92.79011688 bad_epochs=0/8 epoch_time=00:00:47 eta=00:36:53
[a4_daily_static_weight_10d] epoch 014/060 val_loss=20.92508106 best_val_loss=20.92508106 bad_epochs=0/8 epoch_time=00:00:47 eta=00:36:05
[a4_daily_static_weight_10d] epoch 015/060 val_loss=19.52624302 best_val_loss=19.52624302 bad_epochs=0/8 epoch_time=00:00:47 eta=00:35:19
[a4_daily_static_weight_10d] epoch 016/060 val_loss=18.75877743 best_val_loss=18.75877743 bad_epochs=0/8 epoch_time=00:00:47 eta=00:34:32
[a4_daily_static_weight_10d] epoch 017/060 val_loss=17.70634766 best_val_loss=17.70634766 bad_epochs=0/8 epoch_time=00:00:47 eta=00:33:45
[a4_daily_static_weight_10d] epoch 018/060 val_loss=16.76967411 best_val_loss=16.76967411 bad_epochs=0/8 epoch_time=00:00:47 eta=00:32:58
[a4_daily_static_weight_10d] epoch 019/060 val_loss=15.97640219 best_val_loss=15.97640219 bad_epochs=0/8 epoch_time=00:00:48 eta=00:32:12
[a4_daily_static_weight_10d] epoch 020/060 val_loss=15.41509676 best_val_loss=15.41509676 bad_epochs=0/8 epoch_time=00:00:49 eta=00:31:28
[a4_daily_static_weight_10d] epoch 021/060 val_loss=15.06105099 best_val_loss=15.06105099 bad_epochs=0/8 epoch_time=00:00:49 eta=00:30:44
[a4_daily_static_weight_10d] epoch 022/060 val_loss=14.40304394 best_val_loss=14.40304394 bad_epochs=0/8 epoch_time=00:00:49 eta=00:30:00
[a4_daily_static_weight_10d] epoch 023/060 val_loss=14.05961094 best_val_loss=14.05961094 bad_epochs=0/8 epoch_time=00:00:50 eta=00:29:16
[a4_daily_static_weight_10d] epoch 024/060 val_loss=13.69739628 best_val_loss=13.69739628 bad_epochs=0/8 epoch_time=00:00:49 eta=00:28:31
[a4_daily_static_weight_10d] epoch 025/060 val_loss=13.24627743 best_val_loss=13.24627743 bad_epochs=0/8 epoch_time=00:00:48 eta=00:27:44
[a4_daily_static_weight_10d] epoch 026/060 val_loss=12.95785294 best_val_loss=12.95785294 bad_epochs=0/8 epoch_time=00:00:48 eta=00:26:57
[a4_daily_static_weight_10d] epoch 027/060 val_loss=12.67973862 best_val_loss=12.67973862 bad_epochs=0/8 epoch_time=00:00:48 eta=00:26:11
[a4_daily_static_weight_10d] epoch 028/060 val_loss=12.27986469 best_val_loss=12.27986469 bad_epochs=0/8 epoch_time=00:00:49 eta=00:25:25
[a4_daily_static_weight_10d] epoch 029/060 val_loss=11.90519075 best_val_loss=11.90519075 bad_epochs=0/8 epoch_time=00:00:48 eta=00:24:38
[a4_daily_static_weight_10d] epoch 030/060 val_loss=11.72564669 best_val_loss=11.72564669 bad_epochs=0/8 epoch_time=00:00:48 eta=00:23:50
[a4_daily_static_weight_10d] epoch 031/060 val_loss=11.63555489 best_val_loss=11.63555489 bad_epochs=0/8 epoch_time=00:00:48 eta=00:23:03
[a4_daily_static_weight_10d] epoch 032/060 val_loss=11.44416323 best_val_loss=11.44416323 bad_epochs=0/8 epoch_time=00:00:48 eta=00:22:15
[a4_daily_static_weight_10d] epoch 033/060 val_loss=11.19371548 best_val_loss=11.19371548 bad_epochs=0/8 epoch_time=00:00:48 eta=00:21:28
[a4_daily_static_weight_10d] epoch 034/060 val_loss=11.14733458 best_val_loss=11.14733458 bad_epochs=0/8 epoch_time=00:00:48 eta=00:20:41
[a4_daily_static_weight_10d] epoch 035/060 val_loss=11.07662439 best_val_loss=11.07662439 bad_epochs=0/8 epoch_time=00:00:48 eta=00:19:53
[a4_daily_static_weight_10d] epoch 036/060 val_loss=10.92886000 best_val_loss=10.92886000 bad_epochs=0/8 epoch_time=00:00:49 eta=00:19:06
[a4_daily_static_weight_10d] epoch 037/060 val_loss=10.79060946 best_val_loss=10.79060946 bad_epochs=0/8 epoch_time=00:00:49 eta=00:18:19
[a4_daily_static_weight_10d] epoch 038/060 val_loss=10.53535156 best_val_loss=10.53535156 bad_epochs=0/8 epoch_time=00:00:49 eta=00:17:32
[a4_daily_static_weight_10d] epoch 039/060 val_loss=10.26538906 best_val_loss=10.26538906 bad_epochs=0/8 epoch_time=00:00:49 eta=00:16:45
[a4_daily_static_weight_10d] epoch 040/060 val_loss=10.14704943 best_val_loss=10.14704943 bad_epochs=0/8 epoch_time=00:00:49 eta=00:15:57
[a4_daily_static_weight_10d] epoch 041/060 val_loss=10.07340860 best_val_loss=10.07340860 bad_epochs=0/8 epoch_time=00:00:49 eta=00:15:10
[a4_daily_static_weight_10d] epoch 042/060 val_loss=9.95636988 best_val_loss=9.95636988 bad_epochs=0/8 epoch_time=00:00:48 eta=00:14:22
[a4_daily_static_weight_10d] epoch 043/060 val_loss=9.78885894 best_val_loss=9.78885894 bad_epochs=0/8 epoch_time=00:00:49 eta=00:13:35
[a4_daily_static_weight_10d] epoch 044/060 val_loss=9.66971145 best_val_loss=9.66971145 bad_epochs=0/8 epoch_time=00:00:48 eta=00:12:47
[a4_daily_static_weight_10d] epoch 045/060 val_loss=9.54145980 best_val_loss=9.54145980 bad_epochs=0/8 epoch_time=00:00:48 eta=00:11:59
[a4_daily_static_weight_10d] epoch 046/060 val_loss=9.46033840 best_val_loss=9.46033840 bad_epochs=0/8 epoch_time=00:00:48 eta=00:11:11
[a4_daily_static_weight_10d] epoch 047/060 val_loss=9.40504642 best_val_loss=9.40504642 bad_epochs=0/8 epoch_time=00:00:48 eta=00:10:23
[a4_daily_static_weight_10d] epoch 048/060 val_loss=9.38491702 best_val_loss=9.38491702 bad_epochs=0/8 epoch_time=00:00:47 eta=00:09:35
[a4_daily_static_weight_10d] epoch 049/060 val_loss=9.16632605 best_val_loss=9.16632605 bad_epochs=0/8 epoch_time=00:00:48 eta=00:08:47
[a4_daily_static_weight_10d] epoch 050/060 val_loss=9.21360846 best_val_loss=9.16632605 bad_epochs=1/8 epoch_time=00:00:48 eta=00:07:59
[a4_daily_static_weight_10d] epoch 051/060 val_loss=9.00939116 best_val_loss=9.00939116 bad_epochs=0/8 epoch_time=00:00:47 eta=00:07:11
[a4_daily_static_weight_10d] epoch 052/060 val_loss=8.73345261 best_val_loss=8.73345261 bad_epochs=0/8 epoch_time=00:00:48 eta=00:06:23
[a4_daily_static_weight_10d] epoch 053/060 val_loss=8.57391949 best_val_loss=8.57391949 bad_epochs=0/8 epoch_time=00:00:48 eta=00:05:35
[a4_daily_static_weight_10d] epoch 054/060 val_loss=8.36117210 best_val_loss=8.36117210 bad_epochs=0/8 epoch_time=00:00:48 eta=00:04:47
[a4_daily_static_weight_10d] epoch 055/060 val_loss=8.28362718 best_val_loss=8.28362718 bad_epochs=0/8 epoch_time=00:00:48 eta=00:03:59
[a4_daily_static_weight_10d] epoch 056/060 val_loss=8.05324497 best_val_loss=8.05324497 bad_epochs=0/8 epoch_time=00:00:48 eta=00:03:11
[a4_daily_static_weight_10d] epoch 057/060 val_loss=7.82584696 best_val_loss=7.82584696 bad_epochs=0/8 epoch_time=00:00:48 eta=00:02:24
[a4_daily_static_weight_10d] epoch 058/060 val_loss=7.74490833 best_val_loss=7.74490833 bad_epochs=0/8 epoch_time=00:00:48 eta=00:01:36
[a4_daily_static_weight_10d] epoch 059/060 val_loss=7.55944586 best_val_loss=7.55944586 bad_epochs=0/8 epoch_time=00:00:48 eta=00:00:48
[a4_daily_static_weight_10d] epoch 060/060 val_loss=7.37824748 best_val_loss=7.37824748 bad_epochs=0/8 epoch_time=00:00:48 eta=00:00:00
[a4] done freq=daily mode=static_weight horizon=10d test_mse=0.858172 test_corr=0.0255 (overall elapsed 03:29:48)
[a4] === run 14/24: freq=daily mode=adaptive_router patches=[5, 10, 20, 30] horizon=10d ===
[a4_daily_adaptive_router_10d] epoch 001/060 val_loss=364853.00312500 best_val_loss=364853.00312500 bad_epochs=0/8 epoch_time=00:00:48 eta=00:47:12
[a4_daily_adaptive_router_10d] epoch 002/060 val_loss=302599.61093750 best_val_loss=302599.61093750 bad_epochs=0/8 epoch_time=00:00:48 eta=00:46:18
[a4_daily_adaptive_router_10d] epoch 003/060 val_loss=267074.39062500 best_val_loss=267074.39062500 bad_epochs=0/8 epoch_time=00:00:48 eta=00:45:23
[a4_daily_adaptive_router_10d] epoch 004/060 val_loss=233871.60625000 best_val_loss=233871.60625000 bad_epochs=0/8 epoch_time=00:00:47 eta=00:44:30
[a4_daily_adaptive_router_10d] epoch 005/060 val_loss=210770.14531250 best_val_loss=210770.14531250 bad_epochs=0/8 epoch_time=00:00:48 eta=00:43:41
[a4_daily_adaptive_router_10d] epoch 006/060 val_loss=194123.16875000 best_val_loss=194123.16875000 bad_epochs=0/8 epoch_time=00:00:48 eta=00:42:53
[a4_daily_adaptive_router_10d] epoch 007/060 val_loss=173375.89375000 best_val_loss=173375.89375000 bad_epochs=0/8 epoch_time=00:00:48 eta=00:42:05
[a4_daily_adaptive_router_10d] epoch 008/060 val_loss=153011.76484375 best_val_loss=153011.76484375 bad_epochs=0/8 epoch_time=00:00:47 eta=00:41:16
[a4_daily_adaptive_router_10d] epoch 009/060 val_loss=126743.36406250 best_val_loss=126743.36406250 bad_epochs=0/8 epoch_time=00:00:47 eta=00:40:27
[a4_daily_adaptive_router_10d] epoch 010/060 val_loss=100405.46562500 best_val_loss=100405.46562500 bad_epochs=0/8 epoch_time=00:00:47 eta=00:39:39
[a4_daily_adaptive_router_10d] epoch 011/060 val_loss=69780.53554688 best_val_loss=69780.53554688 bad_epochs=0/8 epoch_time=00:00:47 eta=00:38:51
[a4_daily_adaptive_router_10d] epoch 012/060 val_loss=27285.68398437 best_val_loss=27285.68398437 bad_epochs=0/8 epoch_time=00:00:48 eta=00:38:04
[a4_daily_adaptive_router_10d] epoch 013/060 val_loss=4501.80657959 best_val_loss=4501.80657959 bad_epochs=0/8 epoch_time=00:00:48 eta=00:37:16
[a4_daily_adaptive_router_10d] epoch 014/060 val_loss=2026.65026855 best_val_loss=2026.65026855 bad_epochs=0/8 epoch_time=00:00:47 eta=00:36:28
[a4_daily_adaptive_router_10d] epoch 015/060 val_loss=128.67268524 best_val_loss=128.67268524 bad_epochs=0/8 epoch_time=00:00:48 eta=00:35:40
[a4_daily_adaptive_router_10d] epoch 016/060 val_loss=119.52263412 best_val_loss=119.52263412 bad_epochs=0/8 epoch_time=00:00:47 eta=00:34:52
[a4_daily_adaptive_router_10d] epoch 017/060 val_loss=199.67991028 best_val_loss=119.52263412 bad_epochs=1/8 epoch_time=00:00:47 eta=00:34:04
[a4_daily_adaptive_router_10d] epoch 018/060 val_loss=48.20079937 best_val_loss=48.20079937 bad_epochs=0/8 epoch_time=00:00:47 eta=00:33:16
[a4_daily_adaptive_router_10d] epoch 019/060 val_loss=104.57409363 best_val_loss=48.20079937 bad_epochs=1/8 epoch_time=00:00:47 eta=00:32:28
[a4_daily_adaptive_router_10d] epoch 020/060 val_loss=178.29663849 best_val_loss=48.20079937 bad_epochs=2/8 epoch_time=00:00:47 eta=00:31:41
[a4_daily_adaptive_router_10d] epoch 021/060 val_loss=35.56473637 best_val_loss=35.56473637 bad_epochs=0/8 epoch_time=00:00:47 eta=00:30:53
[a4_daily_adaptive_router_10d] epoch 022/060 val_loss=92.62182503 best_val_loss=35.56473637 bad_epochs=1/8 epoch_time=00:00:47 eta=00:30:05
[a4_daily_adaptive_router_10d] epoch 023/060 val_loss=167.73976822 best_val_loss=35.56473637 bad_epochs=2/8 epoch_time=00:00:47 eta=00:29:18
[a4_daily_adaptive_router_10d] epoch 024/060 val_loss=29.29913940 best_val_loss=29.29913940 bad_epochs=0/8 epoch_time=00:00:47 eta=00:28:30
[a4_daily_adaptive_router_10d] epoch 025/060 val_loss=86.24436035 best_val_loss=29.29913940 bad_epochs=1/8 epoch_time=00:00:47 eta=00:27:42
[a4_daily_adaptive_router_10d] epoch 026/060 val_loss=159.76776352 best_val_loss=29.29913940 bad_epochs=2/8 epoch_time=00:00:48 eta=00:26:55
[a4_daily_adaptive_router_10d] epoch 027/060 val_loss=26.41269617 best_val_loss=26.41269617 bad_epochs=0/8 epoch_time=00:00:47 eta=00:26:07
[a4_daily_adaptive_router_10d] epoch 028/060 val_loss=82.36870384 best_val_loss=26.41269617 bad_epochs=1/8 epoch_time=00:00:48 eta=00:25:20
[a4_daily_adaptive_router_10d] epoch 029/060 val_loss=154.74443817 best_val_loss=26.41269617 bad_epochs=2/8 epoch_time=00:00:47 eta=00:24:32
[a4_daily_adaptive_router_10d] epoch 030/060 val_loss=23.96546173 best_val_loss=23.96546173 bad_epochs=0/8 epoch_time=00:00:48 eta=00:23:45
[a4_daily_adaptive_router_10d] epoch 031/060 val_loss=79.22911797 best_val_loss=23.96546173 bad_epochs=1/8 epoch_time=00:00:48 eta=00:22:57
[a4_daily_adaptive_router_10d] epoch 032/060 val_loss=150.67884369 best_val_loss=23.96546173 bad_epochs=2/8 epoch_time=00:00:47 eta=00:22:10
[a4_daily_adaptive_router_10d] epoch 033/060 val_loss=22.49377937 best_val_loss=22.49377937 bad_epochs=0/8 epoch_time=00:00:47 eta=00:21:22
[a4_daily_adaptive_router_10d] epoch 034/060 val_loss=77.13063164 best_val_loss=22.49377937 bad_epochs=1/8 epoch_time=00:00:47 eta=00:20:35
[a4_daily_adaptive_router_10d] epoch 035/060 val_loss=148.00531769 best_val_loss=22.49377937 bad_epochs=2/8 epoch_time=00:00:47 eta=00:19:47
[a4_daily_adaptive_router_10d] epoch 036/060 val_loss=20.63170643 best_val_loss=20.63170643 bad_epochs=0/8 epoch_time=00:00:47 eta=00:19:00
[a4_daily_adaptive_router_10d] epoch 037/060 val_loss=74.98321304 best_val_loss=20.63170643 bad_epochs=1/8 epoch_time=00:00:48 eta=00:18:12
[a4_daily_adaptive_router_10d] epoch 038/060 val_loss=145.91938782 best_val_loss=20.63170643 bad_epochs=2/8 epoch_time=00:00:48 eta=00:17:25
[a4_daily_adaptive_router_10d] epoch 039/060 val_loss=19.70510464 best_val_loss=19.70510464 bad_epochs=0/8 epoch_time=00:00:48 eta=00:16:37
[a4_daily_adaptive_router_10d] epoch 040/060 val_loss=73.49724846 best_val_loss=19.70510464 bad_epochs=1/8 epoch_time=00:00:47 eta=00:15:50
[a4_daily_adaptive_router_10d] epoch 041/060 val_loss=143.59408112 best_val_loss=19.70510464 bad_epochs=2/8 epoch_time=00:00:48 eta=00:15:02
[a4_daily_adaptive_router_10d] epoch 042/060 val_loss=18.47828774 best_val_loss=18.47828774 bad_epochs=0/8 epoch_time=00:00:48 eta=00:14:15
[a4_daily_adaptive_router_10d] epoch 043/060 val_loss=72.16179848 best_val_loss=18.47828774 bad_epochs=1/8 epoch_time=00:00:47 eta=00:13:27
[a4_daily_adaptive_router_10d] epoch 044/060 val_loss=141.97913361 best_val_loss=18.47828774 bad_epochs=2/8 epoch_time=00:00:48 eta=00:12:40
[a4_daily_adaptive_router_10d] epoch 045/060 val_loss=18.04761305 best_val_loss=18.04761305 bad_epochs=0/8 epoch_time=00:00:48 eta=00:11:53
[a4_daily_adaptive_router_10d] epoch 046/060 val_loss=71.31207428 best_val_loss=18.04761305 bad_epochs=1/8 epoch_time=00:00:48 eta=00:11:05
[a4_daily_adaptive_router_10d] epoch 047/060 val_loss=140.60961227 best_val_loss=18.04761305 bad_epochs=2/8 epoch_time=00:00:48 eta=00:10:18
[a4_daily_adaptive_router_10d] epoch 048/060 val_loss=17.47811627 best_val_loss=17.47811627 bad_epochs=0/8 epoch_time=00:00:47 eta=00:09:30
[a4_daily_adaptive_router_10d] epoch 049/060 val_loss=70.05051880 best_val_loss=17.47811627 bad_epochs=1/8 epoch_time=00:00:48 eta=00:08:43
[a4_daily_adaptive_router_10d] epoch 050/060 val_loss=139.99824104 best_val_loss=17.47811627 bad_epochs=2/8 epoch_time=00:00:48 eta=00:07:55
[a4_daily_adaptive_router_10d] epoch 051/060 val_loss=17.26906981 best_val_loss=17.26906981 bad_epochs=0/8 epoch_time=00:00:48 eta=00:07:08
[a4_daily_adaptive_router_10d] epoch 052/060 val_loss=69.04538040 best_val_loss=17.26906981 bad_epochs=1/8 epoch_time=00:00:48 eta=00:06:20
[a4_daily_adaptive_router_10d] epoch 053/060 val_loss=139.20791435 best_val_loss=17.26906981 bad_epochs=2/8 epoch_time=00:00:48 eta=00:05:33
[a4_daily_adaptive_router_10d] epoch 054/060 val_loss=17.06594648 best_val_loss=17.06594648 bad_epochs=0/8 epoch_time=00:00:48 eta=00:04:45
[a4_daily_adaptive_router_10d] epoch 055/060 val_loss=67.96544571 best_val_loss=17.06594648 bad_epochs=1/8 epoch_time=00:00:48 eta=00:03:58
[a4_daily_adaptive_router_10d] epoch 056/060 val_loss=138.35102425 best_val_loss=17.06594648 bad_epochs=2/8 epoch_time=00:00:48 eta=00:03:10
[a4_daily_adaptive_router_10d] epoch 057/060 val_loss=17.18111362 best_val_loss=17.06594648 bad_epochs=3/8 epoch_time=00:00:48 eta=00:02:23
[a4_daily_adaptive_router_10d] epoch 058/060 val_loss=67.57481308 best_val_loss=17.06594648 bad_epochs=4/8 epoch_time=00:00:48 eta=00:01:35
[a4_daily_adaptive_router_10d] epoch 059/060 val_loss=138.41374664 best_val_loss=17.06594648 bad_epochs=5/8 epoch_time=00:00:48 eta=00:00:48
[a4_daily_adaptive_router_10d] epoch 060/060 val_loss=17.38318343 best_val_loss=17.06594648 bad_epochs=6/8 epoch_time=00:00:48 eta=00:00:00
[a4] done freq=daily mode=adaptive_router horizon=10d test_mse=1.727839 test_corr=0.0996 (overall elapsed 04:17:40)
[a4] === run 15/24: freq=weekly mode=static_weight patches=[2, 4, 8, 12, 13, 14] horizon=10d ===
[a4_weekly_static_weight_10d] epoch 001/060 val_loss=168424.57812500 best_val_loss=168424.57812500 bad_epochs=0/8 epoch_time=00:00:18 eta=00:17:19
[a4_weekly_static_weight_10d] epoch 002/060 val_loss=92116.85781250 best_val_loss=92116.85781250 bad_epochs=0/8 epoch_time=00:00:17 eta=00:16:58
[a4_weekly_static_weight_10d] epoch 003/060 val_loss=32060.70507812 best_val_loss=32060.70507812 bad_epochs=0/8 epoch_time=00:00:17 eta=00:16:38
[a4_weekly_static_weight_10d] epoch 004/060 val_loss=7389.60185547 best_val_loss=7389.60185547 bad_epochs=0/8 epoch_time=00:00:17 eta=00:16:20
[a4_weekly_static_weight_10d] epoch 005/060 val_loss=1217.90690918 best_val_loss=1217.90690918 bad_epochs=0/8 epoch_time=00:00:17 eta=00:16:01
[a4_weekly_static_weight_10d] epoch 006/060 val_loss=958.90920410 best_val_loss=958.90920410 bad_epochs=0/8 epoch_time=00:00:17 eta=00:15:43
[a4_weekly_static_weight_10d] epoch 007/060 val_loss=46.47586174 best_val_loss=46.47586174 bad_epochs=0/8 epoch_time=00:00:17 eta=00:15:24
[a4_weekly_static_weight_10d] epoch 008/060 val_loss=122.22344666 best_val_loss=46.47586174 bad_epochs=1/8 epoch_time=00:00:17 eta=00:15:07
[a4_weekly_static_weight_10d] epoch 009/060 val_loss=122.94978027 best_val_loss=46.47586174 bad_epochs=2/8 epoch_time=00:00:18 eta=00:14:50
[a4_weekly_static_weight_10d] epoch 010/060 val_loss=820.55520020 best_val_loss=46.47586174 bad_epochs=3/8 epoch_time=00:00:18 eta=00:14:33
[a4_weekly_static_weight_10d] epoch 011/060 val_loss=324.13753662 best_val_loss=46.47586174 bad_epochs=4/8 epoch_time=00:00:17 eta=00:14:16
[a4_weekly_static_weight_10d] epoch 012/060 val_loss=540.90587158 best_val_loss=46.47586174 bad_epochs=5/8 epoch_time=00:00:17 eta=00:13:58
[a4_weekly_static_weight_10d] epoch 013/060 val_loss=321.14598999 best_val_loss=46.47586174 bad_epochs=6/8 epoch_time=00:00:17 eta=00:13:40
[a4_weekly_static_weight_10d] epoch 014/060 val_loss=389.29664917 best_val_loss=46.47586174 bad_epochs=7/8 epoch_time=00:00:17 eta=00:13:23
[a4_weekly_static_weight_10d] epoch 015/060 val_loss=276.66820679 best_val_loss=46.47586174 bad_epochs=8/8 epoch_time=00:00:17 eta=00:13:05
[a4_weekly_static_weight_10d] early stopping at epoch 15
[a4] done freq=weekly mode=static_weight horizon=10d test_mse=38.666557 test_corr=-0.0441 (overall elapsed 04:22:09)
[a4] === run 16/24: freq=weekly mode=adaptive_router patches=[2, 4, 8, 12, 13, 14] horizon=10d ===
[a4_weekly_adaptive_router_10d] epoch 001/060 val_loss=658729.31875000 best_val_loss=658729.31875000 bad_epochs=0/8 epoch_time=00:00:17 eta=00:17:11
[a4_weekly_adaptive_router_10d] epoch 002/060 val_loss=428361.12500000 best_val_loss=428361.12500000 bad_epochs=0/8 epoch_time=00:00:17 eta=00:16:51
[a4_weekly_adaptive_router_10d] epoch 003/060 val_loss=305242.04375000 best_val_loss=305242.04375000 bad_epochs=0/8 epoch_time=00:00:17 eta=00:16:34
[a4_weekly_adaptive_router_10d] epoch 004/060 val_loss=210785.25937500 best_val_loss=210785.25937500 bad_epochs=0/8 epoch_time=00:00:17 eta=00:16:14
[a4_weekly_adaptive_router_10d] epoch 005/060 val_loss=157823.26875000 best_val_loss=157823.26875000 bad_epochs=0/8 epoch_time=00:00:17 eta=00:15:57
[a4_weekly_adaptive_router_10d] epoch 006/060 val_loss=78140.54687500 best_val_loss=78140.54687500 bad_epochs=0/8 epoch_time=00:00:17 eta=00:15:39
[a4_weekly_adaptive_router_10d] epoch 007/060 val_loss=13007.88925781 best_val_loss=13007.88925781 bad_epochs=0/8 epoch_time=00:00:17 eta=00:15:20
[a4_weekly_adaptive_router_10d] epoch 008/060 val_loss=845.64536133 best_val_loss=845.64536133 bad_epochs=0/8 epoch_time=00:00:17 eta=00:15:02
[a4_weekly_adaptive_router_10d] epoch 009/060 val_loss=1458.00422363 best_val_loss=845.64536133 bad_epochs=1/8 epoch_time=00:00:17 eta=00:14:44
[a4_weekly_adaptive_router_10d] epoch 010/060 val_loss=724.03616943 best_val_loss=724.03616943 bad_epochs=0/8 epoch_time=00:00:17 eta=00:14:27
[a4_weekly_adaptive_router_10d] epoch 011/060 val_loss=559.23238525 best_val_loss=559.23238525 bad_epochs=0/8 epoch_time=00:00:17 eta=00:14:09
[a4_weekly_adaptive_router_10d] epoch 012/060 val_loss=245.93972778 best_val_loss=245.93972778 bad_epochs=0/8 epoch_time=00:00:17 eta=00:13:52
[a4_weekly_adaptive_router_10d] epoch 013/060 val_loss=108.64368439 best_val_loss=108.64368439 bad_epochs=0/8 epoch_time=00:00:17 eta=00:13:35
[a4_weekly_adaptive_router_10d] epoch 014/060 val_loss=186.02062073 best_val_loss=108.64368439 bad_epochs=1/8 epoch_time=00:00:17 eta=00:13:18
[a4_weekly_adaptive_router_10d] epoch 015/060 val_loss=170.65973206 best_val_loss=108.64368439 bad_epochs=2/8 epoch_time=00:00:17 eta=00:13:00
[a4_weekly_adaptive_router_10d] epoch 016/060 val_loss=104.90145874 best_val_loss=104.90145874 bad_epochs=0/8 epoch_time=00:00:17 eta=00:12:43
[a4_weekly_adaptive_router_10d] epoch 017/060 val_loss=265.25470886 best_val_loss=104.90145874 bad_epochs=1/8 epoch_time=00:00:17 eta=00:12:26
[a4_weekly_adaptive_router_10d] epoch 018/060 val_loss=20.98526192 best_val_loss=20.98526192 bad_epochs=0/8 epoch_time=00:00:17 eta=00:12:08
[a4_weekly_adaptive_router_10d] epoch 019/060 val_loss=288.91559143 best_val_loss=20.98526192 bad_epochs=1/8 epoch_time=00:00:17 eta=00:11:51
[a4_weekly_adaptive_router_10d] epoch 020/060 val_loss=34.97031517 best_val_loss=20.98526192 bad_epochs=2/8 epoch_time=00:00:17 eta=00:11:34
[a4_weekly_adaptive_router_10d] epoch 021/060 val_loss=264.75659180 best_val_loss=20.98526192 bad_epochs=3/8 epoch_time=00:00:17 eta=00:11:17
[a4_weekly_adaptive_router_10d] epoch 022/060 val_loss=59.47223663 best_val_loss=20.98526192 bad_epochs=4/8 epoch_time=00:00:17 eta=00:10:59
[a4_weekly_adaptive_router_10d] epoch 023/060 val_loss=230.76893921 best_val_loss=20.98526192 bad_epochs=5/8 epoch_time=00:00:17 eta=00:10:42
[a4_weekly_adaptive_router_10d] epoch 024/060 val_loss=98.68795013 best_val_loss=20.98526192 bad_epochs=6/8 epoch_time=00:00:17 eta=00:10:25
[a4_weekly_adaptive_router_10d] epoch 025/060 val_loss=179.68111877 best_val_loss=20.98526192 bad_epochs=7/8 epoch_time=00:00:17 eta=00:10:07
[a4_weekly_adaptive_router_10d] epoch 026/060 val_loss=158.88959045 best_val_loss=20.98526192 bad_epochs=8/8 epoch_time=00:00:17 eta=00:09:50
[a4_weekly_adaptive_router_10d] early stopping at epoch 26
[a4] done freq=weekly mode=adaptive_router horizon=10d test_mse=5.429833 test_corr=0.1349 (overall elapsed 04:29:47)
[a4] === run 17/24: freq=hourly mode=static_weight patches=[2, 4, 8, 12] horizon=20d ===
[a4_hourly_static_weight_20d] epoch 001/060 val_loss=33632.42792969 best_val_loss=33632.42792969 bad_epochs=0/8 epoch_time=00:00:13 eta=00:12:26
[a4_hourly_static_weight_20d] epoch 002/060 val_loss=26209.80390625 best_val_loss=26209.80390625 bad_epochs=0/8 epoch_time=00:00:13 eta=00:12:22
[a4_hourly_static_weight_20d] epoch 003/060 val_loss=20628.89394531 best_val_loss=20628.89394531 bad_epochs=0/8 epoch_time=00:00:13 eta=00:12:08
[a4_hourly_static_weight_20d] epoch 004/060 val_loss=16457.84042969 best_val_loss=16457.84042969 bad_epochs=0/8 epoch_time=00:00:13 eta=00:11:54
[a4_hourly_static_weight_20d] epoch 005/060 val_loss=13136.32001953 best_val_loss=13136.32001953 bad_epochs=0/8 epoch_time=00:00:13 eta=00:11:41
[a4_hourly_static_weight_20d] epoch 006/060 val_loss=11053.29648437 best_val_loss=11053.29648437 bad_epochs=0/8 epoch_time=00:00:13 eta=00:11:27
[a4_hourly_static_weight_20d] epoch 007/060 val_loss=7688.39589844 best_val_loss=7688.39589844 bad_epochs=0/8 epoch_time=00:00:13 eta=00:11:14
[a4_hourly_static_weight_20d] epoch 008/060 val_loss=5598.64165039 best_val_loss=5598.64165039 bad_epochs=0/8 epoch_time=00:00:13 eta=00:11:00
[a4_hourly_static_weight_20d] epoch 009/060 val_loss=3263.90712891 best_val_loss=3263.90712891 bad_epochs=0/8 epoch_time=00:00:13 eta=00:10:47
[a4_hourly_static_weight_20d] epoch 010/060 val_loss=1429.60133057 best_val_loss=1429.60133057 bad_epochs=0/8 epoch_time=00:00:13 eta=00:10:34
[a4_hourly_static_weight_20d] epoch 011/060 val_loss=269.97546692 best_val_loss=269.97546692 bad_epochs=0/8 epoch_time=00:00:13 eta=00:10:21
[a4_hourly_static_weight_20d] epoch 012/060 val_loss=82.68207550 best_val_loss=82.68207550 bad_epochs=0/8 epoch_time=00:00:13 eta=00:10:09
[a4_hourly_static_weight_20d] epoch 013/060 val_loss=63.44223061 best_val_loss=63.44223061 bad_epochs=0/8 epoch_time=00:00:13 eta=00:09:56
[a4_hourly_static_weight_20d] epoch 014/060 val_loss=53.33636093 best_val_loss=53.33636093 bad_epochs=0/8 epoch_time=00:00:13 eta=00:09:44
[a4_hourly_static_weight_20d] epoch 015/060 val_loss=45.14301224 best_val_loss=45.14301224 bad_epochs=0/8 epoch_time=00:00:13 eta=00:09:31
[a4_hourly_static_weight_20d] epoch 016/060 val_loss=53.61788712 best_val_loss=45.14301224 bad_epochs=1/8 epoch_time=00:00:13 eta=00:09:19
[a4_hourly_static_weight_20d] epoch 017/060 val_loss=25.95160542 best_val_loss=25.95160542 bad_epochs=0/8 epoch_time=00:00:13 eta=00:09:06
[a4_hourly_static_weight_20d] epoch 018/060 val_loss=44.49077797 best_val_loss=25.95160542 bad_epochs=1/8 epoch_time=00:00:12 eta=00:08:53
[a4_hourly_static_weight_20d] epoch 019/060 val_loss=37.71676865 best_val_loss=25.95160542 bad_epochs=2/8 epoch_time=00:00:13 eta=00:08:40
[a4_hourly_static_weight_20d] epoch 020/060 val_loss=36.52945786 best_val_loss=25.95160542 bad_epochs=3/8 epoch_time=00:00:13 eta=00:08:27
[a4_hourly_static_weight_20d] epoch 021/060 val_loss=29.27295551 best_val_loss=25.95160542 bad_epochs=4/8 epoch_time=00:00:13 eta=00:08:14
[a4_hourly_static_weight_20d] epoch 022/060 val_loss=44.44421577 best_val_loss=25.95160542 bad_epochs=5/8 epoch_time=00:00:13 eta=00:08:01
[a4_hourly_static_weight_20d] epoch 023/060 val_loss=61.41933517 best_val_loss=25.95160542 bad_epochs=6/8 epoch_time=00:00:12 eta=00:07:48
[a4_hourly_static_weight_20d] epoch 024/060 val_loss=34.49322510 best_val_loss=25.95160542 bad_epochs=7/8 epoch_time=00:00:13 eta=00:07:35
[a4_hourly_static_weight_20d] epoch 025/060 val_loss=34.17409325 best_val_loss=25.95160542 bad_epochs=8/8 epoch_time=00:00:13 eta=00:07:23
[a4_hourly_static_weight_20d] early stopping at epoch 25
[a4] done freq=hourly mode=static_weight horizon=20d test_mse=22.295940 test_corr=0.1572 (overall elapsed 04:35:09)
[a4] === run 18/24: freq=hourly mode=adaptive_router patches=[2, 4, 8, 12] horizon=20d ===
[a4_hourly_adaptive_router_20d] epoch 001/060 val_loss=14944.74609375 best_val_loss=14944.74609375 bad_epochs=0/8 epoch_time=00:00:13 eta=00:12:30
[a4_hourly_adaptive_router_20d] epoch 002/060 val_loss=10910.29638672 best_val_loss=10910.29638672 bad_epochs=0/8 epoch_time=00:00:13 eta=00:12:16
[a4_hourly_adaptive_router_20d] epoch 003/060 val_loss=9050.98818359 best_val_loss=9050.98818359 bad_epochs=0/8 epoch_time=00:00:13 eta=00:12:01
[a4_hourly_adaptive_router_20d] epoch 004/060 val_loss=6446.53774414 best_val_loss=6446.53774414 bad_epochs=0/8 epoch_time=00:00:13 eta=00:11:47
[a4_hourly_adaptive_router_20d] epoch 005/060 val_loss=3953.65268555 best_val_loss=3953.65268555 bad_epochs=0/8 epoch_time=00:00:13 eta=00:11:36
[a4_hourly_adaptive_router_20d] epoch 006/060 val_loss=1107.60145874 best_val_loss=1107.60145874 bad_epochs=0/8 epoch_time=00:00:13 eta=00:11:23
[a4_hourly_adaptive_router_20d] epoch 007/060 val_loss=346.74813232 best_val_loss=346.74813232 bad_epochs=0/8 epoch_time=00:00:13 eta=00:11:10
[a4_hourly_adaptive_router_20d] epoch 008/060 val_loss=116.25038147 best_val_loss=116.25038147 bad_epochs=0/8 epoch_time=00:00:13 eta=00:10:57
[a4_hourly_adaptive_router_20d] epoch 009/060 val_loss=106.84145889 best_val_loss=106.84145889 bad_epochs=0/8 epoch_time=00:00:13 eta=00:10:44
[a4_hourly_adaptive_router_20d] epoch 010/060 val_loss=105.33335495 best_val_loss=105.33335495 bad_epochs=0/8 epoch_time=00:00:13 eta=00:10:31
[a4_hourly_adaptive_router_20d] epoch 011/060 val_loss=100.72192078 best_val_loss=100.72192078 bad_epochs=0/8 epoch_time=00:00:12 eta=00:10:18
[a4_hourly_adaptive_router_20d] epoch 012/060 val_loss=87.44924927 best_val_loss=87.44924927 bad_epochs=0/8 epoch_time=00:00:13 eta=00:10:05
[a4_hourly_adaptive_router_20d] epoch 013/060 val_loss=90.62508316 best_val_loss=87.44924927 bad_epochs=1/8 epoch_time=00:00:13 eta=00:09:53
[a4_hourly_adaptive_router_20d] epoch 014/060 val_loss=74.91928787 best_val_loss=74.91928787 bad_epochs=0/8 epoch_time=00:00:13 eta=00:09:40
[a4_hourly_adaptive_router_20d] epoch 015/060 val_loss=79.69003372 best_val_loss=74.91928787 bad_epochs=1/8 epoch_time=00:00:13 eta=00:09:28
[a4_hourly_adaptive_router_20d] epoch 016/060 val_loss=94.61632309 best_val_loss=74.91928787 bad_epochs=2/8 epoch_time=00:00:13 eta=00:09:15
[a4_hourly_adaptive_router_20d] epoch 017/060 val_loss=79.75466537 best_val_loss=74.91928787 bad_epochs=3/8 epoch_time=00:00:13 eta=00:09:03
[a4_hourly_adaptive_router_20d] epoch 018/060 val_loss=75.56012878 best_val_loss=74.91928787 bad_epochs=4/8 epoch_time=00:00:13 eta=00:08:50
[a4_hourly_adaptive_router_20d] epoch 019/060 val_loss=67.64359665 best_val_loss=67.64359665 bad_epochs=0/8 epoch_time=00:00:13 eta=00:08:38
[a4_hourly_adaptive_router_20d] epoch 020/060 val_loss=98.22544403 best_val_loss=67.64359665 bad_epochs=1/8 epoch_time=00:00:13 eta=00:08:25
[a4_hourly_adaptive_router_20d] epoch 021/060 val_loss=84.58397217 best_val_loss=67.64359665 bad_epochs=2/8 epoch_time=00:00:13 eta=00:08:13
[a4_hourly_adaptive_router_20d] epoch 022/060 val_loss=102.52992249 best_val_loss=67.64359665 bad_epochs=3/8 epoch_time=00:00:13 eta=00:08:00
[a4_hourly_adaptive_router_20d] epoch 023/060 val_loss=84.55215988 best_val_loss=67.64359665 bad_epochs=4/8 epoch_time=00:00:13 eta=00:07:47
[a4_hourly_adaptive_router_20d] epoch 024/060 val_loss=102.05827942 best_val_loss=67.64359665 bad_epochs=5/8 epoch_time=00:00:13 eta=00:07:35
[a4_hourly_adaptive_router_20d] epoch 025/060 val_loss=69.06465034 best_val_loss=67.64359665 bad_epochs=6/8 epoch_time=00:00:13 eta=00:07:23
[a4_hourly_adaptive_router_20d] epoch 026/060 val_loss=67.33364944 best_val_loss=67.33364944 bad_epochs=0/8 epoch_time=00:00:13 eta=00:07:10
[a4_hourly_adaptive_router_20d] epoch 027/060 val_loss=78.24366302 best_val_loss=67.33364944 bad_epochs=1/8 epoch_time=00:00:13 eta=00:06:57
[a4_hourly_adaptive_router_20d] epoch 028/060 val_loss=74.26794281 best_val_loss=67.33364944 bad_epochs=2/8 epoch_time=00:00:13 eta=00:06:45
[a4_hourly_adaptive_router_20d] epoch 029/060 val_loss=68.25168381 best_val_loss=67.33364944 bad_epochs=3/8 epoch_time=00:00:13 eta=00:06:32
[a4_hourly_adaptive_router_20d] epoch 030/060 val_loss=92.80231934 best_val_loss=67.33364944 bad_epochs=4/8 epoch_time=00:00:13 eta=00:06:20
[a4_hourly_adaptive_router_20d] epoch 031/060 val_loss=68.97915955 best_val_loss=67.33364944 bad_epochs=5/8 epoch_time=00:00:13 eta=00:06:07
[a4_hourly_adaptive_router_20d] epoch 032/060 val_loss=92.87017975 best_val_loss=67.33364944 bad_epochs=6/8 epoch_time=00:00:13 eta=00:05:54
[a4_hourly_adaptive_router_20d] epoch 033/060 val_loss=60.84053459 best_val_loss=60.84053459 bad_epochs=0/8 epoch_time=00:00:13 eta=00:05:42
[a4_hourly_adaptive_router_20d] epoch 034/060 val_loss=93.02864914 best_val_loss=60.84053459 bad_epochs=1/8 epoch_time=00:00:13 eta=00:05:29
[a4_hourly_adaptive_router_20d] epoch 035/060 val_loss=61.88711548 best_val_loss=60.84053459 bad_epochs=2/8 epoch_time=00:00:13 eta=00:05:16
[a4_hourly_adaptive_router_20d] epoch 036/060 val_loss=71.93651047 best_val_loss=60.84053459 bad_epochs=3/8 epoch_time=00:00:13 eta=00:05:04
[a4_hourly_adaptive_router_20d] epoch 037/060 val_loss=44.33659210 best_val_loss=44.33659210 bad_epochs=0/8 epoch_time=00:00:13 eta=00:04:51
[a4_hourly_adaptive_router_20d] epoch 038/060 val_loss=97.70792389 best_val_loss=44.33659210 bad_epochs=1/8 epoch_time=00:00:13 eta=00:04:38
[a4_hourly_adaptive_router_20d] epoch 039/060 val_loss=68.04205475 best_val_loss=44.33659210 bad_epochs=2/8 epoch_time=00:00:13 eta=00:04:26
[a4_hourly_adaptive_router_20d] epoch 040/060 val_loss=60.19847260 best_val_loss=44.33659210 bad_epochs=3/8 epoch_time=00:00:13 eta=00:04:13
[a4_hourly_adaptive_router_20d] epoch 041/060 val_loss=47.51459236 best_val_loss=44.33659210 bad_epochs=4/8 epoch_time=00:00:12 eta=00:04:00
[a4_hourly_adaptive_router_20d] epoch 042/060 val_loss=90.90682678 best_val_loss=44.33659210 bad_epochs=5/8 epoch_time=00:00:13 eta=00:03:48
[a4_hourly_adaptive_router_20d] epoch 043/060 val_loss=76.62153015 best_val_loss=44.33659210 bad_epochs=6/8 epoch_time=00:00:13 eta=00:03:35
[a4_hourly_adaptive_router_20d] epoch 044/060 val_loss=63.78168411 best_val_loss=44.33659210 bad_epochs=7/8 epoch_time=00:00:13 eta=00:03:22
[a4_hourly_adaptive_router_20d] epoch 045/060 val_loss=74.00909576 best_val_loss=44.33659210 bad_epochs=8/8 epoch_time=00:00:13 eta=00:03:10
[a4_hourly_adaptive_router_20d] early stopping at epoch 45
[a4] done freq=hourly mode=adaptive_router horizon=20d test_mse=73.841301 test_corr=0.1224 (overall elapsed 04:44:44)
[a4] === run 19/24: freq=halfday mode=static_weight patches=[2, 4, 8, 10, 12] horizon=20d ===
[a4_halfday_static_weight_20d] epoch 001/060 val_loss=22923.54316406 best_val_loss=22923.54316406 bad_epochs=0/8 epoch_time=00:00:12 eta=00:11:26
[a4_halfday_static_weight_20d] epoch 002/060 val_loss=13527.22343750 best_val_loss=13527.22343750 bad_epochs=0/8 epoch_time=00:00:12 eta=00:11:12
[a4_halfday_static_weight_20d] epoch 003/060 val_loss=5534.58745117 best_val_loss=5534.58745117 bad_epochs=0/8 epoch_time=00:00:11 eta=00:10:59
[a4_halfday_static_weight_20d] epoch 004/060 val_loss=894.11654053 best_val_loss=894.11654053 bad_epochs=0/8 epoch_time=00:00:11 eta=00:10:46
[a4_halfday_static_weight_20d] epoch 005/060 val_loss=118.79275513 best_val_loss=118.79275513 bad_epochs=0/8 epoch_time=00:00:12 eta=00:10:34
[a4_halfday_static_weight_20d] epoch 006/060 val_loss=15.72516642 best_val_loss=15.72516642 bad_epochs=0/8 epoch_time=00:00:12 eta=00:10:23
[a4_halfday_static_weight_20d] epoch 007/060 val_loss=41.47988892 best_val_loss=15.72516642 bad_epochs=1/8 epoch_time=00:00:11 eta=00:10:11
[a4_halfday_static_weight_20d] epoch 008/060 val_loss=10.95000563 best_val_loss=10.95000563 bad_epochs=0/8 epoch_time=00:00:11 eta=00:09:59
[a4_halfday_static_weight_20d] epoch 009/060 val_loss=38.11268692 best_val_loss=10.95000563 bad_epochs=1/8 epoch_time=00:00:11 eta=00:09:47
[a4_halfday_static_weight_20d] epoch 010/060 val_loss=4.74208534 best_val_loss=4.74208534 bad_epochs=0/8 epoch_time=00:00:11 eta=00:09:35
[a4_halfday_static_weight_20d] epoch 011/060 val_loss=31.88369255 best_val_loss=4.74208534 bad_epochs=1/8 epoch_time=00:00:11 eta=00:09:24
[a4_halfday_static_weight_20d] epoch 012/060 val_loss=5.37602787 best_val_loss=4.74208534 bad_epochs=2/8 epoch_time=00:00:12 eta=00:09:13
[a4_halfday_static_weight_20d] epoch 013/060 val_loss=25.60515785 best_val_loss=4.74208534 bad_epochs=3/8 epoch_time=00:00:12 eta=00:09:01
[a4_halfday_static_weight_20d] epoch 014/060 val_loss=11.74762611 best_val_loss=4.74208534 bad_epochs=4/8 epoch_time=00:00:12 eta=00:08:50
[a4_halfday_static_weight_20d] epoch 015/060 val_loss=16.55696850 best_val_loss=4.74208534 bad_epochs=5/8 epoch_time=00:00:12 eta=00:08:38
[a4_halfday_static_weight_20d] epoch 016/060 val_loss=22.57825451 best_val_loss=4.74208534 bad_epochs=6/8 epoch_time=00:00:12 eta=00:08:27
[a4_halfday_static_weight_20d] epoch 017/060 val_loss=3.82974923 best_val_loss=3.82974923 bad_epochs=0/8 epoch_time=00:00:12 eta=00:08:15
[a4_halfday_static_weight_20d] epoch 018/060 val_loss=36.26288910 best_val_loss=3.82974923 bad_epochs=1/8 epoch_time=00:00:12 eta=00:08:04
[a4_halfday_static_weight_20d] epoch 019/060 val_loss=2.55149289 best_val_loss=2.55149289 bad_epochs=0/8 epoch_time=00:00:11 eta=00:07:52
[a4_halfday_static_weight_20d] epoch 020/060 val_loss=33.49565163 best_val_loss=2.55149289 bad_epochs=1/8 epoch_time=00:00:12 eta=00:07:41
[a4_halfday_static_weight_20d] epoch 021/060 val_loss=2.36712333 best_val_loss=2.36712333 bad_epochs=0/8 epoch_time=00:00:12 eta=00:07:29
[a4_halfday_static_weight_20d] epoch 022/060 val_loss=29.41583557 best_val_loss=2.36712333 bad_epochs=1/8 epoch_time=00:00:11 eta=00:07:18
[a4_halfday_static_weight_20d] epoch 023/060 val_loss=6.10567350 best_val_loss=2.36712333 bad_epochs=2/8 epoch_time=00:00:12 eta=00:07:06
[a4_halfday_static_weight_20d] epoch 024/060 val_loss=23.46591873 best_val_loss=2.36712333 bad_epochs=3/8 epoch_time=00:00:11 eta=00:06:55
[a4_halfday_static_weight_20d] epoch 025/060 val_loss=13.10359478 best_val_loss=2.36712333 bad_epochs=4/8 epoch_time=00:00:12 eta=00:06:43
[a4_halfday_static_weight_20d] epoch 026/060 val_loss=14.70116062 best_val_loss=2.36712333 bad_epochs=5/8 epoch_time=00:00:11 eta=00:06:32
[a4_halfday_static_weight_20d] epoch 027/060 val_loss=23.79462414 best_val_loss=2.36712333 bad_epochs=6/8 epoch_time=00:00:11 eta=00:06:20
[a4_halfday_static_weight_20d] epoch 028/060 val_loss=1.90779264 best_val_loss=1.90779264 bad_epochs=0/8 epoch_time=00:00:12 eta=00:06:09
[a4_halfday_static_weight_20d] epoch 029/060 val_loss=34.63322601 best_val_loss=1.90779264 bad_epochs=1/8 epoch_time=00:00:12 eta=00:05:57
[a4_halfday_static_weight_20d] epoch 030/060 val_loss=0.95415466 best_val_loss=0.95415466 bad_epochs=0/8 epoch_time=00:00:12 eta=00:05:46
[a4_halfday_static_weight_20d] epoch 031/060 val_loss=32.06504745 best_val_loss=0.95415466 bad_epochs=1/8 epoch_time=00:00:12 eta=00:05:34
[a4_halfday_static_weight_20d] epoch 032/060 val_loss=2.44484043 best_val_loss=0.95415466 bad_epochs=2/8 epoch_time=00:00:12 eta=00:05:23
[a4_halfday_static_weight_20d] epoch 033/060 val_loss=28.30933990 best_val_loss=0.95415466 bad_epochs=3/8 epoch_time=00:00:12 eta=00:05:11
[a4_halfday_static_weight_20d] epoch 034/060 val_loss=6.75752850 best_val_loss=0.95415466 bad_epochs=4/8 epoch_time=00:00:12 eta=00:05:00
[a4_halfday_static_weight_20d] epoch 035/060 val_loss=22.55568123 best_val_loss=0.95415466 bad_epochs=5/8 epoch_time=00:00:12 eta=00:04:48
[a4_halfday_static_weight_20d] epoch 036/060 val_loss=13.73826427 best_val_loss=0.95415466 bad_epochs=6/8 epoch_time=00:00:12 eta=00:04:37
[a4_halfday_static_weight_20d] epoch 037/060 val_loss=13.89941330 best_val_loss=0.95415466 bad_epochs=7/8 epoch_time=00:00:12 eta=00:04:25
[a4_halfday_static_weight_20d] epoch 038/060 val_loss=24.38790817 best_val_loss=0.95415466 bad_epochs=8/8 epoch_time=00:00:12 eta=00:04:14
[a4_halfday_static_weight_20d] early stopping at epoch 38
[a4] done freq=halfday mode=static_weight horizon=20d test_mse=0.097386 test_corr=0.0449 (overall elapsed 04:52:07)
[a4] === run 20/24: freq=halfday mode=adaptive_router patches=[2, 4, 8, 10, 12] horizon=20d ===
[a4_halfday_adaptive_router_20d] epoch 001/060 val_loss=30200.37109375 best_val_loss=30200.37109375 bad_epochs=0/8 epoch_time=00:00:12 eta=00:11:28
[a4_halfday_adaptive_router_20d] epoch 002/060 val_loss=16118.12177734 best_val_loss=16118.12177734 bad_epochs=0/8 epoch_time=00:00:12 eta=00:11:12
[a4_halfday_adaptive_router_20d] epoch 003/060 val_loss=4710.48461914 best_val_loss=4710.48461914 bad_epochs=0/8 epoch_time=00:00:12 eta=00:11:00
[a4_halfday_adaptive_router_20d] epoch 004/060 val_loss=775.41813354 best_val_loss=775.41813354 bad_epochs=0/8 epoch_time=00:00:12 eta=00:10:49
[a4_halfday_adaptive_router_20d] epoch 005/060 val_loss=111.98752289 best_val_loss=111.98752289 bad_epochs=0/8 epoch_time=00:00:12 eta=00:10:38
[a4_halfday_adaptive_router_20d] epoch 006/060 val_loss=48.23252640 best_val_loss=48.23252640 bad_epochs=0/8 epoch_time=00:00:12 eta=00:10:26
[a4_halfday_adaptive_router_20d] epoch 007/060 val_loss=33.27617702 best_val_loss=33.27617702 bad_epochs=0/8 epoch_time=00:00:11 eta=00:10:14
[a4_halfday_adaptive_router_20d] epoch 008/060 val_loss=26.79566402 best_val_loss=26.79566402 bad_epochs=0/8 epoch_time=00:00:11 eta=00:10:01
[a4_halfday_adaptive_router_20d] epoch 009/060 val_loss=104.15255585 best_val_loss=26.79566402 bad_epochs=1/8 epoch_time=00:00:12 eta=00:09:50
[a4_halfday_adaptive_router_20d] epoch 010/060 val_loss=6.26528745 best_val_loss=6.26528745 bad_epochs=0/8 epoch_time=00:00:12 eta=00:09:38
[a4_halfday_adaptive_router_20d] epoch 011/060 val_loss=15.80738039 best_val_loss=6.26528745 bad_epochs=1/8 epoch_time=00:00:11 eta=00:09:26
[a4_halfday_adaptive_router_20d] epoch 012/060 val_loss=87.20921783 best_val_loss=6.26528745 bad_epochs=2/8 epoch_time=00:00:12 eta=00:09:14
[a4_halfday_adaptive_router_20d] epoch 013/060 val_loss=17.81933708 best_val_loss=6.26528745 bad_epochs=3/8 epoch_time=00:00:11 eta=00:09:02
[a4_halfday_adaptive_router_20d] epoch 014/060 val_loss=68.06473083 best_val_loss=6.26528745 bad_epochs=4/8 epoch_time=00:00:11 eta=00:08:51
[a4_halfday_adaptive_router_20d] epoch 015/060 val_loss=40.66414032 best_val_loss=6.26528745 bad_epochs=5/8 epoch_time=00:00:12 eta=00:08:39
[a4_halfday_adaptive_router_20d] epoch 016/060 val_loss=38.23488350 best_val_loss=6.26528745 bad_epochs=6/8 epoch_time=00:00:12 eta=00:08:27
[a4_halfday_adaptive_router_20d] epoch 017/060 val_loss=29.78843060 best_val_loss=6.26528745 bad_epochs=7/8 epoch_time=00:00:12 eta=00:08:16
[a4_halfday_adaptive_router_20d] epoch 018/060 val_loss=99.54244614 best_val_loss=6.26528745 bad_epochs=8/8 epoch_time=00:00:12 eta=00:08:04
[a4_halfday_adaptive_router_20d] early stopping at epoch 18
[a4] done freq=halfday mode=adaptive_router horizon=20d test_mse=2.618011 test_corr=-0.0056 (overall elapsed 04:55:39)
[a4] === run 21/24: freq=daily mode=static_weight patches=[5, 10, 20, 30] horizon=20d ===
[a4_daily_static_weight_20d] epoch 001/060 val_loss=672.28057556 best_val_loss=672.28057556 bad_epochs=0/8 epoch_time=00:00:48 eta=00:46:54
[a4_daily_static_weight_20d] epoch 002/060 val_loss=1474.32220459 best_val_loss=672.28057556 bad_epochs=1/8 epoch_time=00:00:47 eta=00:45:52
[a4_daily_static_weight_20d] epoch 003/060 val_loss=230.47707825 best_val_loss=230.47707825 bad_epochs=0/8 epoch_time=00:00:47 eta=00:45:01
[a4_daily_static_weight_20d] epoch 004/060 val_loss=68.59049606 best_val_loss=68.59049606 bad_epochs=0/8 epoch_time=00:00:47 eta=00:44:12
[a4_daily_static_weight_20d] epoch 005/060 val_loss=171.21853180 best_val_loss=68.59049606 bad_epochs=1/8 epoch_time=00:00:47 eta=00:43:20
[a4_daily_static_weight_20d] epoch 006/060 val_loss=74.35200806 best_val_loss=68.59049606 bad_epochs=2/8 epoch_time=00:00:47 eta=00:42:34
[a4_daily_static_weight_20d] epoch 007/060 val_loss=49.04469757 best_val_loss=49.04469757 bad_epochs=0/8 epoch_time=00:00:47 eta=00:41:46
[a4_daily_static_weight_20d] epoch 008/060 val_loss=171.80789032 best_val_loss=49.04469757 bad_epochs=1/8 epoch_time=00:00:47 eta=00:40:59
[a4_daily_static_weight_20d] epoch 009/060 val_loss=71.96214905 best_val_loss=49.04469757 bad_epochs=2/8 epoch_time=00:00:47 eta=00:40:12
[a4_daily_static_weight_20d] epoch 010/060 val_loss=47.21560860 best_val_loss=47.21560860 bad_epochs=0/8 epoch_time=00:00:47 eta=00:39:25
[a4_daily_static_weight_20d] epoch 011/060 val_loss=170.31824493 best_val_loss=47.21560860 bad_epochs=1/8 epoch_time=00:00:47 eta=00:38:38
[a4_daily_static_weight_20d] epoch 012/060 val_loss=69.95502205 best_val_loss=47.21560860 bad_epochs=2/8 epoch_time=00:00:48 eta=00:37:52
[a4_daily_static_weight_20d] epoch 013/060 val_loss=45.48532257 best_val_loss=45.48532257 bad_epochs=0/8 epoch_time=00:00:47 eta=00:37:04
[a4_daily_static_weight_20d] epoch 014/060 val_loss=168.28111877 best_val_loss=45.48532257 bad_epochs=1/8 epoch_time=00:00:47 eta=00:36:17
[a4_daily_static_weight_20d] epoch 015/060 val_loss=68.44083633 best_val_loss=45.48532257 bad_epochs=2/8 epoch_time=00:00:48 eta=00:35:30
[a4_daily_static_weight_20d] epoch 016/060 val_loss=44.16129074 best_val_loss=44.16129074 bad_epochs=0/8 epoch_time=00:00:47 eta=00:34:43
[a4_daily_static_weight_20d] epoch 017/060 val_loss=166.37988739 best_val_loss=44.16129074 bad_epochs=1/8 epoch_time=00:00:47 eta=00:33:56
[a4_daily_static_weight_20d] epoch 018/060 val_loss=66.38216286 best_val_loss=44.16129074 bad_epochs=2/8 epoch_time=00:00:47 eta=00:33:08
[a4_daily_static_weight_20d] epoch 019/060 val_loss=42.60859833 best_val_loss=42.60859833 bad_epochs=0/8 epoch_time=00:00:48 eta=00:32:21
[a4_daily_static_weight_20d] epoch 020/060 val_loss=165.05741882 best_val_loss=42.60859833 bad_epochs=1/8 epoch_time=00:00:48 eta=00:31:35
[a4_daily_static_weight_20d] epoch 021/060 val_loss=64.91667709 best_val_loss=42.60859833 bad_epochs=2/8 epoch_time=00:00:47 eta=00:30:48
[a4_daily_static_weight_20d] epoch 022/060 val_loss=41.65386200 best_val_loss=41.65386200 bad_epochs=0/8 epoch_time=00:00:48 eta=00:30:01
[a4_daily_static_weight_20d] epoch 023/060 val_loss=162.79578323 best_val_loss=41.65386200 bad_epochs=1/8 epoch_time=00:00:47 eta=00:29:13
[a4_daily_static_weight_20d] epoch 024/060 val_loss=63.97182770 best_val_loss=41.65386200 bad_epochs=2/8 epoch_time=00:00:48 eta=00:28:26
[a4_daily_static_weight_20d] epoch 025/060 val_loss=41.02559357 best_val_loss=41.02559357 bad_epochs=0/8 epoch_time=00:00:47 eta=00:27:39
[a4_daily_static_weight_20d] epoch 026/060 val_loss=161.28118286 best_val_loss=41.02559357 bad_epochs=1/8 epoch_time=00:00:48 eta=00:26:51
[a4_daily_static_weight_20d] epoch 027/060 val_loss=63.13556442 best_val_loss=41.02559357 bad_epochs=2/8 epoch_time=00:00:47 eta=00:26:04
[a4_daily_static_weight_20d] epoch 028/060 val_loss=40.38658943 best_val_loss=40.38658943 bad_epochs=0/8 epoch_time=00:00:47 eta=00:25:17
[a4_daily_static_weight_20d] epoch 029/060 val_loss=159.92486725 best_val_loss=40.38658943 bad_epochs=1/8 epoch_time=00:00:47 eta=00:24:29
[a4_daily_static_weight_20d] epoch 030/060 val_loss=61.95048676 best_val_loss=40.38658943 bad_epochs=2/8 epoch_time=00:00:47 eta=00:23:42
[a4_daily_static_weight_20d] epoch 031/060 val_loss=39.32453537 best_val_loss=39.32453537 bad_epochs=0/8 epoch_time=00:00:47 eta=00:22:54
[a4_daily_static_weight_20d] epoch 032/060 val_loss=159.02544250 best_val_loss=39.32453537 bad_epochs=1/8 epoch_time=00:00:47 eta=00:22:07
[a4_daily_static_weight_20d] epoch 033/060 val_loss=60.90374146 best_val_loss=39.32453537 bad_epochs=2/8 epoch_time=00:00:47 eta=00:21:19
[a4_daily_static_weight_20d] epoch 034/060 val_loss=38.58877106 best_val_loss=38.58877106 bad_epochs=0/8 epoch_time=00:00:47 eta=00:20:32
[a4_daily_static_weight_20d] epoch 035/060 val_loss=158.51026688 best_val_loss=38.58877106 bad_epochs=1/8 epoch_time=00:00:47 eta=00:19:45
[a4_daily_static_weight_20d] epoch 036/060 val_loss=59.69370842 best_val_loss=38.58877106 bad_epochs=2/8 epoch_time=00:00:47 eta=00:18:57
[a4_daily_static_weight_20d] epoch 037/060 val_loss=37.59420204 best_val_loss=37.59420204 bad_epochs=0/8 epoch_time=00:00:48 eta=00:18:10
[a4_daily_static_weight_20d] epoch 038/060 val_loss=157.80702057 best_val_loss=37.59420204 bad_epochs=1/8 epoch_time=00:00:47 eta=00:17:23
[a4_daily_static_weight_20d] epoch 039/060 val_loss=58.75868378 best_val_loss=37.59420204 bad_epochs=2/8 epoch_time=00:00:47 eta=00:16:35
[a4_daily_static_weight_20d] epoch 040/060 val_loss=36.67652416 best_val_loss=36.67652416 bad_epochs=0/8 epoch_time=00:00:47 eta=00:15:48
[a4_daily_static_weight_20d] epoch 041/060 val_loss=154.54829559 best_val_loss=36.67652416 bad_epochs=1/8 epoch_time=00:00:48 eta=00:15:00
[a4_daily_static_weight_20d] epoch 042/060 val_loss=58.09984894 best_val_loss=36.67652416 bad_epochs=2/8 epoch_time=00:00:47 eta=00:14:13
[a4_daily_static_weight_20d] epoch 043/060 val_loss=36.32760162 best_val_loss=36.32760162 bad_epochs=0/8 epoch_time=00:00:47 eta=00:13:26
[a4_daily_static_weight_20d] epoch 044/060 val_loss=156.32485733 best_val_loss=36.32760162 bad_epochs=1/8 epoch_time=00:00:48 eta=00:12:38
[a4_daily_static_weight_20d] epoch 045/060 val_loss=58.72916451 best_val_loss=36.32760162 bad_epochs=2/8 epoch_time=00:00:47 eta=00:11:51
[a4_daily_static_weight_20d] epoch 046/060 val_loss=37.08667107 best_val_loss=36.32760162 bad_epochs=3/8 epoch_time=00:00:47 eta=00:11:03
[a4_daily_static_weight_20d] epoch 047/060 val_loss=165.08526306 best_val_loss=36.32760162 bad_epochs=4/8 epoch_time=00:00:47 eta=00:10:16
[a4_daily_static_weight_20d] epoch 048/060 val_loss=60.20058861 best_val_loss=36.32760162 bad_epochs=5/8 epoch_time=00:00:48 eta=00:09:29
[a4_daily_static_weight_20d] epoch 049/060 val_loss=37.47232094 best_val_loss=36.32760162 bad_epochs=6/8 epoch_time=00:00:47 eta=00:08:41
[a4_daily_static_weight_20d] epoch 050/060 val_loss=165.07272644 best_val_loss=36.32760162 bad_epochs=7/8 epoch_time=00:00:47 eta=00:07:54
[a4_daily_static_weight_20d] epoch 051/060 val_loss=63.34826069 best_val_loss=36.32760162 bad_epochs=8/8 epoch_time=00:00:47 eta=00:07:07
[a4_daily_static_weight_20d] early stopping at epoch 51
[a4] done freq=daily mode=static_weight horizon=20d test_mse=13.612895 test_corr=-0.0187 (overall elapsed 05:36:16)
[a4] === run 22/24: freq=daily mode=adaptive_router patches=[5, 10, 20, 30] horizon=20d ===
[a4_daily_adaptive_router_20d] epoch 001/060 val_loss=48482.13046875 best_val_loss=48482.13046875 bad_epochs=0/8 epoch_time=00:00:47 eta=00:46:38
[a4_daily_adaptive_router_20d] epoch 002/060 val_loss=18283.59423828 best_val_loss=18283.59423828 bad_epochs=0/8 epoch_time=00:00:47 eta=00:45:49
[a4_daily_adaptive_router_20d] epoch 003/060 val_loss=3869.42202148 best_val_loss=3869.42202148 bad_epochs=0/8 epoch_time=00:00:48 eta=00:45:04
[a4_daily_adaptive_router_20d] epoch 004/060 val_loss=447.08625793 best_val_loss=447.08625793 bad_epochs=0/8 epoch_time=00:00:48 eta=00:44:20
[a4_daily_adaptive_router_20d] epoch 005/060 val_loss=109.84811707 best_val_loss=109.84811707 bad_epochs=0/8 epoch_time=00:00:48 eta=00:43:35
[a4_daily_adaptive_router_20d] epoch 006/060 val_loss=228.34715652 best_val_loss=109.84811707 bad_epochs=1/8 epoch_time=00:00:48 eta=00:42:48
[a4_daily_adaptive_router_20d] epoch 007/060 val_loss=180.54007874 best_val_loss=109.84811707 bad_epochs=2/8 epoch_time=00:00:48 eta=00:42:01
[a4_daily_adaptive_router_20d] epoch 008/060 val_loss=90.26263199 best_val_loss=90.26263199 bad_epochs=0/8 epoch_time=00:00:48 eta=00:41:13
[a4_daily_adaptive_router_20d] epoch 009/060 val_loss=181.86366272 best_val_loss=90.26263199 bad_epochs=1/8 epoch_time=00:00:48 eta=00:40:26
[a4_daily_adaptive_router_20d] epoch 010/060 val_loss=197.58976746 best_val_loss=90.26263199 bad_epochs=2/8 epoch_time=00:00:48 eta=00:39:38
[a4_daily_adaptive_router_20d] epoch 011/060 val_loss=174.80501404 best_val_loss=90.26263199 bad_epochs=3/8 epoch_time=00:00:48 eta=00:38:51
[a4_daily_adaptive_router_20d] epoch 012/060 val_loss=159.09867249 best_val_loss=90.26263199 bad_epochs=4/8 epoch_time=00:00:48 eta=00:38:04
[a4_daily_adaptive_router_20d] epoch 013/060 val_loss=115.68785095 best_val_loss=90.26263199 bad_epochs=5/8 epoch_time=00:00:48 eta=00:37:18
[a4_daily_adaptive_router_20d] epoch 014/060 val_loss=157.95260162 best_val_loss=90.26263199 bad_epochs=6/8 epoch_time=00:00:48 eta=00:36:31
[a4_daily_adaptive_router_20d] epoch 015/060 val_loss=82.66651306 best_val_loss=82.66651306 bad_epochs=0/8 epoch_time=00:00:48 eta=00:35:44
[a4_daily_adaptive_router_20d] epoch 016/060 val_loss=71.34012756 best_val_loss=71.34012756 bad_epochs=0/8 epoch_time=00:00:48 eta=00:34:56
[a4_daily_adaptive_router_20d] epoch 017/060 val_loss=222.69506531 best_val_loss=71.34012756 bad_epochs=1/8 epoch_time=00:00:48 eta=00:34:08
[a4_daily_adaptive_router_20d] epoch 018/060 val_loss=69.46159515 best_val_loss=69.46159515 bad_epochs=0/8 epoch_time=00:00:48 eta=00:33:21
[a4_daily_adaptive_router_20d] epoch 019/060 val_loss=71.13155937 best_val_loss=69.46159515 bad_epochs=1/8 epoch_time=00:00:47 eta=00:32:33
[a4_daily_adaptive_router_20d] epoch 020/060 val_loss=295.31114197 best_val_loss=69.46159515 bad_epochs=2/8 epoch_time=00:00:48 eta=00:31:45
[a4_daily_adaptive_router_20d] epoch 021/060 val_loss=69.53063278 best_val_loss=69.46159515 bad_epochs=3/8 epoch_time=00:00:47 eta=00:30:58
[a4_daily_adaptive_router_20d] epoch 022/060 val_loss=65.62842255 best_val_loss=65.62842255 bad_epochs=0/8 epoch_time=00:00:48 eta=00:30:10
[a4_daily_adaptive_router_20d] epoch 023/060 val_loss=222.59607086 best_val_loss=65.62842255 bad_epochs=1/8 epoch_time=00:00:48 eta=00:29:22
[a4_daily_adaptive_router_20d] epoch 024/060 val_loss=63.26634521 best_val_loss=63.26634521 bad_epochs=0/8 epoch_time=00:00:48 eta=00:28:35
[a4_daily_adaptive_router_20d] epoch 025/060 val_loss=65.10210686 best_val_loss=63.26634521 bad_epochs=1/8 epoch_time=00:00:48 eta=00:27:47
[a4_daily_adaptive_router_20d] epoch 026/060 val_loss=73.82631493 best_val_loss=63.26634521 bad_epochs=2/8 epoch_time=00:00:48 eta=00:27:00
[a4_daily_adaptive_router_20d] epoch 027/060 val_loss=224.43521271 best_val_loss=63.26634521 bad_epochs=3/8 epoch_time=00:00:48 eta=00:26:12
[a4_daily_adaptive_router_20d] epoch 028/060 val_loss=54.30841331 best_val_loss=54.30841331 bad_epochs=0/8 epoch_time=00:00:48 eta=00:25:25
[a4_daily_adaptive_router_20d] epoch 029/060 val_loss=386.91068726 best_val_loss=54.30841331 bad_epochs=1/8 epoch_time=00:00:47 eta=00:24:37
[a4_daily_adaptive_router_20d] epoch 030/060 val_loss=183.29904785 best_val_loss=54.30841331 bad_epochs=2/8 epoch_time=00:00:48 eta=00:23:49
[a4_daily_adaptive_router_20d] epoch 031/060 val_loss=228.13747711 best_val_loss=54.30841331 bad_epochs=3/8 epoch_time=00:00:48 eta=00:23:01
[a4_daily_adaptive_router_20d] epoch 032/060 val_loss=111.54627228 best_val_loss=54.30841331 bad_epochs=4/8 epoch_time=00:00:47 eta=00:22:14
[a4_daily_adaptive_router_20d] epoch 033/060 val_loss=48.21199989 best_val_loss=48.21199989 bad_epochs=0/8 epoch_time=00:00:48 eta=00:21:26
[a4_daily_adaptive_router_20d] epoch 034/060 val_loss=33.74263287 best_val_loss=33.74263287 bad_epochs=0/8 epoch_time=00:00:48 eta=00:20:38
[a4_daily_adaptive_router_20d] epoch 035/060 val_loss=94.89934464 best_val_loss=33.74263287 bad_epochs=1/8 epoch_time=00:00:48 eta=00:19:51
[a4_daily_adaptive_router_20d] epoch 036/060 val_loss=175.61711502 best_val_loss=33.74263287 bad_epochs=2/8 epoch_time=00:00:48 eta=00:19:03
[a4_daily_adaptive_router_20d] epoch 037/060 val_loss=58.14552536 best_val_loss=33.74263287 bad_epochs=3/8 epoch_time=00:00:48 eta=00:18:16
[a4_daily_adaptive_router_20d] epoch 038/060 val_loss=176.36088181 best_val_loss=33.74263287 bad_epochs=4/8 epoch_time=00:00:47 eta=00:17:28
[a4_daily_adaptive_router_20d] epoch 039/060 val_loss=74.92655716 best_val_loss=33.74263287 bad_epochs=5/8 epoch_time=00:00:47 eta=00:16:40
[a4_daily_adaptive_router_20d] epoch 040/060 val_loss=152.31788635 best_val_loss=33.74263287 bad_epochs=6/8 epoch_time=00:00:47 eta=00:15:52
[a4_daily_adaptive_router_20d] epoch 041/060 val_loss=70.57624378 best_val_loss=33.74263287 bad_epochs=7/8 epoch_time=00:00:48 eta=00:15:05
[a4_daily_adaptive_router_20d] epoch 042/060 val_loss=227.04684906 best_val_loss=33.74263287 bad_epochs=8/8 epoch_time=00:00:48 eta=00:14:17
[a4_daily_adaptive_router_20d] early stopping at epoch 42
[a4] done freq=daily mode=adaptive_router horizon=20d test_mse=28.730993 test_corr=-0.0515 (overall elapsed 06:09:55)
[a4] === run 23/24: freq=weekly mode=static_weight patches=[2, 4, 8, 12, 13, 14] horizon=20d ===
[a4_weekly_static_weight_20d] epoch 001/060 val_loss=765978.21250000 best_val_loss=765978.21250000 bad_epochs=0/8 epoch_time=00:00:18 eta=00:17:36
[a4_weekly_static_weight_20d] epoch 002/060 val_loss=497494.92500000 best_val_loss=497494.92500000 bad_epochs=0/8 epoch_time=00:00:17 eta=00:17:01
[a4_weekly_static_weight_20d] epoch 003/060 val_loss=389275.75625000 best_val_loss=389275.75625000 bad_epochs=0/8 epoch_time=00:00:17 eta=00:16:38
[a4_weekly_static_weight_20d] epoch 004/060 val_loss=281083.17500000 best_val_loss=281083.17500000 bad_epochs=0/8 epoch_time=00:00:17 eta=00:16:19
[a4_weekly_static_weight_20d] epoch 005/060 val_loss=232864.45312500 best_val_loss=232864.45312500 bad_epochs=0/8 epoch_time=00:00:17 eta=00:15:59
[a4_weekly_static_weight_20d] epoch 006/060 val_loss=148893.49843750 best_val_loss=148893.49843750 bad_epochs=0/8 epoch_time=00:00:17 eta=00:15:41
[a4_weekly_static_weight_20d] epoch 007/060 val_loss=101171.09062500 best_val_loss=101171.09062500 bad_epochs=0/8 epoch_time=00:00:17 eta=00:15:23
[a4_weekly_static_weight_20d] epoch 008/060 val_loss=31996.43515625 best_val_loss=31996.43515625 bad_epochs=0/8 epoch_time=00:00:17 eta=00:15:06
[a4_weekly_static_weight_20d] epoch 009/060 val_loss=6091.29306641 best_val_loss=6091.29306641 bad_epochs=0/8 epoch_time=00:00:17 eta=00:14:48
[a4_weekly_static_weight_20d] epoch 010/060 val_loss=303.36190186 best_val_loss=303.36190186 bad_epochs=0/8 epoch_time=00:00:17 eta=00:14:31
[a4_weekly_static_weight_20d] epoch 011/060 val_loss=1378.64628906 best_val_loss=303.36190186 bad_epochs=1/8 epoch_time=00:00:17 eta=00:14:13
[a4_weekly_static_weight_20d] epoch 012/060 val_loss=820.30256348 best_val_loss=303.36190186 bad_epochs=2/8 epoch_time=00:00:17 eta=00:13:55
[a4_weekly_static_weight_20d] epoch 013/060 val_loss=822.34798584 best_val_loss=303.36190186 bad_epochs=3/8 epoch_time=00:00:17 eta=00:13:37
[a4_weekly_static_weight_20d] epoch 014/060 val_loss=451.37399292 best_val_loss=303.36190186 bad_epochs=4/8 epoch_time=00:00:17 eta=00:13:19
[a4_weekly_static_weight_20d] epoch 015/060 val_loss=100.92470703 best_val_loss=100.92470703 bad_epochs=0/8 epoch_time=00:00:18 eta=00:13:03
[a4_weekly_static_weight_20d] epoch 016/060 val_loss=172.32326660 best_val_loss=100.92470703 bad_epochs=1/8 epoch_time=00:00:18 eta=00:12:48
[a4_weekly_static_weight_20d] epoch 017/060 val_loss=249.10841980 best_val_loss=100.92470703 bad_epochs=2/8 epoch_time=00:00:17 eta=00:12:30
[a4_weekly_static_weight_20d] epoch 018/060 val_loss=64.43158188 best_val_loss=64.43158188 bad_epochs=0/8 epoch_time=00:00:17 eta=00:12:12
[a4_weekly_static_weight_20d] epoch 019/060 val_loss=91.81416321 best_val_loss=64.43158188 bad_epochs=1/8 epoch_time=00:00:17 eta=00:11:54
[a4_weekly_static_weight_20d] epoch 020/060 val_loss=411.18483887 best_val_loss=64.43158188 bad_epochs=2/8 epoch_time=00:00:17 eta=00:11:37
[a4_weekly_static_weight_20d] epoch 021/060 val_loss=278.49282837 best_val_loss=64.43158188 bad_epochs=3/8 epoch_time=00:00:17 eta=00:11:19
[a4_weekly_static_weight_20d] epoch 022/060 val_loss=297.47302856 best_val_loss=64.43158188 bad_epochs=4/8 epoch_time=00:00:18 eta=00:11:02
[a4_weekly_static_weight_20d] epoch 023/060 val_loss=378.94403687 best_val_loss=64.43158188 bad_epochs=5/8 epoch_time=00:00:17 eta=00:10:45
[a4_weekly_static_weight_20d] epoch 024/060 val_loss=58.11002655 best_val_loss=58.11002655 bad_epochs=0/8 epoch_time=00:00:17 eta=00:10:27
[a4_weekly_static_weight_20d] epoch 025/060 val_loss=412.49938354 best_val_loss=58.11002655 bad_epochs=1/8 epoch_time=00:00:17 eta=00:10:09
[a4_weekly_static_weight_20d] epoch 026/060 val_loss=269.94747314 best_val_loss=58.11002655 bad_epochs=2/8 epoch_time=00:00:17 eta=00:09:52
[a4_weekly_static_weight_20d] epoch 027/060 val_loss=288.73894043 best_val_loss=58.11002655 bad_epochs=3/8 epoch_time=00:00:17 eta=00:09:34
[a4_weekly_static_weight_20d] epoch 028/060 val_loss=375.77308350 best_val_loss=58.11002655 bad_epochs=4/8 epoch_time=00:00:17 eta=00:09:17
[a4_weekly_static_weight_20d] epoch 029/060 val_loss=47.82248421 best_val_loss=47.82248421 bad_epochs=0/8 epoch_time=00:00:17 eta=00:08:59
[a4_weekly_static_weight_20d] epoch 030/060 val_loss=115.83849030 best_val_loss=47.82248421 bad_epochs=1/8 epoch_time=00:00:17 eta=00:08:42
[a4_weekly_static_weight_20d] epoch 031/060 val_loss=93.52202301 best_val_loss=47.82248421 bad_epochs=2/8 epoch_time=00:00:17 eta=00:08:24
[a4_weekly_static_weight_20d] epoch 032/060 val_loss=130.46975250 best_val_loss=47.82248421 bad_epochs=3/8 epoch_time=00:00:17 eta=00:08:07
[a4_weekly_static_weight_20d] epoch 033/060 val_loss=390.81542053 best_val_loss=47.82248421 bad_epochs=4/8 epoch_time=00:00:17 eta=00:07:49
[a4_weekly_static_weight_20d] epoch 034/060 val_loss=193.48106689 best_val_loss=47.82248421 bad_epochs=5/8 epoch_time=00:00:17 eta=00:07:32
[a4_weekly_static_weight_20d] epoch 035/060 val_loss=55.16401215 best_val_loss=47.82248421 bad_epochs=6/8 epoch_time=00:00:18 eta=00:07:15
[a4_weekly_static_weight_20d] epoch 036/060 val_loss=327.23542786 best_val_loss=47.82248421 bad_epochs=7/8 epoch_time=00:00:17 eta=00:06:57
[a4_weekly_static_weight_20d] epoch 037/060 val_loss=43.53331604 best_val_loss=43.53331604 bad_epochs=0/8 epoch_time=00:00:17 eta=00:06:40
[a4_weekly_static_weight_20d] epoch 038/060 val_loss=114.78483124 best_val_loss=43.53331604 bad_epochs=1/8 epoch_time=00:00:17 eta=00:06:22
[a4_weekly_static_weight_20d] epoch 039/060 val_loss=87.94504242 best_val_loss=43.53331604 bad_epochs=2/8 epoch_time=00:00:18 eta=00:06:05
[a4_weekly_static_weight_20d] epoch 040/060 val_loss=126.04210815 best_val_loss=43.53331604 bad_epochs=3/8 epoch_time=00:00:18 eta=00:05:48
[a4_weekly_static_weight_20d] epoch 041/060 val_loss=389.22901611 best_val_loss=43.53331604 bad_epochs=4/8 epoch_time=00:00:17 eta=00:05:30
[a4_weekly_static_weight_20d] epoch 042/060 val_loss=36.55006523 best_val_loss=36.55006523 bad_epochs=0/8 epoch_time=00:00:17 eta=00:05:13
[a4_weekly_static_weight_20d] epoch 043/060 val_loss=151.96676788 best_val_loss=36.55006523 bad_epochs=1/8 epoch_time=00:00:17 eta=00:04:56
[a4_weekly_static_weight_20d] epoch 044/060 val_loss=238.58388062 best_val_loss=36.55006523 bad_epochs=2/8 epoch_time=00:00:17 eta=00:04:38
[a4_weekly_static_weight_20d] epoch 045/060 val_loss=684.22591553 best_val_loss=36.55006523 bad_epochs=3/8 epoch_time=00:00:17 eta=00:04:21
[a4_weekly_static_weight_20d] epoch 046/060 val_loss=393.24401855 best_val_loss=36.55006523 bad_epochs=4/8 epoch_time=00:00:17 eta=00:04:03
[a4_weekly_static_weight_20d] epoch 047/060 val_loss=101.13402023 best_val_loss=36.55006523 bad_epochs=5/8 epoch_time=00:00:17 eta=00:03:46
[a4_weekly_static_weight_20d] epoch 048/060 val_loss=75.78928375 best_val_loss=36.55006523 bad_epochs=6/8 epoch_time=00:00:17 eta=00:03:29
[a4_weekly_static_weight_20d] epoch 049/060 val_loss=245.21846619 best_val_loss=36.55006523 bad_epochs=7/8 epoch_time=00:00:17 eta=00:03:11
[a4_weekly_static_weight_20d] epoch 050/060 val_loss=183.30789948 best_val_loss=36.55006523 bad_epochs=8/8 epoch_time=00:00:17 eta=00:02:54
[a4_weekly_static_weight_20d] early stopping at epoch 50
[a4] done freq=weekly mode=static_weight horizon=20d test_mse=37.609966 test_corr=-0.4105 (overall elapsed 06:24:32)
[a4] === run 24/24: freq=weekly mode=adaptive_router patches=[2, 4, 8, 12, 13, 14] horizon=20d ===
[a4_weekly_adaptive_router_20d] epoch 001/060 val_loss=71503.06718750 best_val_loss=71503.06718750 bad_epochs=0/8 epoch_time=00:00:18 eta=00:17:22
[a4_weekly_adaptive_router_20d] epoch 002/060 val_loss=5209.27592773 best_val_loss=5209.27592773 bad_epochs=0/8 epoch_time=00:00:18 eta=00:17:03
[a4_weekly_adaptive_router_20d] epoch 003/060 val_loss=2441.57270508 best_val_loss=2441.57270508 bad_epochs=0/8 epoch_time=00:00:18 eta=00:16:45
[a4_weekly_adaptive_router_20d] epoch 004/060 val_loss=1628.96184082 best_val_loss=1628.96184082 bad_epochs=0/8 epoch_time=00:00:18 eta=00:16:27
[a4_weekly_adaptive_router_20d] epoch 005/060 val_loss=447.88881836 best_val_loss=447.88881836 bad_epochs=0/8 epoch_time=00:00:18 eta=00:16:09
[a4_weekly_adaptive_router_20d] epoch 006/060 val_loss=554.87291870 best_val_loss=447.88881836 bad_epochs=1/8 epoch_time=00:00:18 eta=00:15:50
[a4_weekly_adaptive_router_20d] epoch 007/060 val_loss=569.40124512 best_val_loss=447.88881836 bad_epochs=2/8 epoch_time=00:00:18 eta=00:15:32
[a4_weekly_adaptive_router_20d] epoch 008/060 val_loss=569.04770508 best_val_loss=447.88881836 bad_epochs=3/8 epoch_time=00:00:17 eta=00:15:13
[a4_weekly_adaptive_router_20d] epoch 009/060 val_loss=568.57668457 best_val_loss=447.88881836 bad_epochs=4/8 epoch_time=00:00:17 eta=00:14:55
[a4_weekly_adaptive_router_20d] epoch 010/060 val_loss=565.22319336 best_val_loss=447.88881836 bad_epochs=5/8 epoch_time=00:00:18 eta=00:14:38
[a4_weekly_adaptive_router_20d] epoch 011/060 val_loss=568.34511719 best_val_loss=447.88881836 bad_epochs=6/8 epoch_time=00:00:17 eta=00:14:20
[a4_weekly_adaptive_router_20d] epoch 012/060 val_loss=570.04624023 best_val_loss=447.88881836 bad_epochs=7/8 epoch_time=00:00:18 eta=00:14:02
[a4_weekly_adaptive_router_20d] epoch 013/060 val_loss=569.59901733 best_val_loss=447.88881836 bad_epochs=8/8 epoch_time=00:00:18 eta=00:13:45
[a4_weekly_adaptive_router_20d] early stopping at epoch 13
[a4] done freq=weekly mode=adaptive_router horizon=20d test_mse=4659.706543 test_corr=-0.0490 (overall elapsed 06:28:27)
[a4] ALL DONE. Results at /Users/maxiyao/Desktop/金融工程项目/pathformer/experiments/expA_fslr_fullfreq/output/a4_static_weight_vs_adaptive_router_results.csv
