[a5] 24 total runs (group x horizon), fusion=concat
[a5] === run 1/24: group=single_hourly freqs=['hourly'] fusion=concat horizon=5d ===
[a5_single_hourly_concat_5d] epoch 001/060 val_loss=18773.00615234 best_val_loss=18773.00615234 bad_epochs=0/8 epoch_time=00:00:12 eta=00:11:27
[a5_single_hourly_concat_5d] epoch 002/060 val_loss=12529.37226562 best_val_loss=12529.37226562 bad_epochs=0/8 epoch_time=00:00:12 eta=00:11:15
[a5_single_hourly_concat_5d] epoch 003/060 val_loss=8752.81425781 best_val_loss=8752.81425781 bad_epochs=0/8 epoch_time=00:00:12 eta=00:11:02
[a5_single_hourly_concat_5d] epoch 004/060 val_loss=5992.18457031 best_val_loss=5992.18457031 bad_epochs=0/8 epoch_time=00:00:12 eta=00:10:51
[a5_single_hourly_concat_5d] epoch 005/060 val_loss=3395.35917969 best_val_loss=3395.35917969 bad_epochs=0/8 epoch_time=00:00:12 eta=00:10:41
[a5_single_hourly_concat_5d] epoch 006/060 val_loss=1249.95433960 best_val_loss=1249.95433960 bad_epochs=0/8 epoch_time=00:00:12 eta=00:10:30
[a5_single_hourly_concat_5d] epoch 007/060 val_loss=309.16495667 best_val_loss=309.16495667 bad_epochs=0/8 epoch_time=00:00:12 eta=00:10:19
[a5_single_hourly_concat_5d] epoch 008/060 val_loss=118.38211823 best_val_loss=118.38211823 bad_epochs=0/8 epoch_time=00:00:12 eta=00:10:08
[a5_single_hourly_concat_5d] epoch 009/060 val_loss=76.50445557 best_val_loss=76.50445557 bad_epochs=0/8 epoch_time=00:00:12 eta=00:09:57
[a5_single_hourly_concat_5d] epoch 010/060 val_loss=77.87871399 best_val_loss=76.50445557 bad_epochs=1/8 epoch_time=00:00:12 eta=00:09:45
[a5_single_hourly_concat_5d] epoch 011/060 val_loss=52.94740829 best_val_loss=52.94740829 bad_epochs=0/8 epoch_time=00:00:12 eta=00:09:35
[a5_single_hourly_concat_5d] epoch 012/060 val_loss=46.40361176 best_val_loss=46.40361176 bad_epochs=0/8 epoch_time=00:00:12 eta=00:09:23
[a5_single_hourly_concat_5d] epoch 013/060 val_loss=39.95409431 best_val_loss=39.95409431 bad_epochs=0/8 epoch_time=00:00:12 eta=00:09:11
[a5_single_hourly_concat_5d] epoch 014/060 val_loss=41.00014420 best_val_loss=39.95409431 bad_epochs=1/8 epoch_time=00:00:12 eta=00:08:59
[a5_single_hourly_concat_5d] epoch 015/060 val_loss=34.63268585 best_val_loss=34.63268585 bad_epochs=0/8 epoch_time=00:00:12 eta=00:08:47
[a5_single_hourly_concat_5d] epoch 016/060 val_loss=31.75869446 best_val_loss=31.75869446 bad_epochs=0/8 epoch_time=00:00:12 eta=00:08:36
[a5_single_hourly_concat_5d] epoch 017/060 val_loss=18.45166340 best_val_loss=18.45166340 bad_epochs=0/8 epoch_time=00:00:12 eta=00:08:24
[a5_single_hourly_concat_5d] epoch 018/060 val_loss=13.83924732 best_val_loss=13.83924732 bad_epochs=0/8 epoch_time=00:00:12 eta=00:08:13
[a5_single_hourly_concat_5d] epoch 019/060 val_loss=13.72192049 best_val_loss=13.72192049 bad_epochs=0/8 epoch_time=00:00:12 eta=00:08:02
[a5_single_hourly_concat_5d] epoch 020/060 val_loss=14.08765965 best_val_loss=13.72192049 bad_epochs=1/8 epoch_time=00:00:12 eta=00:07:50
[a5_single_hourly_concat_5d] epoch 021/060 val_loss=14.57045498 best_val_loss=13.72192049 bad_epochs=2/8 epoch_time=00:00:12 eta=00:07:38
[a5_single_hourly_concat_5d] epoch 022/060 val_loss=16.89044476 best_val_loss=13.72192049 bad_epochs=3/8 epoch_time=00:00:12 eta=00:07:27
[a5_single_hourly_concat_5d] epoch 023/060 val_loss=16.95136280 best_val_loss=13.72192049 bad_epochs=4/8 epoch_time=00:00:12 eta=00:07:15
[a5_single_hourly_concat_5d] epoch 024/060 val_loss=18.71353054 best_val_loss=13.72192049 bad_epochs=5/8 epoch_time=00:00:12 eta=00:07:03
[a5_single_hourly_concat_5d] epoch 025/060 val_loss=19.55796566 best_val_loss=13.72192049 bad_epochs=6/8 epoch_time=00:00:12 eta=00:06:52
[a5_single_hourly_concat_5d] epoch 026/060 val_loss=21.24665642 best_val_loss=13.72192049 bad_epochs=7/8 epoch_time=00:00:12 eta=00:06:40
[a5_single_hourly_concat_5d] epoch 027/060 val_loss=23.13165073 best_val_loss=13.72192049 bad_epochs=8/8 epoch_time=00:00:12 eta=00:06:29
[a5_single_hourly_concat_5d] early stopping at epoch 27
[a5] done group=single_hourly horizon=5d test_mse=2.238723 test_corr=-0.0300 (overall elapsed 00:05:24)
[a5] === run 2/24: group=single_halfday freqs=['halfday'] fusion=concat horizon=5d ===
[a5_single_halfday_concat_5d] epoch 001/060 val_loss=62822.15468750 best_val_loss=62822.15468750 bad_epochs=0/8 epoch_time=00:00:11 eta=00:11:07
[a5_single_halfday_concat_5d] epoch 002/060 val_loss=42803.80156250 best_val_loss=42803.80156250 bad_epochs=0/8 epoch_time=00:00:11 eta=00:10:47
[a5_single_halfday_concat_5d] epoch 003/060 val_loss=33349.56875000 best_val_loss=33349.56875000 bad_epochs=0/8 epoch_time=00:00:11 eta=00:10:33
[a5_single_halfday_concat_5d] epoch 004/060 val_loss=24754.01523438 best_val_loss=24754.01523438 bad_epochs=0/8 epoch_time=00:00:11 eta=00:10:20
[a5_single_halfday_concat_5d] epoch 005/060 val_loss=16810.31230469 best_val_loss=16810.31230469 bad_epochs=0/8 epoch_time=00:00:11 eta=00:10:08
[a5_single_halfday_concat_5d] epoch 006/060 val_loss=8799.87568359 best_val_loss=8799.87568359 bad_epochs=0/8 epoch_time=00:00:11 eta=00:09:56
[a5_single_halfday_concat_5d] epoch 007/060 val_loss=1080.00437012 best_val_loss=1080.00437012 bad_epochs=0/8 epoch_time=00:00:11 eta=00:09:45
[a5_single_halfday_concat_5d] epoch 008/060 val_loss=267.71613159 best_val_loss=267.71613159 bad_epochs=0/8 epoch_time=00:00:11 eta=00:09:33
[a5_single_halfday_concat_5d] epoch 009/060 val_loss=72.30281258 best_val_loss=72.30281258 bad_epochs=0/8 epoch_time=00:00:11 eta=00:09:22
[a5_single_halfday_concat_5d] epoch 010/060 val_loss=142.69943237 best_val_loss=72.30281258 bad_epochs=1/8 epoch_time=00:00:11 eta=00:09:11
[a5_single_halfday_concat_5d] epoch 011/060 val_loss=66.28344498 best_val_loss=66.28344498 bad_epochs=0/8 epoch_time=00:00:11 eta=00:09:00
[a5_single_halfday_concat_5d] epoch 012/060 val_loss=136.97100677 best_val_loss=66.28344498 bad_epochs=1/8 epoch_time=00:00:11 eta=00:08:49
[a5_single_halfday_concat_5d] epoch 013/060 val_loss=62.12911530 best_val_loss=62.12911530 bad_epochs=0/8 epoch_time=00:00:11 eta=00:08:38
[a5_single_halfday_concat_5d] epoch 014/060 val_loss=131.93258362 best_val_loss=62.12911530 bad_epochs=1/8 epoch_time=00:00:11 eta=00:08:26
[a5_single_halfday_concat_5d] epoch 015/060 val_loss=58.36777267 best_val_loss=58.36777267 bad_epochs=0/8 epoch_time=00:00:11 eta=00:08:16
[a5_single_halfday_concat_5d] epoch 016/060 val_loss=127.82458954 best_val_loss=58.36777267 bad_epochs=1/8 epoch_time=00:00:11 eta=00:08:05
[a5_single_halfday_concat_5d] epoch 017/060 val_loss=55.18476334 best_val_loss=55.18476334 bad_epochs=0/8 epoch_time=00:00:11 eta=00:07:54
[a5_single_halfday_concat_5d] epoch 018/060 val_loss=123.74743042 best_val_loss=55.18476334 bad_epochs=1/8 epoch_time=00:00:11 eta=00:07:43
[a5_single_halfday_concat_5d] epoch 019/060 val_loss=52.38181953 best_val_loss=52.38181953 bad_epochs=0/8 epoch_time=00:00:11 eta=00:07:32
[a5_single_halfday_concat_5d] epoch 020/060 val_loss=120.17419891 best_val_loss=52.38181953 bad_epochs=1/8 epoch_time=00:00:11 eta=00:07:20
[a5_single_halfday_concat_5d] epoch 021/060 val_loss=50.25440178 best_val_loss=50.25440178 bad_epochs=0/8 epoch_time=00:00:11 eta=00:07:09
[a5_single_halfday_concat_5d] epoch 022/060 val_loss=116.79294434 best_val_loss=50.25440178 bad_epochs=1/8 epoch_time=00:00:11 eta=00:06:58
[a5_single_halfday_concat_5d] epoch 023/060 val_loss=48.40847054 best_val_loss=48.40847054 bad_epochs=0/8 epoch_time=00:00:11 eta=00:06:47
[a5_single_halfday_concat_5d] epoch 024/060 val_loss=113.33880768 best_val_loss=48.40847054 bad_epochs=1/8 epoch_time=00:00:11 eta=00:06:36
[a5_single_halfday_concat_5d] epoch 025/060 val_loss=47.12530746 best_val_loss=47.12530746 bad_epochs=0/8 epoch_time=00:00:11 eta=00:06:25
[a5_single_halfday_concat_5d] epoch 026/060 val_loss=110.47550507 best_val_loss=47.12530746 bad_epochs=1/8 epoch_time=00:00:11 eta=00:06:14
[a5_single_halfday_concat_5d] epoch 027/060 val_loss=45.99006157 best_val_loss=45.99006157 bad_epochs=0/8 epoch_time=00:00:11 eta=00:06:03
[a5_single_halfday_concat_5d] epoch 028/060 val_loss=107.55226593 best_val_loss=45.99006157 bad_epochs=1/8 epoch_time=00:00:11 eta=00:05:52
[a5_single_halfday_concat_5d] epoch 029/060 val_loss=45.00780449 best_val_loss=45.00780449 bad_epochs=0/8 epoch_time=00:00:11 eta=00:05:41
[a5_single_halfday_concat_5d] epoch 030/060 val_loss=104.76588745 best_val_loss=45.00780449 bad_epochs=1/8 epoch_time=00:00:11 eta=00:05:30
[a5_single_halfday_concat_5d] epoch 031/060 val_loss=44.39946098 best_val_loss=44.39946098 bad_epochs=0/8 epoch_time=00:00:11 eta=00:05:18
[a5_single_halfday_concat_5d] epoch 032/060 val_loss=102.47279663 best_val_loss=44.39946098 bad_epochs=1/8 epoch_time=00:00:11 eta=00:05:08
[a5_single_halfday_concat_5d] epoch 033/060 val_loss=43.94261780 best_val_loss=43.94261780 bad_epochs=0/8 epoch_time=00:00:11 eta=00:04:57
[a5_single_halfday_concat_5d] epoch 034/060 val_loss=100.47815704 best_val_loss=43.94261780 bad_epochs=1/8 epoch_time=00:00:11 eta=00:04:46
[a5_single_halfday_concat_5d] epoch 035/060 val_loss=43.60798950 best_val_loss=43.60798950 bad_epochs=0/8 epoch_time=00:00:11 eta=00:04:35
[a5_single_halfday_concat_5d] epoch 036/060 val_loss=98.35393143 best_val_loss=43.60798950 bad_epochs=1/8 epoch_time=00:00:11 eta=00:04:24
[a5_single_halfday_concat_5d] epoch 037/060 val_loss=43.50240402 best_val_loss=43.50240402 bad_epochs=0/8 epoch_time=00:00:11 eta=00:04:13
[a5_single_halfday_concat_5d] epoch 038/060 val_loss=96.32271042 best_val_loss=43.50240402 bad_epochs=1/8 epoch_time=00:00:11 eta=00:04:02
[a5_single_halfday_concat_5d] epoch 039/060 val_loss=43.55517769 best_val_loss=43.50240402 bad_epochs=2/8 epoch_time=00:00:11 eta=00:03:51
[a5_single_halfday_concat_5d] epoch 040/060 val_loss=94.65896988 best_val_loss=43.50240402 bad_epochs=3/8 epoch_time=00:00:11 eta=00:03:40
[a5_single_halfday_concat_5d] epoch 041/060 val_loss=43.69333954 best_val_loss=43.50240402 bad_epochs=4/8 epoch_time=00:00:11 eta=00:03:29
[a5_single_halfday_concat_5d] epoch 042/060 val_loss=92.90283432 best_val_loss=43.50240402 bad_epochs=5/8 epoch_time=00:00:11 eta=00:03:18
[a5_single_halfday_concat_5d] epoch 043/060 val_loss=44.00083160 best_val_loss=43.50240402 bad_epochs=6/8 epoch_time=00:00:11 eta=00:03:07
[a5_single_halfday_concat_5d] epoch 044/060 val_loss=91.45232391 best_val_loss=43.50240402 bad_epochs=7/8 epoch_time=00:00:11 eta=00:02:56
[a5_single_halfday_concat_5d] epoch 045/060 val_loss=44.24412193 best_val_loss=43.50240402 bad_epochs=8/8 epoch_time=00:00:11 eta=00:02:45
[a5_single_halfday_concat_5d] early stopping at epoch 45
[a5] done group=single_halfday horizon=5d test_mse=31.637232 test_corr=-0.1172 (overall elapsed 00:13:43)
[a5] === run 3/24: group=single_daily freqs=['daily'] fusion=concat horizon=5d ===
[a5_single_daily_concat_5d] epoch 001/060 val_loss=103967.87578125 best_val_loss=103967.87578125 bad_epochs=0/8 epoch_time=00:00:46 eta=00:44:52
[a5_single_daily_concat_5d] epoch 002/060 val_loss=72174.23203125 best_val_loss=72174.23203125 bad_epochs=0/8 epoch_time=00:00:45 eta=00:43:48
[a5_single_daily_concat_5d] epoch 003/060 val_loss=48269.80312500 best_val_loss=48269.80312500 bad_epochs=0/8 epoch_time=00:00:45 eta=00:42:58
[a5_single_daily_concat_5d] epoch 004/060 val_loss=24485.75507812 best_val_loss=24485.75507812 bad_epochs=0/8 epoch_time=00:00:45 eta=00:42:06
[a5_single_daily_concat_5d] epoch 005/060 val_loss=2105.58317871 best_val_loss=2105.58317871 bad_epochs=0/8 epoch_time=00:00:44 eta=00:41:13
[a5_single_daily_concat_5d] epoch 006/060 val_loss=1535.12025146 best_val_loss=1535.12025146 bad_epochs=0/8 epoch_time=00:00:45 eta=00:40:24
[a5_single_daily_concat_5d] epoch 007/060 val_loss=86.42231064 best_val_loss=86.42231064 bad_epochs=0/8 epoch_time=00:00:45 eta=00:39:36
[a5_single_daily_concat_5d] epoch 008/060 val_loss=102.85949936 best_val_loss=86.42231064 bad_epochs=1/8 epoch_time=00:00:44 eta=00:38:48
[a5_single_daily_concat_5d] epoch 009/060 val_loss=90.76412659 best_val_loss=86.42231064 bad_epochs=2/8 epoch_time=00:00:44 eta=00:38:01
[a5_single_daily_concat_5d] epoch 010/060 val_loss=67.55148849 best_val_loss=67.55148849 bad_epochs=0/8 epoch_time=00:00:44 eta=00:37:14
[a5_single_daily_concat_5d] epoch 011/060 val_loss=151.22374420 best_val_loss=67.55148849 bad_epochs=1/8 epoch_time=00:00:44 eta=00:36:28
[a5_single_daily_concat_5d] epoch 012/060 val_loss=168.24543915 best_val_loss=67.55148849 bad_epochs=2/8 epoch_time=00:00:44 eta=00:35:43
[a5_single_daily_concat_5d] epoch 013/060 val_loss=193.88185272 best_val_loss=67.55148849 bad_epochs=3/8 epoch_time=00:00:45 eta=00:34:58
[a5_single_daily_concat_5d] epoch 014/060 val_loss=207.82986450 best_val_loss=67.55148849 bad_epochs=4/8 epoch_time=00:00:45 eta=00:34:13
[a5_single_daily_concat_5d] epoch 015/060 val_loss=306.40090637 best_val_loss=67.55148849 bad_epochs=5/8 epoch_time=00:00:44 eta=00:33:28
[a5_single_daily_concat_5d] epoch 016/060 val_loss=49.52627678 best_val_loss=49.52627678 bad_epochs=0/8 epoch_time=00:00:45 eta=00:32:44
[a5_single_daily_concat_5d] epoch 017/060 val_loss=85.35580597 best_val_loss=49.52627678 bad_epochs=1/8 epoch_time=00:00:45 eta=00:31:59
[a5_single_daily_concat_5d] epoch 018/060 val_loss=72.51688614 best_val_loss=49.52627678 bad_epochs=2/8 epoch_time=00:00:45 eta=00:31:14
[a5_single_daily_concat_5d] epoch 019/060 val_loss=34.53692589 best_val_loss=34.53692589 bad_epochs=0/8 epoch_time=00:00:44 eta=00:30:29
[a5_single_daily_concat_5d] epoch 020/060 val_loss=135.36672668 best_val_loss=34.53692589 bad_epochs=1/8 epoch_time=00:00:44 eta=00:29:44
[a5_single_daily_concat_5d] epoch 021/060 val_loss=160.87173691 best_val_loss=34.53692589 bad_epochs=2/8 epoch_time=00:00:44 eta=00:28:59
[a5_single_daily_concat_5d] epoch 022/060 val_loss=186.61342926 best_val_loss=34.53692589 bad_epochs=3/8 epoch_time=00:00:44 eta=00:28:14
[a5_single_daily_concat_5d] epoch 023/060 val_loss=194.55826416 best_val_loss=34.53692589 bad_epochs=4/8 epoch_time=00:00:44 eta=00:27:29
[a5_single_daily_concat_5d] epoch 024/060 val_loss=291.11497345 best_val_loss=34.53692589 bad_epochs=5/8 epoch_time=00:00:45 eta=00:26:45
[a5_single_daily_concat_5d] epoch 025/060 val_loss=36.20875883 best_val_loss=34.53692589 bad_epochs=6/8 epoch_time=00:00:44 eta=00:26:00
[a5_single_daily_concat_5d] epoch 026/060 val_loss=82.43415604 best_val_loss=34.53692589 bad_epochs=7/8 epoch_time=00:00:44 eta=00:25:15
[a5_single_daily_concat_5d] epoch 027/060 val_loss=65.97973251 best_val_loss=34.53692589 bad_epochs=8/8 epoch_time=00:00:44 eta=00:24:31
[a5_single_daily_concat_5d] early stopping at epoch 27
[a5] done group=single_daily horizon=5d test_mse=5.991497 test_corr=-0.0975 (overall elapsed 00:34:04)
[a5] === run 4/24: group=single_weekly freqs=['weekly'] fusion=concat horizon=5d ===
[a5_single_weekly_concat_5d] epoch 001/060 val_loss=1443555.60000000 best_val_loss=1443555.60000000 bad_epochs=0/8 epoch_time=00:00:16 eta=00:16:10
[a5_single_weekly_concat_5d] epoch 002/060 val_loss=987279.53750000 best_val_loss=987279.53750000 bad_epochs=0/8 epoch_time=00:00:16 eta=00:15:48
[a5_single_weekly_concat_5d] epoch 003/060 val_loss=834070.90000000 best_val_loss=834070.90000000 bad_epochs=0/8 epoch_time=00:00:16 eta=00:15:29
[a5_single_weekly_concat_5d] epoch 004/060 val_loss=768900.08750000 best_val_loss=768900.08750000 bad_epochs=0/8 epoch_time=00:00:16 eta=00:15:13
[a5_single_weekly_concat_5d] epoch 005/060 val_loss=753572.01250000 best_val_loss=753572.01250000 bad_epochs=0/8 epoch_time=00:00:16 eta=00:14:57
[a5_single_weekly_concat_5d] epoch 006/060 val_loss=645371.13125000 best_val_loss=645371.13125000 bad_epochs=0/8 epoch_time=00:00:16 eta=00:14:42
[a5_single_weekly_concat_5d] epoch 007/060 val_loss=541848.40000000 best_val_loss=541848.40000000 bad_epochs=0/8 epoch_time=00:00:16 eta=00:14:25
[a5_single_weekly_concat_5d] epoch 008/060 val_loss=534915.96250000 best_val_loss=534915.96250000 bad_epochs=0/8 epoch_time=00:00:16 eta=00:14:09
[a5_single_weekly_concat_5d] epoch 009/060 val_loss=390182.15000000 best_val_loss=390182.15000000 bad_epochs=0/8 epoch_time=00:00:16 eta=00:13:52
[a5_single_weekly_concat_5d] epoch 010/060 val_loss=361038.91250000 best_val_loss=361038.91250000 bad_epochs=0/8 epoch_time=00:00:16 eta=00:13:35
[a5_single_weekly_concat_5d] epoch 011/060 val_loss=273123.55000000 best_val_loss=273123.55000000 bad_epochs=0/8 epoch_time=00:00:16 eta=00:13:19
[a5_single_weekly_concat_5d] epoch 012/060 val_loss=251306.26562500 best_val_loss=251306.26562500 bad_epochs=0/8 epoch_time=00:00:16 eta=00:13:03
[a5_single_weekly_concat_5d] epoch 013/060 val_loss=169078.24843750 best_val_loss=169078.24843750 bad_epochs=0/8 epoch_time=00:00:16 eta=00:12:46
[a5_single_weekly_concat_5d] epoch 014/060 val_loss=108609.80468750 best_val_loss=108609.80468750 bad_epochs=0/8 epoch_time=00:00:16 eta=00:12:30
[a5_single_weekly_concat_5d] epoch 015/060 val_loss=21696.15253906 best_val_loss=21696.15253906 bad_epochs=0/8 epoch_time=00:00:16 eta=00:12:13
[a5_single_weekly_concat_5d] epoch 016/060 val_loss=2982.37719727 best_val_loss=2982.37719727 bad_epochs=0/8 epoch_time=00:00:16 eta=00:11:57
[a5_single_weekly_concat_5d] epoch 017/060 val_loss=1557.23269043 best_val_loss=1557.23269043 bad_epochs=0/8 epoch_time=00:00:16 eta=00:11:41
[a5_single_weekly_concat_5d] epoch 018/060 val_loss=1755.26901855 best_val_loss=1557.23269043 bad_epochs=1/8 epoch_time=00:00:16 eta=00:11:24
[a5_single_weekly_concat_5d] epoch 019/060 val_loss=413.38981323 best_val_loss=413.38981323 bad_epochs=0/8 epoch_time=00:00:16 eta=00:11:08
[a5_single_weekly_concat_5d] epoch 020/060 val_loss=371.57609863 best_val_loss=371.57609863 bad_epochs=0/8 epoch_time=00:00:16 eta=00:10:52
[a5_single_weekly_concat_5d] epoch 021/060 val_loss=360.03955078 best_val_loss=360.03955078 bad_epochs=0/8 epoch_time=00:00:16 eta=00:10:36
[a5_single_weekly_concat_5d] epoch 022/060 val_loss=352.84736938 best_val_loss=352.84736938 bad_epochs=0/8 epoch_time=00:00:16 eta=00:10:20
[a5_single_weekly_concat_5d] epoch 023/060 val_loss=347.59109192 best_val_loss=347.59109192 bad_epochs=0/8 epoch_time=00:00:16 eta=00:10:03
[a5_single_weekly_concat_5d] epoch 024/060 val_loss=342.59289856 best_val_loss=342.59289856 bad_epochs=0/8 epoch_time=00:00:16 eta=00:09:47
[a5_single_weekly_concat_5d] epoch 025/060 val_loss=338.24478760 best_val_loss=338.24478760 bad_epochs=0/8 epoch_time=00:00:16 eta=00:09:31
[a5_single_weekly_concat_5d] epoch 026/060 val_loss=555.19400024 best_val_loss=338.24478760 bad_epochs=1/8 epoch_time=00:00:16 eta=00:09:14
[a5_single_weekly_concat_5d] epoch 027/060 val_loss=583.17996216 best_val_loss=338.24478760 bad_epochs=2/8 epoch_time=00:00:16 eta=00:08:58
[a5_single_weekly_concat_5d] epoch 028/060 val_loss=582.49114380 best_val_loss=338.24478760 bad_epochs=3/8 epoch_time=00:00:16 eta=00:08:42
[a5_single_weekly_concat_5d] epoch 029/060 val_loss=576.73135986 best_val_loss=338.24478760 bad_epochs=4/8 epoch_time=00:00:16 eta=00:08:26
[a5_single_weekly_concat_5d] epoch 030/060 val_loss=575.41345825 best_val_loss=338.24478760 bad_epochs=5/8 epoch_time=00:00:16 eta=00:08:09
[a5_single_weekly_concat_5d] epoch 031/060 val_loss=568.91986084 best_val_loss=338.24478760 bad_epochs=6/8 epoch_time=00:00:16 eta=00:07:53
[a5_single_weekly_concat_5d] epoch 032/060 val_loss=213.80182190 best_val_loss=213.80182190 bad_epochs=0/8 epoch_time=00:00:16 eta=00:07:37
[a5_single_weekly_concat_5d] epoch 033/060 val_loss=194.76225891 best_val_loss=194.76225891 bad_epochs=0/8 epoch_time=00:00:16 eta=00:07:20
[a5_single_weekly_concat_5d] epoch 034/060 val_loss=190.23009644 best_val_loss=190.23009644 bad_epochs=0/8 epoch_time=00:00:16 eta=00:07:04
[a5_single_weekly_concat_5d] epoch 035/060 val_loss=188.45673828 best_val_loss=188.45673828 bad_epochs=0/8 epoch_time=00:00:16 eta=00:06:48
[a5_single_weekly_concat_5d] epoch 036/060 val_loss=187.47790527 best_val_loss=187.47790527 bad_epochs=0/8 epoch_time=00:00:16 eta=00:06:31
[a5_single_weekly_concat_5d] epoch 037/060 val_loss=185.51362610 best_val_loss=185.51362610 bad_epochs=0/8 epoch_time=00:00:16 eta=00:06:15
[a5_single_weekly_concat_5d] epoch 038/060 val_loss=109.80887299 best_val_loss=109.80887299 bad_epochs=0/8 epoch_time=00:00:16 eta=00:05:59
[a5_single_weekly_concat_5d] epoch 039/060 val_loss=100.45480347 best_val_loss=100.45480347 bad_epochs=0/8 epoch_time=00:00:16 eta=00:05:43
[a5_single_weekly_concat_5d] epoch 040/060 val_loss=568.37269287 best_val_loss=100.45480347 bad_epochs=1/8 epoch_time=00:00:16 eta=00:05:26
[a5_single_weekly_concat_5d] epoch 041/060 val_loss=525.82274780 best_val_loss=100.45480347 bad_epochs=2/8 epoch_time=00:00:16 eta=00:05:10
[a5_single_weekly_concat_5d] epoch 042/060 val_loss=522.17930908 best_val_loss=100.45480347 bad_epochs=3/8 epoch_time=00:00:16 eta=00:04:54
[a5_single_weekly_concat_5d] epoch 043/060 val_loss=79.02684097 best_val_loss=79.02684097 bad_epochs=0/8 epoch_time=00:00:17 eta=00:04:37
[a5_single_weekly_concat_5d] epoch 044/060 val_loss=59.06515198 best_val_loss=59.06515198 bad_epochs=0/8 epoch_time=00:00:16 eta=00:04:21
[a5_single_weekly_concat_5d] epoch 045/060 val_loss=44.10697594 best_val_loss=44.10697594 bad_epochs=0/8 epoch_time=00:00:16 eta=00:04:05
[a5_single_weekly_concat_5d] epoch 046/060 val_loss=54.79992142 best_val_loss=44.10697594 bad_epochs=1/8 epoch_time=00:00:16 eta=00:03:49
[a5_single_weekly_concat_5d] epoch 047/060 val_loss=515.19097290 best_val_loss=44.10697594 bad_epochs=2/8 epoch_time=00:00:16 eta=00:03:32
[a5_single_weekly_concat_5d] epoch 048/060 val_loss=463.66820679 best_val_loss=44.10697594 bad_epochs=3/8 epoch_time=00:00:16 eta=00:03:16
[a5_single_weekly_concat_5d] epoch 049/060 val_loss=766.13776855 best_val_loss=44.10697594 bad_epochs=4/8 epoch_time=00:00:16 eta=00:03:00
[a5_single_weekly_concat_5d] epoch 050/060 val_loss=789.24029541 best_val_loss=44.10697594 bad_epochs=5/8 epoch_time=00:00:16 eta=00:02:43
[a5_single_weekly_concat_5d] epoch 051/060 val_loss=213.12202454 best_val_loss=44.10697594 bad_epochs=6/8 epoch_time=00:00:16 eta=00:02:27
[a5_single_weekly_concat_5d] epoch 052/060 val_loss=225.78905029 best_val_loss=44.10697594 bad_epochs=7/8 epoch_time=00:00:16 eta=00:02:11
[a5_single_weekly_concat_5d] epoch 053/060 val_loss=226.37726135 best_val_loss=44.10697594 bad_epochs=8/8 epoch_time=00:00:16 eta=00:01:54
[a5_single_weekly_concat_5d] early stopping at epoch 53
[a5] done group=single_weekly horizon=5d test_mse=11.223811 test_corr=0.0513 (overall elapsed 00:48:36)
[a5] === run 5/24: group=double_short freqs=['hourly', 'halfday'] fusion=concat horizon=5d ===
[a5_double_short_concat_5d] epoch 001/060 val_loss=33207.63593750 best_val_loss=33207.63593750 bad_epochs=0/8 epoch_time=00:00:22 eta=00:21:47
[a5_double_short_concat_5d] epoch 002/060 val_loss=21513.01718750 best_val_loss=21513.01718750 bad_epochs=0/8 epoch_time=00:00:22 eta=00:21:24
[a5_double_short_concat_5d] epoch 003/060 val_loss=15219.50957031 best_val_loss=15219.50957031 bad_epochs=0/8 epoch_time=00:00:22 eta=00:21:00
[a5_double_short_concat_5d] epoch 004/060 val_loss=10121.33984375 best_val_loss=10121.33984375 bad_epochs=0/8 epoch_time=00:00:22 eta=00:20:38
[a5_double_short_concat_5d] epoch 005/060 val_loss=7591.38891602 best_val_loss=7591.38891602 bad_epochs=0/8 epoch_time=00:00:22 eta=00:20:16
[a5_double_short_concat_5d] epoch 006/060 val_loss=4597.10839844 best_val_loss=4597.10839844 bad_epochs=0/8 epoch_time=00:00:22 eta=00:19:55
[a5_double_short_concat_5d] epoch 007/060 val_loss=2980.14851074 best_val_loss=2980.14851074 bad_epochs=0/8 epoch_time=00:00:22 eta=00:19:33
[a5_double_short_concat_5d] epoch 008/060 val_loss=3159.82724609 best_val_loss=2980.14851074 bad_epochs=1/8 epoch_time=00:00:22 eta=00:19:09
[a5_double_short_concat_5d] epoch 009/060 val_loss=2364.11259766 best_val_loss=2364.11259766 bad_epochs=0/8 epoch_time=00:00:22 eta=00:18:47
[a5_double_short_concat_5d] epoch 010/060 val_loss=1586.94388428 best_val_loss=1586.94388428 bad_epochs=0/8 epoch_time=00:00:22 eta=00:18:24
[a5_double_short_concat_5d] epoch 011/060 val_loss=1996.30836182 best_val_loss=1586.94388428 bad_epochs=1/8 epoch_time=00:00:22 eta=00:18:02
[a5_double_short_concat_5d] epoch 012/060 val_loss=1406.30808105 best_val_loss=1406.30808105 bad_epochs=0/8 epoch_time=00:00:22 eta=00:17:40
[a5_double_short_concat_5d] epoch 013/060 val_loss=1693.10192871 best_val_loss=1406.30808105 bad_epochs=1/8 epoch_time=00:00:22 eta=00:17:18
[a5_double_short_concat_5d] epoch 014/060 val_loss=896.23353271 best_val_loss=896.23353271 bad_epochs=0/8 epoch_time=00:00:22 eta=00:16:56
[a5_double_short_concat_5d] epoch 015/060 val_loss=981.69143677 best_val_loss=896.23353271 bad_epochs=1/8 epoch_time=00:00:22 eta=00:16:34
[a5_double_short_concat_5d] epoch 016/060 val_loss=1994.75104980 best_val_loss=896.23353271 bad_epochs=2/8 epoch_time=00:00:22 eta=00:16:12
[a5_double_short_concat_5d] epoch 017/060 val_loss=1006.34902344 best_val_loss=896.23353271 bad_epochs=3/8 epoch_time=00:00:22 eta=00:15:50
[a5_double_short_concat_5d] epoch 018/060 val_loss=655.84299927 best_val_loss=655.84299927 bad_epochs=0/8 epoch_time=00:00:22 eta=00:15:27
[a5_double_short_concat_5d] epoch 019/060 val_loss=663.47266846 best_val_loss=655.84299927 bad_epochs=1/8 epoch_time=00:00:22 eta=00:15:06
[a5_double_short_concat_5d] epoch 020/060 val_loss=519.90711670 best_val_loss=519.90711670 bad_epochs=0/8 epoch_time=00:00:22 eta=00:14:44
[a5_double_short_concat_5d] epoch 021/060 val_loss=417.76409607 best_val_loss=417.76409607 bad_epochs=0/8 epoch_time=00:00:22 eta=00:14:22
[a5_double_short_concat_5d] epoch 022/060 val_loss=1019.67810059 best_val_loss=417.76409607 bad_epochs=1/8 epoch_time=00:00:22 eta=00:14:00
[a5_double_short_concat_5d] epoch 023/060 val_loss=269.74573975 best_val_loss=269.74573975 bad_epochs=0/8 epoch_time=00:00:22 eta=00:13:38
[a5_double_short_concat_5d] epoch 024/060 val_loss=372.28740845 best_val_loss=269.74573975 bad_epochs=1/8 epoch_time=00:00:22 eta=00:13:16
[a5_double_short_concat_5d] epoch 025/060 val_loss=99.22368622 best_val_loss=99.22368622 bad_epochs=0/8 epoch_time=00:00:22 eta=00:12:53
[a5_double_short_concat_5d] epoch 026/060 val_loss=43.02665520 best_val_loss=43.02665520 bad_epochs=0/8 epoch_time=00:00:22 eta=00:12:31
[a5_double_short_concat_5d] epoch 027/060 val_loss=63.31615067 best_val_loss=43.02665520 bad_epochs=1/8 epoch_time=00:00:22 eta=00:12:09
[a5_double_short_concat_5d] epoch 028/060 val_loss=52.95562744 best_val_loss=43.02665520 bad_epochs=2/8 epoch_time=00:00:22 eta=00:11:47
[a5_double_short_concat_5d] epoch 029/060 val_loss=29.51068611 best_val_loss=29.51068611 bad_epochs=0/8 epoch_time=00:00:22 eta=00:11:25
[a5_double_short_concat_5d] epoch 030/060 val_loss=229.00201416 best_val_loss=29.51068611 bad_epochs=1/8 epoch_time=00:00:22 eta=00:11:03
[a5_double_short_concat_5d] epoch 031/060 val_loss=222.78683624 best_val_loss=29.51068611 bad_epochs=2/8 epoch_time=00:00:22 eta=00:10:41
[a5_double_short_concat_5d] epoch 032/060 val_loss=150.00022736 best_val_loss=29.51068611 bad_epochs=3/8 epoch_time=00:00:22 eta=00:10:19
[a5_double_short_concat_5d] epoch 033/060 val_loss=152.19322510 best_val_loss=29.51068611 bad_epochs=4/8 epoch_time=00:00:22 eta=00:09:56
[a5_double_short_concat_5d] epoch 034/060 val_loss=19.70470257 best_val_loss=19.70470257 bad_epochs=0/8 epoch_time=00:00:22 eta=00:09:34
[a5_double_short_concat_5d] epoch 035/060 val_loss=18.28245926 best_val_loss=18.28245926 bad_epochs=0/8 epoch_time=00:00:22 eta=00:09:12
[a5_double_short_concat_5d] epoch 036/060 val_loss=203.21799011 best_val_loss=18.28245926 bad_epochs=1/8 epoch_time=00:00:22 eta=00:08:50
[a5_double_short_concat_5d] epoch 037/060 val_loss=84.08661804 best_val_loss=18.28245926 bad_epochs=2/8 epoch_time=00:00:22 eta=00:08:28
[a5_double_short_concat_5d] epoch 038/060 val_loss=224.56080933 best_val_loss=18.28245926 bad_epochs=3/8 epoch_time=00:00:22 eta=00:08:06
[a5_double_short_concat_5d] epoch 039/060 val_loss=14.18294125 best_val_loss=14.18294125 bad_epochs=0/8 epoch_time=00:00:22 eta=00:07:44
[a5_double_short_concat_5d] epoch 040/060 val_loss=207.16560974 best_val_loss=14.18294125 bad_epochs=1/8 epoch_time=00:00:22 eta=00:07:22
[a5_double_short_concat_5d] epoch 041/060 val_loss=185.42510376 best_val_loss=14.18294125 bad_epochs=2/8 epoch_time=00:00:22 eta=00:07:00
[a5_double_short_concat_5d] epoch 042/060 val_loss=12.63209953 best_val_loss=12.63209953 bad_epochs=0/8 epoch_time=00:00:22 eta=00:06:38
[a5_double_short_concat_5d] epoch 043/060 val_loss=199.94947510 best_val_loss=12.63209953 bad_epochs=1/8 epoch_time=00:00:22 eta=00:06:16
[a5_double_short_concat_5d] epoch 044/060 val_loss=200.80583496 best_val_loss=12.63209953 bad_epochs=2/8 epoch_time=00:00:22 eta=00:05:54
[a5_double_short_concat_5d] epoch 045/060 val_loss=183.79412842 best_val_loss=12.63209953 bad_epochs=3/8 epoch_time=00:00:22 eta=00:05:32
[a5_double_short_concat_5d] epoch 046/060 val_loss=183.91031036 best_val_loss=12.63209953 bad_epochs=4/8 epoch_time=00:00:22 eta=00:05:10
[a5_double_short_concat_5d] epoch 047/060 val_loss=215.78716278 best_val_loss=12.63209953 bad_epochs=5/8 epoch_time=00:00:22 eta=00:04:47
[a5_double_short_concat_5d] epoch 048/060 val_loss=113.08379822 best_val_loss=12.63209953 bad_epochs=6/8 epoch_time=00:00:22 eta=00:04:25
[a5_double_short_concat_5d] epoch 049/060 val_loss=25.57285118 best_val_loss=12.63209953 bad_epochs=7/8 epoch_time=00:00:22 eta=00:04:03
[a5_double_short_concat_5d] epoch 050/060 val_loss=179.39231873 best_val_loss=12.63209953 bad_epochs=8/8 epoch_time=00:00:22 eta=00:03:41
[a5_double_short_concat_5d] early stopping at epoch 50
[a5] done group=double_short horizon=5d test_mse=3.894217 test_corr=-0.0316 (overall elapsed 01:07:12)
[a5] === run 6/24: group=double_lowfreq freqs=['daily', 'weekly'] fusion=concat horizon=5d ===
[a5_double_lowfreq_concat_5d] epoch 001/060 val_loss=792572.45000000 best_val_loss=792572.45000000 bad_epochs=0/8 epoch_time=00:01:02 eta=01:01:10
[a5_double_lowfreq_concat_5d] epoch 002/060 val_loss=530425.48750000 best_val_loss=530425.48750000 bad_epochs=0/8 epoch_time=00:01:01 eta=00:59:34
[a5_double_lowfreq_concat_5d] epoch 003/060 val_loss=419732.95937500 best_val_loss=419732.95937500 bad_epochs=0/8 epoch_time=00:01:01 eta=00:58:20
[a5_double_lowfreq_concat_5d] epoch 004/060 val_loss=361832.46562500 best_val_loss=361832.46562500 bad_epochs=0/8 epoch_time=00:01:01 eta=00:57:15
[a5_double_lowfreq_concat_5d] epoch 005/060 val_loss=253011.51250000 best_val_loss=253011.51250000 bad_epochs=0/8 epoch_time=00:01:01 eta=00:56:09
[a5_double_lowfreq_concat_5d] epoch 006/060 val_loss=176666.72187500 best_val_loss=176666.72187500 bad_epochs=0/8 epoch_time=00:01:01 eta=00:55:04
[a5_double_lowfreq_concat_5d] epoch 007/060 val_loss=96805.29687500 best_val_loss=96805.29687500 bad_epochs=0/8 epoch_time=00:01:01 eta=00:54:02
[a5_double_lowfreq_concat_5d] epoch 008/060 val_loss=44037.82617188 best_val_loss=44037.82617188 bad_epochs=0/8 epoch_time=00:01:01 eta=00:53:01
[a5_double_lowfreq_concat_5d] epoch 009/060 val_loss=32877.56015625 best_val_loss=32877.56015625 bad_epochs=0/8 epoch_time=00:01:02 eta=00:52:03
[a5_double_lowfreq_concat_5d] epoch 010/060 val_loss=36459.09257812 best_val_loss=32877.56015625 bad_epochs=1/8 epoch_time=00:01:01 eta=00:51:04
[a5_double_lowfreq_concat_5d] epoch 011/060 val_loss=34161.18320313 best_val_loss=32877.56015625 bad_epochs=2/8 epoch_time=00:01:01 eta=00:50:03
[a5_double_lowfreq_concat_5d] epoch 012/060 val_loss=22603.99863281 best_val_loss=22603.99863281 bad_epochs=0/8 epoch_time=00:01:01 eta=00:49:02
[a5_double_lowfreq_concat_5d] epoch 013/060 val_loss=26336.36894531 best_val_loss=22603.99863281 bad_epochs=1/8 epoch_time=00:01:01 eta=00:48:00
[a5_double_lowfreq_concat_5d] epoch 014/060 val_loss=25859.43281250 best_val_loss=22603.99863281 bad_epochs=2/8 epoch_time=00:01:01 eta=00:46:59
[a5_double_lowfreq_concat_5d] epoch 015/060 val_loss=27544.95703125 best_val_loss=22603.99863281 bad_epochs=3/8 epoch_time=00:01:01 eta=00:45:57
[a5_double_lowfreq_concat_5d] epoch 016/060 val_loss=19572.84394531 best_val_loss=19572.84394531 bad_epochs=0/8 epoch_time=00:01:01 eta=00:44:55
[a5_double_lowfreq_concat_5d] epoch 017/060 val_loss=13569.92480469 best_val_loss=13569.92480469 bad_epochs=0/8 epoch_time=00:01:01 eta=00:43:53
[a5_double_lowfreq_concat_5d] epoch 018/060 val_loss=13792.92910156 best_val_loss=13569.92480469 bad_epochs=1/8 epoch_time=00:01:01 eta=00:42:53
[a5_double_lowfreq_concat_5d] epoch 019/060 val_loss=13175.02558594 best_val_loss=13175.02558594 bad_epochs=0/8 epoch_time=00:01:02 eta=00:41:52
[a5_double_lowfreq_concat_5d] epoch 020/060 val_loss=18874.59062500 best_val_loss=13175.02558594 bad_epochs=1/8 epoch_time=00:01:01 eta=00:40:51
[a5_double_lowfreq_concat_5d] epoch 021/060 val_loss=20478.29531250 best_val_loss=13175.02558594 bad_epochs=2/8 epoch_time=00:01:01 eta=00:39:49
[a5_double_lowfreq_concat_5d] epoch 022/060 val_loss=9767.96982422 best_val_loss=9767.96982422 bad_epochs=0/8 epoch_time=00:01:01 eta=00:38:47
[a5_double_lowfreq_concat_5d] epoch 023/060 val_loss=7074.73085938 best_val_loss=7074.73085938 bad_epochs=0/8 epoch_time=00:01:01 eta=00:37:46
[a5_double_lowfreq_concat_5d] epoch 024/060 val_loss=7227.65673828 best_val_loss=7074.73085938 bad_epochs=1/8 epoch_time=00:01:01 eta=00:36:44
[a5_double_lowfreq_concat_5d] epoch 025/060 val_loss=8099.05380859 best_val_loss=7074.73085938 bad_epochs=2/8 epoch_time=00:01:01 eta=00:35:43
[a5_double_lowfreq_concat_5d] epoch 026/060 val_loss=5991.73417969 best_val_loss=5991.73417969 bad_epochs=0/8 epoch_time=00:01:01 eta=00:34:41
[a5_double_lowfreq_concat_5d] epoch 027/060 val_loss=3076.35930176 best_val_loss=3076.35930176 bad_epochs=0/8 epoch_time=00:01:01 eta=00:33:40
[a5_double_lowfreq_concat_5d] epoch 028/060 val_loss=3449.70292969 best_val_loss=3076.35930176 bad_epochs=1/8 epoch_time=00:01:01 eta=00:32:39
[a5_double_lowfreq_concat_5d] epoch 029/060 val_loss=1283.08935547 best_val_loss=1283.08935547 bad_epochs=0/8 epoch_time=00:01:01 eta=00:31:37
[a5_double_lowfreq_concat_5d] epoch 030/060 val_loss=1036.45947266 best_val_loss=1036.45947266 bad_epochs=0/8 epoch_time=00:01:01 eta=00:30:35
[a5_double_lowfreq_concat_5d] epoch 031/060 val_loss=586.82540283 best_val_loss=586.82540283 bad_epochs=0/8 epoch_time=00:01:01 eta=00:29:34
[a5_double_lowfreq_concat_5d] epoch 032/060 val_loss=2103.13676758 best_val_loss=586.82540283 bad_epochs=1/8 epoch_time=00:01:01 eta=00:28:33
[a5_double_lowfreq_concat_5d] epoch 033/060 val_loss=1985.97114258 best_val_loss=586.82540283 bad_epochs=2/8 epoch_time=00:01:01 eta=00:27:32
[a5_double_lowfreq_concat_5d] epoch 034/060 val_loss=2873.58032227 best_val_loss=586.82540283 bad_epochs=3/8 epoch_time=00:01:01 eta=00:26:30
[a5_double_lowfreq_concat_5d] epoch 035/060 val_loss=2687.31811523 best_val_loss=586.82540283 bad_epochs=4/8 epoch_time=00:01:01 eta=00:25:29
[a5_double_lowfreq_concat_5d] epoch 036/060 val_loss=3185.99384766 best_val_loss=586.82540283 bad_epochs=5/8 epoch_time=00:01:03 eta=00:24:29
[a5_double_lowfreq_concat_5d] epoch 037/060 val_loss=2633.25327148 best_val_loss=586.82540283 bad_epochs=6/8 epoch_time=00:01:02 eta=00:23:29
[a5_double_lowfreq_concat_5d] epoch 038/060 val_loss=1537.04660645 best_val_loss=586.82540283 bad_epochs=7/8 epoch_time=00:01:03 eta=00:22:28
[a5_double_lowfreq_concat_5d] epoch 039/060 val_loss=3001.31416016 best_val_loss=586.82540283 bad_epochs=8/8 epoch_time=00:01:03 eta=00:21:28
[a5_double_lowfreq_concat_5d] early stopping at epoch 39
[a5] done group=double_lowfreq horizon=5d test_mse=1970.676758 test_corr=0.0157 (overall elapsed 01:47:29)
[a5] === run 7/24: group=double_mixed freqs=['hourly', 'daily'] fusion=concat horizon=5d ===
[a5_double_mixed_concat_5d] epoch 001/060 val_loss=118749.25000000 best_val_loss=118749.25000000 bad_epochs=0/8 epoch_time=00:00:57 eta=00:56:20
[a5_double_mixed_concat_5d] epoch 002/060 val_loss=80924.99062500 best_val_loss=80924.99062500 bad_epochs=0/8 epoch_time=00:00:57 eta=00:55:18
[a5_double_mixed_concat_5d] epoch 003/060 val_loss=58677.63203125 best_val_loss=58677.63203125 bad_epochs=0/8 epoch_time=00:00:57 eta=00:54:15
[a5_double_mixed_concat_5d] epoch 004/060 val_loss=38601.79453125 best_val_loss=38601.79453125 bad_epochs=0/8 epoch_time=00:00:57 eta=00:53:19
[a5_double_mixed_concat_5d] epoch 005/060 val_loss=18219.04785156 best_val_loss=18219.04785156 bad_epochs=0/8 epoch_time=00:00:57 eta=00:52:21
[a5_double_mixed_concat_5d] epoch 006/060 val_loss=2415.76303711 best_val_loss=2415.76303711 bad_epochs=0/8 epoch_time=00:00:57 eta=00:51:22
[a5_double_mixed_concat_5d] epoch 007/060 val_loss=739.91383667 best_val_loss=739.91383667 bad_epochs=0/8 epoch_time=00:00:57 eta=00:50:23
[a5_double_mixed_concat_5d] epoch 008/060 val_loss=1026.38990479 best_val_loss=739.91383667 bad_epochs=1/8 epoch_time=00:00:57 eta=00:49:25
[a5_double_mixed_concat_5d] epoch 009/060 val_loss=447.92675476 best_val_loss=447.92675476 bad_epochs=0/8 epoch_time=00:00:57 eta=00:48:29
[a5_double_mixed_concat_5d] epoch 010/060 val_loss=492.34123535 best_val_loss=447.92675476 bad_epochs=1/8 epoch_time=00:00:57 eta=00:47:33
[a5_double_mixed_concat_5d] epoch 011/060 val_loss=409.21456909 best_val_loss=409.21456909 bad_epochs=0/8 epoch_time=00:00:57 eta=00:46:36
[a5_double_mixed_concat_5d] epoch 012/060 val_loss=190.69829712 best_val_loss=190.69829712 bad_epochs=0/8 epoch_time=00:00:57 eta=00:45:39
[a5_double_mixed_concat_5d] epoch 013/060 val_loss=137.15534210 best_val_loss=137.15534210 bad_epochs=0/8 epoch_time=00:00:57 eta=00:44:41
[a5_double_mixed_concat_5d] epoch 014/060 val_loss=93.89388733 best_val_loss=93.89388733 bad_epochs=0/8 epoch_time=00:00:57 eta=00:43:43
[a5_double_mixed_concat_5d] epoch 015/060 val_loss=12.51096535 best_val_loss=12.51096535 bad_epochs=0/8 epoch_time=00:00:57 eta=00:42:46
[a5_double_mixed_concat_5d] epoch 016/060 val_loss=24.54878426 best_val_loss=12.51096535 bad_epochs=1/8 epoch_time=00:00:57 eta=00:41:49
[a5_double_mixed_concat_5d] epoch 017/060 val_loss=211.52033691 best_val_loss=12.51096535 bad_epochs=2/8 epoch_time=00:00:57 eta=00:40:52
[a5_double_mixed_concat_5d] epoch 018/060 val_loss=387.23073120 best_val_loss=12.51096535 bad_epochs=3/8 epoch_time=00:00:57 eta=00:39:54
[a5_double_mixed_concat_5d] epoch 019/060 val_loss=262.00638428 best_val_loss=12.51096535 bad_epochs=4/8 epoch_time=00:00:57 eta=00:38:57
[a5_double_mixed_concat_5d] epoch 020/060 val_loss=177.67718201 best_val_loss=12.51096535 bad_epochs=5/8 epoch_time=00:00:57 eta=00:38:00
[a5_double_mixed_concat_5d] epoch 021/060 val_loss=216.08682251 best_val_loss=12.51096535 bad_epochs=6/8 epoch_time=00:00:57 eta=00:37:03
[a5_double_mixed_concat_5d] epoch 022/060 val_loss=184.84853287 best_val_loss=12.51096535 bad_epochs=7/8 epoch_time=00:00:57 eta=00:36:06
[a5_double_mixed_concat_5d] epoch 023/060 val_loss=209.84704590 best_val_loss=12.51096535 bad_epochs=8/8 epoch_time=00:00:57 eta=00:35:09
[a5_double_mixed_concat_5d] early stopping at epoch 23
[a5] done group=double_mixed horizon=5d test_mse=1.481012 test_corr=0.0491 (overall elapsed 02:09:43)
[a5] === run 8/24: group=full_frequency freqs=['hourly', 'halfday', 'daily', 'weekly'] fusion=concat horizon=5d ===
[a5_full_frequency_concat_5d] epoch 001/060 val_loss=194869.57500000 best_val_loss=194869.57500000 bad_epochs=0/8 epoch_time=00:01:27 eta=01:25:29
[a5_full_frequency_concat_5d] epoch 002/060 val_loss=108566.75312500 best_val_loss=108566.75312500 bad_epochs=0/8 epoch_time=00:01:30 eta=01:25:42
[a5_full_frequency_concat_5d] epoch 003/060 val_loss=38278.67968750 best_val_loss=38278.67968750 bad_epochs=0/8 epoch_time=00:01:25 eta=01:23:12
[a5_full_frequency_concat_5d] epoch 004/060 val_loss=13034.33896484 best_val_loss=13034.33896484 bad_epochs=0/8 epoch_time=00:01:25 eta=01:21:13
[a5_full_frequency_concat_5d] epoch 005/060 val_loss=6887.66914063 best_val_loss=6887.66914063 bad_epochs=0/8 epoch_time=00:01:26 eta=01:19:33
[a5_full_frequency_concat_5d] epoch 006/060 val_loss=4748.97480469 best_val_loss=4748.97480469 bad_epochs=0/8 epoch_time=00:01:25 eta=01:17:52
[a5_full_frequency_concat_5d] epoch 007/060 val_loss=4094.99731445 best_val_loss=4094.99731445 bad_epochs=0/8 epoch_time=00:01:28 eta=01:16:34
[a5_full_frequency_concat_5d] epoch 008/060 val_loss=3426.08872070 best_val_loss=3426.08872070 bad_epochs=0/8 epoch_time=00:01:27 eta=01:15:12
[a5_full_frequency_concat_5d] epoch 009/060 val_loss=2433.27100830 best_val_loss=2433.27100830 bad_epochs=0/8 epoch_time=00:01:26 eta=01:13:42
[a5_full_frequency_concat_5d] epoch 010/060 val_loss=1658.20859375 best_val_loss=1658.20859375 bad_epochs=0/8 epoch_time=00:01:29 eta=01:12:25
[a5_full_frequency_concat_5d] epoch 011/060 val_loss=883.63040771 best_val_loss=883.63040771 bad_epochs=0/8 epoch_time=00:01:30 eta=01:11:11
[a5_full_frequency_concat_5d] epoch 012/060 val_loss=264.47546692 best_val_loss=264.47546692 bad_epochs=0/8 epoch_time=00:01:31 eta=01:09:58
[a5_full_frequency_concat_5d] epoch 013/060 val_loss=933.17559814 best_val_loss=264.47546692 bad_epochs=1/8 epoch_time=00:01:29 eta=01:08:37
[a5_full_frequency_concat_5d] epoch 014/060 val_loss=1545.21506348 best_val_loss=264.47546692 bad_epochs=2/8 epoch_time=00:01:29 eta=01:07:15
[a5_full_frequency_concat_5d] epoch 015/060 val_loss=65.02723312 best_val_loss=65.02723312 bad_epochs=0/8 epoch_time=00:01:29 eta=01:05:51
[a5_full_frequency_concat_5d] epoch 016/060 val_loss=1670.93012695 best_val_loss=65.02723312 bad_epochs=1/8 epoch_time=00:01:26 eta=01:04:18
[a5_full_frequency_concat_5d] epoch 017/060 val_loss=364.10761719 best_val_loss=65.02723312 bad_epochs=2/8 epoch_time=00:01:27 eta=01:02:47
[a5_full_frequency_concat_5d] epoch 018/060 val_loss=1247.19536133 best_val_loss=65.02723312 bad_epochs=3/8 epoch_time=00:01:26 eta=01:01:15
[a5_full_frequency_concat_5d] epoch 019/060 val_loss=2012.95393066 best_val_loss=65.02723312 bad_epochs=4/8 epoch_time=00:01:26 eta=00:59:45
[a5_full_frequency_concat_5d] epoch 020/060 val_loss=3645.07402344 best_val_loss=65.02723312 bad_epochs=5/8 epoch_time=00:01:26 eta=00:58:14
[a5_full_frequency_concat_5d] epoch 021/060 val_loss=1202.12637939 best_val_loss=65.02723312 bad_epochs=6/8 epoch_time=00:01:26 eta=00:56:45
[a5_full_frequency_concat_5d] epoch 022/060 val_loss=717.13363037 best_val_loss=65.02723312 bad_epochs=7/8 epoch_time=00:01:28 eta=00:55:18
[a5_full_frequency_concat_5d] epoch 023/060 val_loss=1448.24406738 best_val_loss=65.02723312 bad_epochs=8/8 epoch_time=00:01:28 eta=00:53:53
[a5_full_frequency_concat_5d] early stopping at epoch 23
[a5] done group=full_frequency horizon=5d test_mse=41.017502 test_corr=-0.0015 (overall elapsed 02:43:46)
[a5] === run 9/24: group=single_hourly freqs=['hourly'] fusion=concat horizon=10d ===
[a5_single_hourly_concat_10d] epoch 001/060 val_loss=82.18322906 best_val_loss=82.18322906 bad_epochs=0/8 epoch_time=00:00:12 eta=00:11:59
[a5_single_hourly_concat_10d] epoch 002/060 val_loss=75.76021881 best_val_loss=75.76021881 bad_epochs=0/8 epoch_time=00:00:12 eta=00:11:44
[a5_single_hourly_concat_10d] epoch 003/060 val_loss=72.87491608 best_val_loss=72.87491608 bad_epochs=0/8 epoch_time=00:00:12 eta=00:11:32
[a5_single_hourly_concat_10d] epoch 004/060 val_loss=74.16452789 best_val_loss=72.87491608 bad_epochs=1/8 epoch_time=00:00:12 eta=00:11:21
[a5_single_hourly_concat_10d] epoch 005/060 val_loss=83.15978775 best_val_loss=72.87491608 bad_epochs=2/8 epoch_time=00:00:12 eta=00:11:09
[a5_single_hourly_concat_10d] epoch 006/060 val_loss=69.65656738 best_val_loss=69.65656738 bad_epochs=0/8 epoch_time=00:00:12 eta=00:10:57
[a5_single_hourly_concat_10d] epoch 007/060 val_loss=82.29199905 best_val_loss=69.65656738 bad_epochs=1/8 epoch_time=00:00:12 eta=00:10:45
[a5_single_hourly_concat_10d] epoch 008/060 val_loss=62.19446259 best_val_loss=62.19446259 bad_epochs=0/8 epoch_time=00:00:12 eta=00:10:33
[a5_single_hourly_concat_10d] epoch 009/060 val_loss=84.47495804 best_val_loss=62.19446259 bad_epochs=1/8 epoch_time=00:00:12 eta=00:10:21
[a5_single_hourly_concat_10d] epoch 010/060 val_loss=67.90342102 best_val_loss=62.19446259 bad_epochs=2/8 epoch_time=00:00:12 eta=00:10:09
[a5_single_hourly_concat_10d] epoch 011/060 val_loss=75.93675079 best_val_loss=62.19446259 bad_epochs=3/8 epoch_time=00:00:12 eta=00:09:57
[a5_single_hourly_concat_10d] epoch 012/060 val_loss=55.14219894 best_val_loss=55.14219894 bad_epochs=0/8 epoch_time=00:00:12 eta=00:09:44
[a5_single_hourly_concat_10d] epoch 013/060 val_loss=72.36298752 best_val_loss=55.14219894 bad_epochs=1/8 epoch_time=00:00:12 eta=00:09:32
[a5_single_hourly_concat_10d] epoch 014/060 val_loss=53.69194832 best_val_loss=53.69194832 bad_epochs=0/8 epoch_time=00:00:12 eta=00:09:19
[a5_single_hourly_concat_10d] epoch 015/060 val_loss=68.60086670 best_val_loss=53.69194832 bad_epochs=1/8 epoch_time=00:00:12 eta=00:09:07
[a5_single_hourly_concat_10d] epoch 016/060 val_loss=54.53402100 best_val_loss=53.69194832 bad_epochs=2/8 epoch_time=00:00:12 eta=00:08:55
[a5_single_hourly_concat_10d] epoch 017/060 val_loss=64.72924652 best_val_loss=53.69194832 bad_epochs=3/8 epoch_time=00:00:12 eta=00:08:43
[a5_single_hourly_concat_10d] epoch 018/060 val_loss=51.33011246 best_val_loss=51.33011246 bad_epochs=0/8 epoch_time=00:00:12 eta=00:08:31
[a5_single_hourly_concat_10d] epoch 019/060 val_loss=60.45726700 best_val_loss=51.33011246 bad_epochs=1/8 epoch_time=00:00:12 eta=00:08:19
[a5_single_hourly_concat_10d] epoch 020/060 val_loss=48.90483208 best_val_loss=48.90483208 bad_epochs=0/8 epoch_time=00:00:12 eta=00:08:07
[a5_single_hourly_concat_10d] epoch 021/060 val_loss=56.89908180 best_val_loss=48.90483208 bad_epochs=1/8 epoch_time=00:00:12 eta=00:07:55
[a5_single_hourly_concat_10d] epoch 022/060 val_loss=48.20395088 best_val_loss=48.20395088 bad_epochs=0/8 epoch_time=00:00:12 eta=00:07:43
[a5_single_hourly_concat_10d] epoch 023/060 val_loss=52.47879181 best_val_loss=48.20395088 bad_epochs=1/8 epoch_time=00:00:12 eta=00:07:31
[a5_single_hourly_concat_10d] epoch 024/060 val_loss=45.59969330 best_val_loss=45.59969330 bad_epochs=0/8 epoch_time=00:00:12 eta=00:07:18
[a5_single_hourly_concat_10d] epoch 025/060 val_loss=47.67311592 best_val_loss=45.59969330 bad_epochs=1/8 epoch_time=00:00:12 eta=00:07:06
[a5_single_hourly_concat_10d] epoch 026/060 val_loss=40.26544838 best_val_loss=40.26544838 bad_epochs=0/8 epoch_time=00:00:12 eta=00:06:54
[a5_single_hourly_concat_10d] epoch 027/060 val_loss=41.91405182 best_val_loss=40.26544838 bad_epochs=1/8 epoch_time=00:00:12 eta=00:06:42
[a5_single_hourly_concat_10d] epoch 028/060 val_loss=38.29130249 best_val_loss=38.29130249 bad_epochs=0/8 epoch_time=00:00:12 eta=00:06:30
[a5_single_hourly_concat_10d] epoch 029/060 val_loss=36.94552460 best_val_loss=36.94552460 bad_epochs=0/8 epoch_time=00:00:13 eta=00:06:18
[a5_single_hourly_concat_10d] epoch 030/060 val_loss=33.69983978 best_val_loss=33.69983978 bad_epochs=0/8 epoch_time=00:00:12 eta=00:06:06
[a5_single_hourly_concat_10d] epoch 031/060 val_loss=31.64068947 best_val_loss=31.64068947 bad_epochs=0/8 epoch_time=00:00:12 eta=00:05:54
[a5_single_hourly_concat_10d] epoch 032/060 val_loss=28.41095791 best_val_loss=28.41095791 bad_epochs=0/8 epoch_time=00:00:13 eta=00:05:42
[a5_single_hourly_concat_10d] epoch 033/060 val_loss=24.18541603 best_val_loss=24.18541603 bad_epochs=0/8 epoch_time=00:00:12 eta=00:05:30
[a5_single_hourly_concat_10d] epoch 034/060 val_loss=25.39199219 best_val_loss=24.18541603 bad_epochs=1/8 epoch_time=00:00:12 eta=00:05:18
[a5_single_hourly_concat_10d] epoch 035/060 val_loss=19.67312317 best_val_loss=19.67312317 bad_epochs=0/8 epoch_time=00:00:12 eta=00:05:06
[a5_single_hourly_concat_10d] epoch 036/060 val_loss=23.64763737 best_val_loss=19.67312317 bad_epochs=1/8 epoch_time=00:00:12 eta=00:04:53
[a5_single_hourly_concat_10d] epoch 037/060 val_loss=16.38341255 best_val_loss=16.38341255 bad_epochs=0/8 epoch_time=00:00:12 eta=00:04:41
[a5_single_hourly_concat_10d] epoch 038/060 val_loss=21.94199638 best_val_loss=16.38341255 bad_epochs=1/8 epoch_time=00:00:12 eta=00:04:29
[a5_single_hourly_concat_10d] epoch 039/060 val_loss=13.34998283 best_val_loss=13.34998283 bad_epochs=0/8 epoch_time=00:00:12 eta=00:04:17
[a5_single_hourly_concat_10d] epoch 040/060 val_loss=16.97815914 best_val_loss=13.34998283 bad_epochs=1/8 epoch_time=00:00:12 eta=00:04:04
[a5_single_hourly_concat_10d] epoch 041/060 val_loss=10.65633545 best_val_loss=10.65633545 bad_epochs=0/8 epoch_time=00:00:12 eta=00:03:52
[a5_single_hourly_concat_10d] epoch 042/060 val_loss=17.19890614 best_val_loss=10.65633545 bad_epochs=1/8 epoch_time=00:00:12 eta=00:03:40
[a5_single_hourly_concat_10d] epoch 043/060 val_loss=8.11879392 best_val_loss=8.11879392 bad_epochs=0/8 epoch_time=00:00:12 eta=00:03:28
[a5_single_hourly_concat_10d] epoch 044/060 val_loss=17.85311661 best_val_loss=8.11879392 bad_epochs=1/8 epoch_time=00:00:12 eta=00:03:15
[a5_single_hourly_concat_10d] epoch 045/060 val_loss=6.99141750 best_val_loss=6.99141750 bad_epochs=0/8 epoch_time=00:00:12 eta=00:03:03
[a5_single_hourly_concat_10d] epoch 046/060 val_loss=10.24951544 best_val_loss=6.99141750 bad_epochs=1/8 epoch_time=00:00:12 eta=00:02:51
[a5_single_hourly_concat_10d] epoch 047/060 val_loss=5.72973111 best_val_loss=5.72973111 bad_epochs=0/8 epoch_time=00:00:12 eta=00:02:39
[a5_single_hourly_concat_10d] epoch 048/060 val_loss=12.41777201 best_val_loss=5.72973111 bad_epochs=1/8 epoch_time=00:00:12 eta=00:02:27
[a5_single_hourly_concat_10d] epoch 049/060 val_loss=4.77411914 best_val_loss=4.77411914 bad_epochs=0/8 epoch_time=00:00:12 eta=00:02:14
[a5_single_hourly_concat_10d] epoch 050/060 val_loss=10.07239437 best_val_loss=4.77411914 bad_epochs=1/8 epoch_time=00:00:12 eta=00:02:02
[a5_single_hourly_concat_10d] epoch 051/060 val_loss=4.23310084 best_val_loss=4.23310084 bad_epochs=0/8 epoch_time=00:00:12 eta=00:01:50
[a5_single_hourly_concat_10d] epoch 052/060 val_loss=13.76822338 best_val_loss=4.23310084 bad_epochs=1/8 epoch_time=00:00:12 eta=00:01:38
[a5_single_hourly_concat_10d] epoch 053/060 val_loss=4.10167978 best_val_loss=4.10167978 bad_epochs=0/8 epoch_time=00:00:12 eta=00:01:25
[a5_single_hourly_concat_10d] epoch 054/060 val_loss=9.95445404 best_val_loss=4.10167978 bad_epochs=1/8 epoch_time=00:00:12 eta=00:01:13
[a5_single_hourly_concat_10d] epoch 055/060 val_loss=3.80400472 best_val_loss=3.80400472 bad_epochs=0/8 epoch_time=00:00:12 eta=00:01:01
[a5_single_hourly_concat_10d] epoch 056/060 val_loss=10.37065725 best_val_loss=3.80400472 bad_epochs=1/8 epoch_time=00:00:12 eta=00:00:49
[a5_single_hourly_concat_10d] epoch 057/060 val_loss=3.47482872 best_val_loss=3.47482872 bad_epochs=0/8 epoch_time=00:00:12 eta=00:00:37
[a5_single_hourly_concat_10d] epoch 058/060 val_loss=9.41128283 best_val_loss=3.47482872 bad_epochs=1/8 epoch_time=00:00:12 eta=00:00:24
[a5_single_hourly_concat_10d] epoch 059/060 val_loss=3.25718703 best_val_loss=3.25718703 bad_epochs=0/8 epoch_time=00:00:12 eta=00:00:12
[a5_single_hourly_concat_10d] epoch 060/060 val_loss=10.08175039 best_val_loss=3.25718703 bad_epochs=1/8 epoch_time=00:00:12 eta=00:00:00
[a5] done group=single_hourly horizon=10d test_mse=0.446550 test_corr=-0.0019 (overall elapsed 02:56:03)
[a5] === run 10/24: group=single_halfday freqs=['halfday'] fusion=concat horizon=10d ===
[a5_single_halfday_concat_10d] epoch 001/060 val_loss=128889.82656250 best_val_loss=128889.82656250 bad_epochs=0/8 epoch_time=00:00:11 eta=00:10:54
[a5_single_halfday_concat_10d] epoch 002/060 val_loss=95150.96875000 best_val_loss=95150.96875000 bad_epochs=0/8 epoch_time=00:00:11 eta=00:10:39
[a5_single_halfday_concat_10d] epoch 003/060 val_loss=74930.04453125 best_val_loss=74930.04453125 bad_epochs=0/8 epoch_time=00:00:11 eta=00:10:27
[a5_single_halfday_concat_10d] epoch 004/060 val_loss=57110.53906250 best_val_loss=57110.53906250 bad_epochs=0/8 epoch_time=00:00:11 eta=00:10:18
[a5_single_halfday_concat_10d] epoch 005/060 val_loss=43926.20117188 best_val_loss=43926.20117188 bad_epochs=0/8 epoch_time=00:00:11 eta=00:10:09
[a5_single_halfday_concat_10d] epoch 006/060 val_loss=35619.61562500 best_val_loss=35619.61562500 bad_epochs=0/8 epoch_time=00:00:11 eta=00:09:57
[a5_single_halfday_concat_10d] epoch 007/060 val_loss=25600.46386719 best_val_loss=25600.46386719 bad_epochs=0/8 epoch_time=00:00:11 eta=00:09:47
[a5_single_halfday_concat_10d] epoch 008/060 val_loss=17878.89101562 best_val_loss=17878.89101562 bad_epochs=0/8 epoch_time=00:00:11 eta=00:09:36
[a5_single_halfday_concat_10d] epoch 009/060 val_loss=8522.95771484 best_val_loss=8522.95771484 bad_epochs=0/8 epoch_time=00:00:11 eta=00:09:26
[a5_single_halfday_concat_10d] epoch 010/060 val_loss=359.39123535 best_val_loss=359.39123535 bad_epochs=0/8 epoch_time=00:00:11 eta=00:09:16
[a5_single_halfday_concat_10d] epoch 011/060 val_loss=663.88809204 best_val_loss=359.39123535 bad_epochs=1/8 epoch_time=00:00:11 eta=00:09:04
[a5_single_halfday_concat_10d] epoch 012/060 val_loss=330.61810608 best_val_loss=330.61810608 bad_epochs=0/8 epoch_time=00:00:11 eta=00:08:53
[a5_single_halfday_concat_10d] epoch 013/060 val_loss=136.56725769 best_val_loss=136.56725769 bad_epochs=0/8 epoch_time=00:00:11 eta=00:08:42
[a5_single_halfday_concat_10d] epoch 014/060 val_loss=5.38617659 best_val_loss=5.38617659 bad_epochs=0/8 epoch_time=00:00:11 eta=00:08:31
[a5_single_halfday_concat_10d] epoch 015/060 val_loss=1.95272267 best_val_loss=1.95272267 bad_epochs=0/8 epoch_time=00:00:11 eta=00:08:19
[a5_single_halfday_concat_10d] epoch 016/060 val_loss=17.80534477 best_val_loss=1.95272267 bad_epochs=1/8 epoch_time=00:00:11 eta=00:08:09
[a5_single_halfday_concat_10d] epoch 017/060 val_loss=30.18532867 best_val_loss=1.95272267 bad_epochs=2/8 epoch_time=00:00:11 eta=00:07:57
[a5_single_halfday_concat_10d] epoch 018/060 val_loss=26.36845837 best_val_loss=1.95272267 bad_epochs=3/8 epoch_time=00:00:11 eta=00:07:46
[a5_single_halfday_concat_10d] epoch 019/060 val_loss=102.47834167 best_val_loss=1.95272267 bad_epochs=4/8 epoch_time=00:00:11 eta=00:07:35
[a5_single_halfday_concat_10d] epoch 020/060 val_loss=8.93054667 best_val_loss=1.95272267 bad_epochs=5/8 epoch_time=00:00:11 eta=00:07:24
[a5_single_halfday_concat_10d] epoch 021/060 val_loss=72.51617432 best_val_loss=1.95272267 bad_epochs=6/8 epoch_time=00:00:11 eta=00:07:13
[a5_single_halfday_concat_10d] epoch 022/060 val_loss=70.16423721 best_val_loss=1.95272267 bad_epochs=7/8 epoch_time=00:00:11 eta=00:07:02
[a5_single_halfday_concat_10d] epoch 023/060 val_loss=36.03147850 best_val_loss=1.95272267 bad_epochs=8/8 epoch_time=00:00:12 eta=00:06:52
[a5_single_halfday_concat_10d] early stopping at epoch 23
[a5] done group=single_halfday horizon=10d test_mse=0.143172 test_corr=-0.0382 (overall elapsed 03:00:25)
[a5] === run 11/24: group=single_daily freqs=['daily'] fusion=concat horizon=10d ===
[a5_single_daily_concat_10d] epoch 001/060 val_loss=119968.01406250 best_val_loss=119968.01406250 bad_epochs=0/8 epoch_time=00:00:46 eta=00:44:45
[a5_single_daily_concat_10d] epoch 002/060 val_loss=80052.43828125 best_val_loss=80052.43828125 bad_epochs=0/8 epoch_time=00:00:45 eta=00:43:56
[a5_single_daily_concat_10d] epoch 003/060 val_loss=60511.17343750 best_val_loss=60511.17343750 bad_epochs=0/8 epoch_time=00:00:45 eta=00:43:05
[a5_single_daily_concat_10d] epoch 004/060 val_loss=38250.90488281 best_val_loss=38250.90488281 bad_epochs=0/8 epoch_time=00:00:45 eta=00:42:21
[a5_single_daily_concat_10d] epoch 005/060 val_loss=17820.52597656 best_val_loss=17820.52597656 bad_epochs=0/8 epoch_time=00:00:46 eta=00:41:44
[a5_single_daily_concat_10d] epoch 006/060 val_loss=2733.35051270 best_val_loss=2733.35051270 bad_epochs=0/8 epoch_time=00:00:45 eta=00:40:54
[a5_single_daily_concat_10d] epoch 007/060 val_loss=491.11406860 best_val_loss=491.11406860 bad_epochs=0/8 epoch_time=00:00:45 eta=00:40:05
[a5_single_daily_concat_10d] epoch 008/060 val_loss=389.63225708 best_val_loss=389.63225708 bad_epochs=0/8 epoch_time=00:00:45 eta=00:39:19
[a5_single_daily_concat_10d] epoch 009/060 val_loss=321.09116516 best_val_loss=321.09116516 bad_epochs=0/8 epoch_time=00:00:45 eta=00:38:33
[a5_single_daily_concat_10d] epoch 010/060 val_loss=304.25210114 best_val_loss=304.25210114 bad_epochs=0/8 epoch_time=00:00:46 eta=00:37:50
[a5_single_daily_concat_10d] epoch 011/060 val_loss=296.79485474 best_val_loss=296.79485474 bad_epochs=0/8 epoch_time=00:00:45 eta=00:37:03
[a5_single_daily_concat_10d] epoch 012/060 val_loss=289.47311859 best_val_loss=289.47311859 bad_epochs=0/8 epoch_time=00:00:45 eta=00:36:16
[a5_single_daily_concat_10d] epoch 013/060 val_loss=285.63371887 best_val_loss=285.63371887 bad_epochs=0/8 epoch_time=00:00:45 eta=00:35:29
[a5_single_daily_concat_10d] epoch 014/060 val_loss=282.37844543 best_val_loss=282.37844543 bad_epochs=0/8 epoch_time=00:00:45 eta=00:34:42
[a5_single_daily_concat_10d] epoch 015/060 val_loss=278.64385986 best_val_loss=278.64385986 bad_epochs=0/8 epoch_time=00:00:45 eta=00:33:56
[a5_single_daily_concat_10d] epoch 016/060 val_loss=275.87772369 best_val_loss=275.87772369 bad_epochs=0/8 epoch_time=00:00:45 eta=00:33:10
[a5_single_daily_concat_10d] epoch 017/060 val_loss=274.11240692 best_val_loss=274.11240692 bad_epochs=0/8 epoch_time=00:00:45 eta=00:32:26
[a5_single_daily_concat_10d] epoch 018/060 val_loss=272.40614777 best_val_loss=272.40614777 bad_epochs=0/8 epoch_time=00:00:46 eta=00:31:41
[a5_single_daily_concat_10d] epoch 019/060 val_loss=269.47766571 best_val_loss=269.47766571 bad_epochs=0/8 epoch_time=00:00:45 eta=00:30:56
[a5_single_daily_concat_10d] epoch 020/060 val_loss=268.67335205 best_val_loss=268.67335205 bad_epochs=0/8 epoch_time=00:00:46 eta=00:30:11
[a5_single_daily_concat_10d] epoch 021/060 val_loss=266.93185425 best_val_loss=266.93185425 bad_epochs=0/8 epoch_time=00:00:45 eta=00:29:26
[a5_single_daily_concat_10d] epoch 022/060 val_loss=266.91804504 best_val_loss=266.91804504 bad_epochs=0/8 epoch_time=00:00:45 eta=00:28:40
[a5_single_daily_concat_10d] epoch 023/060 val_loss=265.59064331 best_val_loss=265.59064331 bad_epochs=0/8 epoch_time=00:00:45 eta=00:27:55
[a5_single_daily_concat_10d] epoch 024/060 val_loss=263.95492706 best_val_loss=263.95492706 bad_epochs=0/8 epoch_time=00:00:45 eta=00:27:09
[a5_single_daily_concat_10d] epoch 025/060 val_loss=261.03619080 best_val_loss=261.03619080 bad_epochs=0/8 epoch_time=00:00:45 eta=00:26:23
[a5_single_daily_concat_10d] epoch 026/060 val_loss=261.28958282 best_val_loss=261.03619080 bad_epochs=1/8 epoch_time=00:00:45 eta=00:25:38
[a5_single_daily_concat_10d] epoch 027/060 val_loss=260.55410156 best_val_loss=260.55410156 bad_epochs=0/8 epoch_time=00:00:45 eta=00:24:52
[a5_single_daily_concat_10d] epoch 028/060 val_loss=259.17916260 best_val_loss=259.17916260 bad_epochs=0/8 epoch_time=00:00:45 eta=00:24:06
[a5_single_daily_concat_10d] epoch 029/060 val_loss=257.94543915 best_val_loss=257.94543915 bad_epochs=0/8 epoch_time=00:00:45 eta=00:23:21
[a5_single_daily_concat_10d] epoch 030/060 val_loss=257.43178253 best_val_loss=257.43178253 bad_epochs=0/8 epoch_time=00:00:45 eta=00:22:35
[a5_single_daily_concat_10d] epoch 031/060 val_loss=257.31429443 best_val_loss=257.31429443 bad_epochs=0/8 epoch_time=00:00:45 eta=00:21:50
[a5_single_daily_concat_10d] epoch 032/060 val_loss=257.78133240 best_val_loss=257.31429443 bad_epochs=1/8 epoch_time=00:00:45 eta=00:21:04
[a5_single_daily_concat_10d] epoch 033/060 val_loss=256.33277283 best_val_loss=256.33277283 bad_epochs=0/8 epoch_time=00:00:45 eta=00:20:19
[a5_single_daily_concat_10d] epoch 034/060 val_loss=258.31838989 best_val_loss=256.33277283 bad_epochs=1/8 epoch_time=00:00:45 eta=00:19:34
[a5_single_daily_concat_10d] epoch 035/060 val_loss=255.47245026 best_val_loss=255.47245026 bad_epochs=0/8 epoch_time=00:00:45 eta=00:18:48
[a5_single_daily_concat_10d] epoch 036/060 val_loss=254.42998962 best_val_loss=254.42998962 bad_epochs=0/8 epoch_time=00:00:45 eta=00:18:03
[a5_single_daily_concat_10d] epoch 037/060 val_loss=254.51121063 best_val_loss=254.42998962 bad_epochs=1/8 epoch_time=00:00:46 eta=00:17:18
[a5_single_daily_concat_10d] epoch 038/060 val_loss=254.54585419 best_val_loss=254.42998962 bad_epochs=2/8 epoch_time=00:00:45 eta=00:16:33
[a5_single_daily_concat_10d] epoch 039/060 val_loss=254.12933502 best_val_loss=254.12933502 bad_epochs=0/8 epoch_time=00:00:45 eta=00:15:47
[a5_single_daily_concat_10d] epoch 040/060 val_loss=255.56062622 best_val_loss=254.12933502 bad_epochs=1/8 epoch_time=00:00:45 eta=00:15:02
[a5_single_daily_concat_10d] epoch 041/060 val_loss=254.25550690 best_val_loss=254.12933502 bad_epochs=2/8 epoch_time=00:00:45 eta=00:14:17
[a5_single_daily_concat_10d] epoch 042/060 val_loss=253.17203369 best_val_loss=253.17203369 bad_epochs=0/8 epoch_time=00:00:45 eta=00:13:31
[a5_single_daily_concat_10d] epoch 043/060 val_loss=254.05372620 best_val_loss=253.17203369 bad_epochs=1/8 epoch_time=00:00:45 eta=00:12:46
[a5_single_daily_concat_10d] epoch 044/060 val_loss=253.39932098 best_val_loss=253.17203369 bad_epochs=2/8 epoch_time=00:00:45 eta=00:12:01
[a5_single_daily_concat_10d] epoch 045/060 val_loss=253.03590393 best_val_loss=253.03590393 bad_epochs=0/8 epoch_time=00:00:45 eta=00:11:16
[a5_single_daily_concat_10d] epoch 046/060 val_loss=253.75213928 best_val_loss=253.03590393 bad_epochs=1/8 epoch_time=00:00:45 eta=00:10:30
[a5_single_daily_concat_10d] epoch 047/060 val_loss=254.15809174 best_val_loss=253.03590393 bad_epochs=2/8 epoch_time=00:00:45 eta=00:09:45
[a5_single_daily_concat_10d] epoch 048/060 val_loss=251.94125519 best_val_loss=251.94125519 bad_epochs=0/8 epoch_time=00:00:45 eta=00:09:00
[a5_single_daily_concat_10d] epoch 049/060 val_loss=251.87922363 best_val_loss=251.87922363 bad_epochs=0/8 epoch_time=00:00:45 eta=00:08:15
[a5_single_daily_concat_10d] epoch 050/060 val_loss=255.23382568 best_val_loss=251.87922363 bad_epochs=1/8 epoch_time=00:00:45 eta=00:07:30
[a5_single_daily_concat_10d] epoch 051/060 val_loss=253.74111481 best_val_loss=251.87922363 bad_epochs=2/8 epoch_time=00:00:45 eta=00:06:45
[a5_single_daily_concat_10d] epoch 052/060 val_loss=256.00461273 best_val_loss=251.87922363 bad_epochs=3/8 epoch_time=00:00:45 eta=00:06:00
[a5_single_daily_concat_10d] epoch 053/060 val_loss=252.28247375 best_val_loss=251.87922363 bad_epochs=4/8 epoch_time=00:00:45 eta=00:05:15
[a5_single_daily_concat_10d] epoch 054/060 val_loss=253.74768982 best_val_loss=251.87922363 bad_epochs=5/8 epoch_time=00:00:45 eta=00:04:30
[a5_single_daily_concat_10d] epoch 055/060 val_loss=256.09049683 best_val_loss=251.87922363 bad_epochs=6/8 epoch_time=00:00:44 eta=00:03:45
[a5_single_daily_concat_10d] epoch 056/060 val_loss=255.34095459 best_val_loss=251.87922363 bad_epochs=7/8 epoch_time=00:00:44 eta=00:03:00
[a5_single_daily_concat_10d] epoch 057/060 val_loss=253.36015320 best_val_loss=251.87922363 bad_epochs=8/8 epoch_time=00:00:45 eta=00:02:15
[a5_single_daily_concat_10d] early stopping at epoch 57
[a5] done group=single_daily horizon=10d test_mse=273.430359 test_corr=0.0569 (overall elapsed 03:43:25)
[a5] === run 12/24: group=single_weekly freqs=['weekly'] fusion=concat horizon=10d ===
[a5_single_weekly_concat_10d] epoch 001/060 val_loss=110863.01718750 best_val_loss=110863.01718750 bad_epochs=0/8 epoch_time=00:00:17 eta=00:16:15
[a5_single_weekly_concat_10d] epoch 002/060 val_loss=25819.09414062 best_val_loss=25819.09414062 bad_epochs=0/8 epoch_time=00:00:17 eta=00:15:59
[a5_single_weekly_concat_10d] epoch 003/060 val_loss=4538.63271484 best_val_loss=4538.63271484 bad_epochs=0/8 epoch_time=00:00:16 eta=00:15:41
[a5_single_weekly_concat_10d] epoch 004/060 val_loss=545.75029297 best_val_loss=545.75029297 bad_epochs=0/8 epoch_time=00:00:16 eta=00:15:23
[a5_single_weekly_concat_10d] epoch 005/060 val_loss=293.96507568 best_val_loss=293.96507568 bad_epochs=0/8 epoch_time=00:00:16 eta=00:15:06
[a5_single_weekly_concat_10d] epoch 006/060 val_loss=459.38254395 best_val_loss=293.96507568 bad_epochs=1/8 epoch_time=00:00:16 eta=00:14:49
[a5_single_weekly_concat_10d] epoch 007/060 val_loss=289.70433350 best_val_loss=289.70433350 bad_epochs=0/8 epoch_time=00:00:16 eta=00:14:32
[a5_single_weekly_concat_10d] epoch 008/060 val_loss=452.46659546 best_val_loss=289.70433350 bad_epochs=1/8 epoch_time=00:00:17 eta=00:14:17
[a5_single_weekly_concat_10d] epoch 009/060 val_loss=282.23792419 best_val_loss=282.23792419 bad_epochs=0/8 epoch_time=00:00:16 eta=00:13:59
[a5_single_weekly_concat_10d] epoch 010/060 val_loss=449.62926025 best_val_loss=282.23792419 bad_epochs=1/8 epoch_time=00:00:17 eta=00:13:44
[a5_single_weekly_concat_10d] epoch 011/060 val_loss=276.72667847 best_val_loss=276.72667847 bad_epochs=0/8 epoch_time=00:00:17 eta=00:13:27
[a5_single_weekly_concat_10d] epoch 012/060 val_loss=447.55572510 best_val_loss=276.72667847 bad_epochs=1/8 epoch_time=00:00:16 eta=00:13:10
[a5_single_weekly_concat_10d] epoch 013/060 val_loss=274.62065430 best_val_loss=274.62065430 bad_epochs=0/8 epoch_time=00:00:16 eta=00:12:54
[a5_single_weekly_concat_10d] epoch 014/060 val_loss=445.25438843 best_val_loss=274.62065430 bad_epochs=1/8 epoch_time=00:00:16 eta=00:12:37
[a5_single_weekly_concat_10d] epoch 015/060 val_loss=272.38672485 best_val_loss=272.38672485 bad_epochs=0/8 epoch_time=00:00:16 eta=00:12:20
[a5_single_weekly_concat_10d] epoch 016/060 val_loss=443.27478638 best_val_loss=272.38672485 bad_epochs=1/8 epoch_time=00:00:16 eta=00:12:04
[a5_single_weekly_concat_10d] epoch 017/060 val_loss=270.43060913 best_val_loss=270.43060913 bad_epochs=0/8 epoch_time=00:00:16 eta=00:11:47
[a5_single_weekly_concat_10d] epoch 018/060 val_loss=440.64744263 best_val_loss=270.43060913 bad_epochs=1/8 epoch_time=00:00:16 eta=00:11:30
[a5_single_weekly_concat_10d] epoch 019/060 val_loss=264.83204956 best_val_loss=264.83204956 bad_epochs=0/8 epoch_time=00:00:16 eta=00:11:14
[a5_single_weekly_concat_10d] epoch 020/060 val_loss=440.02609863 best_val_loss=264.83204956 bad_epochs=1/8 epoch_time=00:00:16 eta=00:10:57
[a5_single_weekly_concat_10d] epoch 021/060 val_loss=265.75436401 best_val_loss=264.83204956 bad_epochs=2/8 epoch_time=00:00:16 eta=00:10:41
[a5_single_weekly_concat_10d] epoch 022/060 val_loss=440.27615356 best_val_loss=264.83204956 bad_epochs=3/8 epoch_time=00:00:16 eta=00:10:24
[a5_single_weekly_concat_10d] epoch 023/060 val_loss=263.28920288 best_val_loss=263.28920288 bad_epochs=0/8 epoch_time=00:00:16 eta=00:10:08
[a5_single_weekly_concat_10d] epoch 024/060 val_loss=437.70717163 best_val_loss=263.28920288 bad_epochs=1/8 epoch_time=00:00:16 eta=00:09:51
[a5_single_weekly_concat_10d] epoch 025/060 val_loss=259.89038696 best_val_loss=259.89038696 bad_epochs=0/8 epoch_time=00:00:16 eta=00:09:35
[a5_single_weekly_concat_10d] epoch 026/060 val_loss=436.74904175 best_val_loss=259.89038696 bad_epochs=1/8 epoch_time=00:00:16 eta=00:09:18
[a5_single_weekly_concat_10d] epoch 027/060 val_loss=254.69868774 best_val_loss=254.69868774 bad_epochs=0/8 epoch_time=00:00:17 eta=00:09:02
[a5_single_weekly_concat_10d] epoch 028/060 val_loss=432.24435425 best_val_loss=254.69868774 bad_epochs=1/8 epoch_time=00:00:17 eta=00:08:46
[a5_single_weekly_concat_10d] epoch 029/060 val_loss=254.32400208 best_val_loss=254.32400208 bad_epochs=0/8 epoch_time=00:00:16 eta=00:08:29
[a5_single_weekly_concat_10d] epoch 030/060 val_loss=430.65485229 best_val_loss=254.32400208 bad_epochs=1/8 epoch_time=00:00:16 eta=00:08:13
[a5_single_weekly_concat_10d] epoch 031/060 val_loss=251.56291199 best_val_loss=251.56291199 bad_epochs=0/8 epoch_time=00:00:16 eta=00:07:56
[a5_single_weekly_concat_10d] epoch 032/060 val_loss=426.88378906 best_val_loss=251.56291199 bad_epochs=1/8 epoch_time=00:00:16 eta=00:07:40
[a5_single_weekly_concat_10d] epoch 033/060 val_loss=242.09923706 best_val_loss=242.09923706 bad_epochs=0/8 epoch_time=00:00:16 eta=00:07:24
[a5_single_weekly_concat_10d] epoch 034/060 val_loss=426.28505249 best_val_loss=242.09923706 bad_epochs=1/8 epoch_time=00:00:18 eta=00:07:08
[a5_single_weekly_concat_10d] epoch 035/060 val_loss=248.52001038 best_val_loss=242.09923706 bad_epochs=2/8 epoch_time=00:00:17 eta=00:06:52
[a5_single_weekly_concat_10d] epoch 036/060 val_loss=421.38530884 best_val_loss=242.09923706 bad_epochs=3/8 epoch_time=00:00:17 eta=00:06:36
[a5_single_weekly_concat_10d] epoch 037/060 val_loss=241.73653564 best_val_loss=241.73653564 bad_epochs=0/8 epoch_time=00:00:17 eta=00:06:20
[a5_single_weekly_concat_10d] epoch 038/060 val_loss=418.07053223 best_val_loss=241.73653564 bad_epochs=1/8 epoch_time=00:00:17 eta=00:06:03
[a5_single_weekly_concat_10d] epoch 039/060 val_loss=242.19457397 best_val_loss=241.73653564 bad_epochs=2/8 epoch_time=00:00:17 eta=00:05:47
[a5_single_weekly_concat_10d] epoch 040/060 val_loss=418.19612427 best_val_loss=241.73653564 bad_epochs=3/8 epoch_time=00:00:18 eta=00:05:31
[a5_single_weekly_concat_10d] epoch 041/060 val_loss=238.12793884 best_val_loss=238.12793884 bad_epochs=0/8 epoch_time=00:00:17 eta=00:05:15
[a5_single_weekly_concat_10d] epoch 042/060 val_loss=417.93309326 best_val_loss=238.12793884 bad_epochs=1/8 epoch_time=00:00:17 eta=00:04:58
[a5_single_weekly_concat_10d] epoch 043/060 val_loss=238.13935242 best_val_loss=238.12793884 bad_epochs=2/8 epoch_time=00:00:17 eta=00:04:42
[a5_single_weekly_concat_10d] epoch 044/060 val_loss=412.15468750 best_val_loss=238.12793884 bad_epochs=3/8 epoch_time=00:00:17 eta=00:04:25
[a5_single_weekly_concat_10d] epoch 045/060 val_loss=233.81136169 best_val_loss=233.81136169 bad_epochs=0/8 epoch_time=00:00:17 eta=00:04:09
[a5_single_weekly_concat_10d] epoch 046/060 val_loss=413.21330566 best_val_loss=233.81136169 bad_epochs=1/8 epoch_time=00:00:17 eta=00:03:52
[a5_single_weekly_concat_10d] epoch 047/060 val_loss=229.80584412 best_val_loss=229.80584412 bad_epochs=0/8 epoch_time=00:00:17 eta=00:03:36
[a5_single_weekly_concat_10d] epoch 048/060 val_loss=412.56149292 best_val_loss=229.80584412 bad_epochs=1/8 epoch_time=00:00:17 eta=00:03:19
[a5_single_weekly_concat_10d] epoch 049/060 val_loss=229.35798035 best_val_loss=229.35798035 bad_epochs=0/8 epoch_time=00:00:18 eta=00:03:03
[a5_single_weekly_concat_10d] epoch 050/060 val_loss=413.51770630 best_val_loss=229.35798035 bad_epochs=1/8 epoch_time=00:00:17 eta=00:02:46
[a5_single_weekly_concat_10d] epoch 051/060 val_loss=223.44701843 best_val_loss=223.44701843 bad_epochs=0/8 epoch_time=00:00:17 eta=00:02:30
[a5_single_weekly_concat_10d] epoch 052/060 val_loss=413.63858643 best_val_loss=223.44701843 bad_epochs=1/8 epoch_time=00:00:17 eta=00:02:13
[a5_single_weekly_concat_10d] epoch 053/060 val_loss=226.73387756 best_val_loss=223.44701843 bad_epochs=2/8 epoch_time=00:00:17 eta=00:01:57
[a5_single_weekly_concat_10d] epoch 054/060 val_loss=411.42337036 best_val_loss=223.44701843 bad_epochs=3/8 epoch_time=00:00:17 eta=00:01:40
[a5_single_weekly_concat_10d] epoch 055/060 val_loss=213.29964294 best_val_loss=213.29964294 bad_epochs=0/8 epoch_time=00:00:17 eta=00:01:23
[a5_single_weekly_concat_10d] epoch 056/060 val_loss=409.81901855 best_val_loss=213.29964294 bad_epochs=1/8 epoch_time=00:00:17 eta=00:01:07
[a5_single_weekly_concat_10d] epoch 057/060 val_loss=217.08259888 best_val_loss=213.29964294 bad_epochs=2/8 epoch_time=00:00:17 eta=00:00:50
[a5_single_weekly_concat_10d] epoch 058/060 val_loss=407.21529541 best_val_loss=213.29964294 bad_epochs=3/8 epoch_time=00:00:17 eta=00:00:33
[a5_single_weekly_concat_10d] epoch 059/060 val_loss=212.04442444 best_val_loss=212.04442444 bad_epochs=0/8 epoch_time=00:00:17 eta=00:00:17
[a5_single_weekly_concat_10d] epoch 060/060 val_loss=413.54501343 best_val_loss=212.04442444 bad_epochs=1/8 epoch_time=00:00:16 eta=00:00:00
[a5] done group=single_weekly horizon=10d test_mse=531.988892 test_corr=-0.0278 (overall elapsed 04:00:10)
[a5] === run 13/24: group=double_short freqs=['hourly', 'halfday'] fusion=concat horizon=10d ===
[a5_double_short_concat_10d] epoch 001/060 val_loss=16755.17246094 best_val_loss=16755.17246094 bad_epochs=0/8 epoch_time=00:00:23 eta=00:22:27
[a5_double_short_concat_10d] epoch 002/060 val_loss=9796.57783203 best_val_loss=9796.57783203 bad_epochs=0/8 epoch_time=00:00:23 eta=00:22:02
[a5_double_short_concat_10d] epoch 003/060 val_loss=6408.21342773 best_val_loss=6408.21342773 bad_epochs=0/8 epoch_time=00:00:22 eta=00:21:30
[a5_double_short_concat_10d] epoch 004/060 val_loss=4605.90722656 best_val_loss=4605.90722656 bad_epochs=0/8 epoch_time=00:00:22 eta=00:21:05
[a5_double_short_concat_10d] epoch 005/060 val_loss=2512.22700195 best_val_loss=2512.22700195 bad_epochs=0/8 epoch_time=00:00:22 eta=00:20:40
[a5_double_short_concat_10d] epoch 006/060 val_loss=1242.13187256 best_val_loss=1242.13187256 bad_epochs=0/8 epoch_time=00:00:23 eta=00:20:18
[a5_double_short_concat_10d] epoch 007/060 val_loss=751.53610840 best_val_loss=751.53610840 bad_epochs=0/8 epoch_time=00:00:23 eta=00:19:56
[a5_double_short_concat_10d] epoch 008/060 val_loss=791.02182617 best_val_loss=751.53610840 bad_epochs=1/8 epoch_time=00:00:22 eta=00:19:33
[a5_double_short_concat_10d] epoch 009/060 val_loss=286.10802917 best_val_loss=286.10802917 bad_epochs=0/8 epoch_time=00:00:23 eta=00:19:10
[a5_double_short_concat_10d] epoch 010/060 val_loss=161.38479767 best_val_loss=161.38479767 bad_epochs=0/8 epoch_time=00:00:23 eta=00:18:48
[a5_double_short_concat_10d] epoch 011/060 val_loss=13.30287380 best_val_loss=13.30287380 bad_epochs=0/8 epoch_time=00:00:22 eta=00:18:26
[a5_double_short_concat_10d] epoch 012/060 val_loss=120.01058044 best_val_loss=13.30287380 bad_epochs=1/8 epoch_time=00:00:22 eta=00:18:02
[a5_double_short_concat_10d] epoch 013/060 val_loss=51.14090881 best_val_loss=13.30287380 bad_epochs=2/8 epoch_time=00:00:23 eta=00:17:40
[a5_double_short_concat_10d] epoch 014/060 val_loss=33.07332344 best_val_loss=13.30287380 bad_epochs=3/8 epoch_time=00:00:23 eta=00:17:17
[a5_double_short_concat_10d] epoch 015/060 val_loss=17.09635601 best_val_loss=13.30287380 bad_epochs=4/8 epoch_time=00:00:23 eta=00:16:55
[a5_double_short_concat_10d] epoch 016/060 val_loss=24.43239899 best_val_loss=13.30287380 bad_epochs=5/8 epoch_time=00:00:22 eta=00:16:33
[a5_double_short_concat_10d] epoch 017/060 val_loss=39.87679024 best_val_loss=13.30287380 bad_epochs=6/8 epoch_time=00:00:23 eta=00:16:10
[a5_double_short_concat_10d] epoch 018/060 val_loss=45.52197189 best_val_loss=13.30287380 bad_epochs=7/8 epoch_time=00:00:23 eta=00:15:48
[a5_double_short_concat_10d] epoch 019/060 val_loss=46.80842819 best_val_loss=13.30287380 bad_epochs=8/8 epoch_time=00:00:22 eta=00:15:25
[a5_double_short_concat_10d] early stopping at epoch 19
[a5] done group=double_short horizon=10d test_mse=7.130236 test_corr=-0.0608 (overall elapsed 04:07:29)
[a5] === run 14/24: group=double_lowfreq freqs=['daily', 'weekly'] fusion=concat horizon=10d ===
[a5_double_lowfreq_concat_10d] epoch 001/060 val_loss=280588.84375000 best_val_loss=280588.84375000 bad_epochs=0/8 epoch_time=00:01:03 eta=01:01:29
[a5_double_lowfreq_concat_10d] epoch 002/060 val_loss=165524.21093750 best_val_loss=165524.21093750 bad_epochs=0/8 epoch_time=00:01:02 eta=01:00:00
[a5_double_lowfreq_concat_10d] epoch 003/060 val_loss=101086.09843750 best_val_loss=101086.09843750 bad_epochs=0/8 epoch_time=00:01:02 eta=00:58:51
[a5_double_lowfreq_concat_10d] epoch 004/060 val_loss=69102.37617188 best_val_loss=69102.37617188 bad_epochs=0/8 epoch_time=00:01:02 eta=00:57:48
[a5_double_lowfreq_concat_10d] epoch 005/060 val_loss=34904.98164063 best_val_loss=34904.98164063 bad_epochs=0/8 epoch_time=00:01:01 eta=00:56:41
[a5_double_lowfreq_concat_10d] epoch 006/060 val_loss=17656.10390625 best_val_loss=17656.10390625 bad_epochs=0/8 epoch_time=00:01:01 eta=00:55:36
[a5_double_lowfreq_concat_10d] epoch 007/060 val_loss=11793.57792969 best_val_loss=11793.57792969 bad_epochs=0/8 epoch_time=00:01:01 eta=00:54:32
[a5_double_lowfreq_concat_10d] epoch 008/060 val_loss=9100.22216797 best_val_loss=9100.22216797 bad_epochs=0/8 epoch_time=00:01:02 eta=00:53:29
[a5_double_lowfreq_concat_10d] epoch 009/060 val_loss=7182.00966797 best_val_loss=7182.00966797 bad_epochs=0/8 epoch_time=00:01:02 eta=00:52:27
[a5_double_lowfreq_concat_10d] epoch 010/060 val_loss=8802.61567383 best_val_loss=7182.00966797 bad_epochs=1/8 epoch_time=00:01:02 eta=00:51:25
[a5_double_lowfreq_concat_10d] epoch 011/060 val_loss=10701.96083984 best_val_loss=7182.00966797 bad_epochs=2/8 epoch_time=00:01:02 eta=00:50:24
[a5_double_lowfreq_concat_10d] epoch 012/060 val_loss=4012.01855469 best_val_loss=4012.01855469 bad_epochs=0/8 epoch_time=00:01:02 eta=00:49:22
[a5_double_lowfreq_concat_10d] epoch 013/060 val_loss=6232.56679688 best_val_loss=4012.01855469 bad_epochs=1/8 epoch_time=00:01:02 eta=00:48:20
[a5_double_lowfreq_concat_10d] epoch 014/060 val_loss=3540.84599609 best_val_loss=3540.84599609 bad_epochs=0/8 epoch_time=00:01:02 eta=00:47:18
[a5_double_lowfreq_concat_10d] epoch 015/060 val_loss=1859.48781738 best_val_loss=1859.48781738 bad_epochs=0/8 epoch_time=00:01:02 eta=00:46:17
[a5_double_lowfreq_concat_10d] epoch 016/060 val_loss=1995.45927734 best_val_loss=1859.48781738 bad_epochs=1/8 epoch_time=00:01:02 eta=00:45:15
[a5_double_lowfreq_concat_10d] epoch 017/060 val_loss=2807.95249023 best_val_loss=1859.48781738 bad_epochs=2/8 epoch_time=00:01:02 eta=00:44:13
[a5_double_lowfreq_concat_10d] epoch 018/060 val_loss=1300.95520020 best_val_loss=1300.95520020 bad_epochs=0/8 epoch_time=00:01:02 eta=00:43:12
[a5_double_lowfreq_concat_10d] epoch 019/060 val_loss=638.39468994 best_val_loss=638.39468994 bad_epochs=0/8 epoch_time=00:01:02 eta=00:42:10
[a5_double_lowfreq_concat_10d] epoch 020/060 val_loss=563.41119995 best_val_loss=563.41119995 bad_epochs=0/8 epoch_time=00:01:02 eta=00:41:08
[a5_double_lowfreq_concat_10d] epoch 021/060 val_loss=513.15828857 best_val_loss=513.15828857 bad_epochs=0/8 epoch_time=00:01:02 eta=00:40:06
[a5_double_lowfreq_concat_10d] epoch 022/060 val_loss=487.14346924 best_val_loss=487.14346924 bad_epochs=0/8 epoch_time=00:01:02 eta=00:39:04
[a5_double_lowfreq_concat_10d] epoch 023/060 val_loss=388.27580566 best_val_loss=388.27580566 bad_epochs=0/8 epoch_time=00:01:01 eta=00:38:02
[a5_double_lowfreq_concat_10d] epoch 024/060 val_loss=433.56859741 best_val_loss=388.27580566 bad_epochs=1/8 epoch_time=00:01:02 eta=00:37:00
[a5_double_lowfreq_concat_10d] epoch 025/060 val_loss=463.66460571 best_val_loss=388.27580566 bad_epochs=2/8 epoch_time=00:01:01 eta=00:35:58
[a5_double_lowfreq_concat_10d] epoch 026/060 val_loss=480.81909790 best_val_loss=388.27580566 bad_epochs=3/8 epoch_time=00:01:02 eta=00:34:57
[a5_double_lowfreq_concat_10d] epoch 027/060 val_loss=464.88433838 best_val_loss=388.27580566 bad_epochs=4/8 epoch_time=00:01:01 eta=00:33:55
[a5_double_lowfreq_concat_10d] epoch 028/060 val_loss=375.71560669 best_val_loss=375.71560669 bad_epochs=0/8 epoch_time=00:01:02 eta=00:32:53
[a5_double_lowfreq_concat_10d] epoch 029/060 val_loss=332.78226318 best_val_loss=332.78226318 bad_epochs=0/8 epoch_time=00:01:02 eta=00:31:52
[a5_double_lowfreq_concat_10d] epoch 030/060 val_loss=325.50910339 best_val_loss=325.50910339 bad_epochs=0/8 epoch_time=00:01:02 eta=00:30:50
[a5_double_lowfreq_concat_10d] epoch 031/060 val_loss=241.07025757 best_val_loss=241.07025757 bad_epochs=0/8 epoch_time=00:01:01 eta=00:29:48
[a5_double_lowfreq_concat_10d] epoch 032/060 val_loss=185.16459351 best_val_loss=185.16459351 bad_epochs=0/8 epoch_time=00:01:02 eta=00:28:46
[a5_double_lowfreq_concat_10d] epoch 033/060 val_loss=95.52383270 best_val_loss=95.52383270 bad_epochs=0/8 epoch_time=00:01:01 eta=00:27:45
[a5_double_lowfreq_concat_10d] epoch 034/060 val_loss=95.91722870 best_val_loss=95.52383270 bad_epochs=1/8 epoch_time=00:01:02 eta=00:26:43
[a5_double_lowfreq_concat_10d] epoch 035/060 val_loss=178.29609680 best_val_loss=95.52383270 bad_epochs=2/8 epoch_time=00:01:02 eta=00:25:41
[a5_double_lowfreq_concat_10d] epoch 036/060 val_loss=202.40112610 best_val_loss=95.52383270 bad_epochs=3/8 epoch_time=00:01:01 eta=00:24:39
[a5_double_lowfreq_concat_10d] epoch 037/060 val_loss=252.45316162 best_val_loss=95.52383270 bad_epochs=4/8 epoch_time=00:01:02 eta=00:23:38
[a5_double_lowfreq_concat_10d] epoch 038/060 val_loss=213.67218628 best_val_loss=95.52383270 bad_epochs=5/8 epoch_time=00:01:02 eta=00:22:36
[a5_double_lowfreq_concat_10d] epoch 039/060 val_loss=168.70090027 best_val_loss=95.52383270 bad_epochs=6/8 epoch_time=00:01:01 eta=00:21:34
[a5_double_lowfreq_concat_10d] epoch 040/060 val_loss=183.70849915 best_val_loss=95.52383270 bad_epochs=7/8 epoch_time=00:01:01 eta=00:20:33
[a5_double_lowfreq_concat_10d] epoch 041/060 val_loss=25.43544960 best_val_loss=25.43544960 bad_epochs=0/8 epoch_time=00:01:01 eta=00:19:31
[a5_double_lowfreq_concat_10d] epoch 042/060 val_loss=56.92283325 best_val_loss=25.43544960 bad_epochs=1/8 epoch_time=00:01:01 eta=00:18:29
[a5_double_lowfreq_concat_10d] epoch 043/060 val_loss=252.71372681 best_val_loss=25.43544960 bad_epochs=2/8 epoch_time=00:01:02 eta=00:17:28
[a5_double_lowfreq_concat_10d] epoch 044/060 val_loss=194.30930176 best_val_loss=25.43544960 bad_epochs=3/8 epoch_time=00:01:02 eta=00:16:26
[a5_double_lowfreq_concat_10d] epoch 045/060 val_loss=107.13754425 best_val_loss=25.43544960 bad_epochs=4/8 epoch_time=00:01:02 eta=00:15:24
[a5_double_lowfreq_concat_10d] epoch 046/060 val_loss=59.82012100 best_val_loss=25.43544960 bad_epochs=5/8 epoch_time=00:01:01 eta=00:14:23
[a5_double_lowfreq_concat_10d] epoch 047/060 val_loss=120.62079010 best_val_loss=25.43544960 bad_epochs=6/8 epoch_time=00:01:02 eta=00:13:21
[a5_double_lowfreq_concat_10d] epoch 048/060 val_loss=97.17773590 best_val_loss=25.43544960 bad_epochs=7/8 epoch_time=00:01:02 eta=00:12:19
[a5_double_lowfreq_concat_10d] epoch 049/060 val_loss=149.77940063 best_val_loss=25.43544960 bad_epochs=8/8 epoch_time=00:01:02 eta=00:11:18
[a5_double_lowfreq_concat_10d] early stopping at epoch 49
[a5] done group=double_lowfreq horizon=10d test_mse=5.994421 test_corr=0.0954 (overall elapsed 04:58:12)
[a5] === run 15/24: group=double_mixed freqs=['hourly', 'daily'] fusion=concat horizon=10d ===
[a5_double_mixed_concat_10d] epoch 001/060 val_loss=27997.73945312 best_val_loss=27997.73945312 bad_epochs=0/8 epoch_time=00:00:57 eta=00:56:14
[a5_double_mixed_concat_10d] epoch 002/060 val_loss=7864.73222656 best_val_loss=7864.73222656 bad_epochs=0/8 epoch_time=00:00:58 eta=00:55:42
[a5_double_mixed_concat_10d] epoch 003/060 val_loss=6221.94062500 best_val_loss=6221.94062500 bad_epochs=0/8 epoch_time=00:00:57 eta=00:54:38
[a5_double_mixed_concat_10d] epoch 004/060 val_loss=3308.64150391 best_val_loss=3308.64150391 bad_epochs=0/8 epoch_time=00:00:57 eta=00:53:35
[a5_double_mixed_concat_10d] epoch 005/060 val_loss=2741.96870117 best_val_loss=2741.96870117 bad_epochs=0/8 epoch_time=00:00:57 eta=00:52:29
[a5_double_mixed_concat_10d] epoch 006/060 val_loss=1648.81108398 best_val_loss=1648.81108398 bad_epochs=0/8 epoch_time=00:00:57 eta=00:51:27
[a5_double_mixed_concat_10d] epoch 007/060 val_loss=791.10838013 best_val_loss=791.10838013 bad_epochs=0/8 epoch_time=00:00:57 eta=00:50:26
[a5_double_mixed_concat_10d] epoch 008/060 val_loss=828.58543701 best_val_loss=791.10838013 bad_epochs=1/8 epoch_time=00:00:57 eta=00:49:29
[a5_double_mixed_concat_10d] epoch 009/060 val_loss=241.18529358 best_val_loss=241.18529358 bad_epochs=0/8 epoch_time=00:00:57 eta=00:48:30
[a5_double_mixed_concat_10d] epoch 010/060 val_loss=924.45828857 best_val_loss=241.18529358 bad_epochs=1/8 epoch_time=00:00:57 eta=00:47:32
[a5_double_mixed_concat_10d] epoch 011/060 val_loss=452.42838745 best_val_loss=241.18529358 bad_epochs=2/8 epoch_time=00:00:57 eta=00:46:33
[a5_double_mixed_concat_10d] epoch 012/060 val_loss=118.54015808 best_val_loss=118.54015808 bad_epochs=0/8 epoch_time=00:00:57 eta=00:45:35
[a5_double_mixed_concat_10d] epoch 013/060 val_loss=181.05324402 best_val_loss=118.54015808 bad_epochs=1/8 epoch_time=00:00:57 eta=00:44:37
[a5_double_mixed_concat_10d] epoch 014/060 val_loss=140.34705353 best_val_loss=118.54015808 bad_epochs=2/8 epoch_time=00:00:57 eta=00:43:40
[a5_double_mixed_concat_10d] epoch 015/060 val_loss=198.60796967 best_val_loss=118.54015808 bad_epochs=3/8 epoch_time=00:00:57 eta=00:42:42
[a5_double_mixed_concat_10d] epoch 016/060 val_loss=139.91367188 best_val_loss=118.54015808 bad_epochs=4/8 epoch_time=00:00:57 eta=00:41:44
[a5_double_mixed_concat_10d] epoch 017/060 val_loss=129.31323547 best_val_loss=118.54015808 bad_epochs=5/8 epoch_time=00:00:57 eta=00:40:48
[a5_double_mixed_concat_10d] epoch 018/060 val_loss=118.98024902 best_val_loss=118.54015808 bad_epochs=6/8 epoch_time=00:00:57 eta=00:39:50
[a5_double_mixed_concat_10d] epoch 019/060 val_loss=135.20011597 best_val_loss=118.54015808 bad_epochs=7/8 epoch_time=00:00:57 eta=00:38:54
[a5_double_mixed_concat_10d] epoch 020/060 val_loss=105.15501785 best_val_loss=105.15501785 bad_epochs=0/8 epoch_time=00:00:57 eta=00:37:57
[a5_double_mixed_concat_10d] epoch 021/060 val_loss=120.76841354 best_val_loss=105.15501785 bad_epochs=1/8 epoch_time=00:00:57 eta=00:36:59
[a5_double_mixed_concat_10d] epoch 022/060 val_loss=129.08938904 best_val_loss=105.15501785 bad_epochs=2/8 epoch_time=00:00:57 eta=00:36:03
[a5_double_mixed_concat_10d] epoch 023/060 val_loss=104.55129395 best_val_loss=104.55129395 bad_epochs=0/8 epoch_time=00:00:57 eta=00:35:05
[a5_double_mixed_concat_10d] epoch 024/060 val_loss=123.90753937 best_val_loss=104.55129395 bad_epochs=1/8 epoch_time=00:00:57 eta=00:34:08
[a5_double_mixed_concat_10d] epoch 025/060 val_loss=113.44118118 best_val_loss=104.55129395 bad_epochs=2/8 epoch_time=00:00:57 eta=00:33:11
[a5_double_mixed_concat_10d] epoch 026/060 val_loss=87.54724579 best_val_loss=87.54724579 bad_epochs=0/8 epoch_time=00:00:57 eta=00:32:14
[a5_double_mixed_concat_10d] epoch 027/060 val_loss=132.86025085 best_val_loss=87.54724579 bad_epochs=1/8 epoch_time=00:00:57 eta=00:31:17
[a5_double_mixed_concat_10d] epoch 028/060 val_loss=116.14793091 best_val_loss=87.54724579 bad_epochs=2/8 epoch_time=00:00:57 eta=00:30:20
[a5_double_mixed_concat_10d] epoch 029/060 val_loss=84.15366974 best_val_loss=84.15366974 bad_epochs=0/8 epoch_time=00:00:58 eta=00:29:25
[a5_double_mixed_concat_10d] epoch 030/060 val_loss=128.92039185 best_val_loss=84.15366974 bad_epochs=1/8 epoch_time=00:00:57 eta=00:28:28
[a5_double_mixed_concat_10d] epoch 031/060 val_loss=104.29996948 best_val_loss=84.15366974 bad_epochs=2/8 epoch_time=00:00:57 eta=00:27:31
[a5_double_mixed_concat_10d] epoch 032/060 val_loss=90.41425247 best_val_loss=84.15366974 bad_epochs=3/8 epoch_time=00:00:57 eta=00:26:34
[a5_double_mixed_concat_10d] epoch 033/060 val_loss=130.62981796 best_val_loss=84.15366974 bad_epochs=4/8 epoch_time=00:00:57 eta=00:25:37
[a5_double_mixed_concat_10d] epoch 034/060 val_loss=97.96571655 best_val_loss=84.15366974 bad_epochs=5/8 epoch_time=00:00:57 eta=00:24:40
[a5_double_mixed_concat_10d] epoch 035/060 val_loss=72.03966827 best_val_loss=72.03966827 bad_epochs=0/8 epoch_time=00:00:57 eta=00:23:44
[a5_double_mixed_concat_10d] epoch 036/060 val_loss=128.44130478 best_val_loss=72.03966827 bad_epochs=1/8 epoch_time=00:00:58 eta=00:22:47
[a5_double_mixed_concat_10d] epoch 037/060 val_loss=98.69707260 best_val_loss=72.03966827 bad_epochs=2/8 epoch_time=00:00:58 eta=00:21:50
[a5_double_mixed_concat_10d] epoch 038/060 val_loss=70.71787415 best_val_loss=70.71787415 bad_epochs=0/8 epoch_time=00:00:58 eta=00:20:54
[a5_double_mixed_concat_10d] epoch 039/060 val_loss=124.21349030 best_val_loss=70.71787415 bad_epochs=1/8 epoch_time=00:00:58 eta=00:19:58
[a5_double_mixed_concat_10d] epoch 040/060 val_loss=83.13645554 best_val_loss=70.71787415 bad_epochs=2/8 epoch_time=00:00:58 eta=00:19:01
[a5_double_mixed_concat_10d] epoch 041/060 val_loss=66.02675858 best_val_loss=66.02675858 bad_epochs=0/8 epoch_time=00:00:57 eta=00:18:04
[a5_double_mixed_concat_10d] epoch 042/060 val_loss=128.45638123 best_val_loss=66.02675858 bad_epochs=1/8 epoch_time=00:00:57 eta=00:17:07
[a5_double_mixed_concat_10d] epoch 043/060 val_loss=83.37078857 best_val_loss=66.02675858 bad_epochs=2/8 epoch_time=00:00:57 eta=00:16:09
[a5_double_mixed_concat_10d] epoch 044/060 val_loss=55.93200912 best_val_loss=55.93200912 bad_epochs=0/8 epoch_time=00:00:57 eta=00:15:12
[a5_double_mixed_concat_10d] epoch 045/060 val_loss=132.90414505 best_val_loss=55.93200912 bad_epochs=1/8 epoch_time=00:00:57 eta=00:14:15
[a5_double_mixed_concat_10d] epoch 046/060 val_loss=80.25834579 best_val_loss=55.93200912 bad_epochs=2/8 epoch_time=00:00:57 eta=00:13:18
[a5_double_mixed_concat_10d] epoch 047/060 val_loss=61.78534851 best_val_loss=55.93200912 bad_epochs=3/8 epoch_time=00:00:57 eta=00:12:21
[a5_double_mixed_concat_10d] epoch 048/060 val_loss=123.25194397 best_val_loss=55.93200912 bad_epochs=4/8 epoch_time=00:00:57 eta=00:11:24
[a5_double_mixed_concat_10d] epoch 049/060 val_loss=96.80659790 best_val_loss=55.93200912 bad_epochs=5/8 epoch_time=00:00:57 eta=00:10:27
[a5_double_mixed_concat_10d] epoch 050/060 val_loss=64.55462494 best_val_loss=55.93200912 bad_epochs=6/8 epoch_time=00:00:57 eta=00:09:30
[a5_double_mixed_concat_10d] epoch 051/060 val_loss=129.58940582 best_val_loss=55.93200912 bad_epochs=7/8 epoch_time=00:00:58 eta=00:08:33
[a5_double_mixed_concat_10d] epoch 052/060 val_loss=93.95190887 best_val_loss=55.93200912 bad_epochs=8/8 epoch_time=00:01:01 eta=00:07:37
[a5_double_mixed_concat_10d] early stopping at epoch 52
[a5] done group=double_mixed horizon=10d test_mse=32.200829 test_corr=0.0171 (overall elapsed 05:48:08)
[a5] === run 16/24: group=full_frequency freqs=['hourly', 'halfday', 'daily', 'weekly'] fusion=concat horizon=10d ===
[a5_full_frequency_concat_10d] epoch 001/060 val_loss=67407.33046875 best_val_loss=67407.33046875 bad_epochs=0/8 epoch_time=00:01:30 eta=01:28:40
[a5_full_frequency_concat_10d] epoch 002/060 val_loss=36366.09492188 best_val_loss=36366.09492188 bad_epochs=0/8 epoch_time=00:01:31 eta=01:27:23
[a5_full_frequency_concat_10d] epoch 003/060 val_loss=21608.16621094 best_val_loss=21608.16621094 bad_epochs=0/8 epoch_time=00:01:26 eta=01:24:34
[a5_full_frequency_concat_10d] epoch 004/060 val_loss=14678.66630859 best_val_loss=14678.66630859 bad_epochs=0/8 epoch_time=00:01:26 eta=01:22:29
[a5_full_frequency_concat_10d] epoch 005/060 val_loss=8172.63359375 best_val_loss=8172.63359375 bad_epochs=0/8 epoch_time=00:01:25 eta=01:20:27
[a5_full_frequency_concat_10d] epoch 006/060 val_loss=3752.63491211 best_val_loss=3752.63491211 bad_epochs=0/8 epoch_time=00:01:26 eta=01:18:42
[a5_full_frequency_concat_10d] epoch 007/060 val_loss=3116.72021484 best_val_loss=3116.72021484 bad_epochs=0/8 epoch_time=00:01:27 eta=01:17:08
[a5_full_frequency_concat_10d] epoch 008/060 val_loss=998.77447510 best_val_loss=998.77447510 bad_epochs=0/8 epoch_time=00:01:27 eta=01:15:37
[a5_full_frequency_concat_10d] epoch 009/060 val_loss=1171.56207275 best_val_loss=998.77447510 bad_epochs=1/8 epoch_time=00:01:27 eta=01:14:10
[a5_full_frequency_concat_10d] epoch 010/060 val_loss=553.44425659 best_val_loss=553.44425659 bad_epochs=0/8 epoch_time=00:01:26 eta=01:12:39
[a5_full_frequency_concat_10d] epoch 011/060 val_loss=1990.78950195 best_val_loss=553.44425659 bad_epochs=1/8 epoch_time=00:01:26 eta=01:11:07
[a5_full_frequency_concat_10d] epoch 012/060 val_loss=2126.49746094 best_val_loss=553.44425659 bad_epochs=2/8 epoch_time=00:01:25 eta=01:09:34
[a5_full_frequency_concat_10d] epoch 013/060 val_loss=1444.84743652 best_val_loss=553.44425659 bad_epochs=3/8 epoch_time=00:01:24 eta=01:07:58
[a5_full_frequency_concat_10d] epoch 014/060 val_loss=1613.39404297 best_val_loss=553.44425659 bad_epochs=4/8 epoch_time=00:01:24 eta=01:06:22
[a5_full_frequency_concat_10d] epoch 015/060 val_loss=1452.75212402 best_val_loss=553.44425659 bad_epochs=5/8 epoch_time=00:01:29 eta=01:05:03
[a5_full_frequency_concat_10d] epoch 016/060 val_loss=1058.72913818 best_val_loss=553.44425659 bad_epochs=6/8 epoch_time=00:01:27 eta=01:03:36
[a5_full_frequency_concat_10d] epoch 017/060 val_loss=321.89044800 best_val_loss=321.89044800 bad_epochs=0/8 epoch_time=00:01:26 eta=01:02:07
[a5_full_frequency_concat_10d] epoch 018/060 val_loss=385.94944763 best_val_loss=321.89044800 bad_epochs=1/8 epoch_time=00:01:25 eta=01:00:38
[a5_full_frequency_concat_10d] epoch 019/060 val_loss=222.01897278 best_val_loss=222.01897278 bad_epochs=0/8 epoch_time=00:01:26 eta=00:59:09
[a5_full_frequency_concat_10d] epoch 020/060 val_loss=197.60084076 best_val_loss=197.60084076 bad_epochs=0/8 epoch_time=00:01:26 eta=00:57:42
[a5_full_frequency_concat_10d] epoch 021/060 val_loss=531.53483276 best_val_loss=197.60084076 bad_epochs=1/8 epoch_time=00:01:26 eta=00:56:13
[a5_full_frequency_concat_10d] epoch 022/060 val_loss=615.41324463 best_val_loss=197.60084076 bad_epochs=2/8 epoch_time=00:01:30 eta=00:54:53
[a5_full_frequency_concat_10d] epoch 023/060 val_loss=289.56097412 best_val_loss=197.60084076 bad_epochs=3/8 epoch_time=00:01:27 eta=00:53:27
[a5_full_frequency_concat_10d] epoch 024/060 val_loss=523.63856201 best_val_loss=197.60084076 bad_epochs=4/8 epoch_time=00:01:27 eta=00:52:01
[a5_full_frequency_concat_10d] epoch 025/060 val_loss=380.00472717 best_val_loss=197.60084076 bad_epochs=5/8 epoch_time=00:01:26 eta=00:50:33
[a5_full_frequency_concat_10d] epoch 026/060 val_loss=410.69708862 best_val_loss=197.60084076 bad_epochs=6/8 epoch_time=00:01:25 eta=00:49:04
[a5_full_frequency_concat_10d] epoch 027/060 val_loss=444.06198730 best_val_loss=197.60084076 bad_epochs=7/8 epoch_time=00:01:24 eta=00:47:35
[a5_full_frequency_concat_10d] epoch 028/060 val_loss=419.55524902 best_val_loss=197.60084076 bad_epochs=8/8 epoch_time=00:01:24 eta=00:46:05
[a5_full_frequency_concat_10d] early stopping at epoch 28
[a5] done group=full_frequency horizon=10d test_mse=560.521667 test_corr=-0.0801 (overall elapsed 06:29:02)
[a5] === run 17/24: group=single_hourly freqs=['hourly'] fusion=concat horizon=20d ===
[a5_single_hourly_concat_20d] epoch 001/060 val_loss=3374.13530273 best_val_loss=3374.13530273 bad_epochs=0/8 epoch_time=00:00:12 eta=00:11:44
[a5_single_hourly_concat_20d] epoch 002/060 val_loss=594.40642090 best_val_loss=594.40642090 bad_epochs=0/8 epoch_time=00:00:12 eta=00:11:32
[a5_single_hourly_concat_20d] epoch 003/060 val_loss=91.73521271 best_val_loss=91.73521271 bad_epochs=0/8 epoch_time=00:00:12 eta=00:11:21
[a5_single_hourly_concat_20d] epoch 004/060 val_loss=60.39026794 best_val_loss=60.39026794 bad_epochs=0/8 epoch_time=00:00:12 eta=00:11:09
[a5_single_hourly_concat_20d] epoch 005/060 val_loss=52.59030418 best_val_loss=52.59030418 bad_epochs=0/8 epoch_time=00:00:12 eta=00:10:56
[a5_single_hourly_concat_20d] epoch 006/060 val_loss=30.87721462 best_val_loss=30.87721462 bad_epochs=0/8 epoch_time=00:00:12 eta=00:10:44
[a5_single_hourly_concat_20d] epoch 007/060 val_loss=27.08183060 best_val_loss=27.08183060 bad_epochs=0/8 epoch_time=00:00:12 eta=00:10:32
[a5_single_hourly_concat_20d] epoch 008/060 val_loss=23.80393963 best_val_loss=23.80393963 bad_epochs=0/8 epoch_time=00:00:12 eta=00:10:20
[a5_single_hourly_concat_20d] epoch 009/060 val_loss=19.75356140 best_val_loss=19.75356140 bad_epochs=0/8 epoch_time=00:00:12 eta=00:10:08
[a5_single_hourly_concat_20d] epoch 010/060 val_loss=16.42974701 best_val_loss=16.42974701 bad_epochs=0/8 epoch_time=00:00:12 eta=00:09:55
[a5_single_hourly_concat_20d] epoch 011/060 val_loss=13.71532822 best_val_loss=13.71532822 bad_epochs=0/8 epoch_time=00:00:12 eta=00:09:43
[a5_single_hourly_concat_20d] epoch 012/060 val_loss=12.49193811 best_val_loss=12.49193811 bad_epochs=0/8 epoch_time=00:00:12 eta=00:09:31
[a5_single_hourly_concat_20d] epoch 013/060 val_loss=14.89673462 best_val_loss=12.49193811 bad_epochs=1/8 epoch_time=00:00:12 eta=00:09:19
[a5_single_hourly_concat_20d] epoch 014/060 val_loss=21.37798920 best_val_loss=12.49193811 bad_epochs=2/8 epoch_time=00:00:12 eta=00:09:07
[a5_single_hourly_concat_20d] epoch 015/060 val_loss=23.05863457 best_val_loss=12.49193811 bad_epochs=3/8 epoch_time=00:00:12 eta=00:08:55
[a5_single_hourly_concat_20d] epoch 016/060 val_loss=18.33840694 best_val_loss=12.49193811 bad_epochs=4/8 epoch_time=00:00:12 eta=00:08:43
[a5_single_hourly_concat_20d] epoch 017/060 val_loss=26.64263077 best_val_loss=12.49193811 bad_epochs=5/8 epoch_time=00:00:12 eta=00:08:30
[a5_single_hourly_concat_20d] epoch 018/060 val_loss=9.94176836 best_val_loss=9.94176836 bad_epochs=0/8 epoch_time=00:00:12 eta=00:08:19
[a5_single_hourly_concat_20d] epoch 019/060 val_loss=12.98500624 best_val_loss=9.94176836 bad_epochs=1/8 epoch_time=00:00:12 eta=00:08:07
[a5_single_hourly_concat_20d] epoch 020/060 val_loss=9.10075722 best_val_loss=9.10075722 bad_epochs=0/8 epoch_time=00:00:12 eta=00:07:56
[a5_single_hourly_concat_20d] epoch 021/060 val_loss=7.38780746 best_val_loss=7.38780746 bad_epochs=0/8 epoch_time=00:00:12 eta=00:07:44
[a5_single_hourly_concat_20d] epoch 022/060 val_loss=12.20061531 best_val_loss=7.38780746 bad_epochs=1/8 epoch_time=00:00:12 eta=00:07:32
[a5_single_hourly_concat_20d] epoch 023/060 val_loss=18.40746174 best_val_loss=7.38780746 bad_epochs=2/8 epoch_time=00:00:12 eta=00:07:20
[a5_single_hourly_concat_20d] epoch 024/060 val_loss=20.51652393 best_val_loss=7.38780746 bad_epochs=3/8 epoch_time=00:00:12 eta=00:07:08
[a5_single_hourly_concat_20d] epoch 025/060 val_loss=16.74599380 best_val_loss=7.38780746 bad_epochs=4/8 epoch_time=00:00:12 eta=00:06:56
[a5_single_hourly_concat_20d] epoch 026/060 val_loss=25.25541306 best_val_loss=7.38780746 bad_epochs=5/8 epoch_time=00:00:12 eta=00:06:44
[a5_single_hourly_concat_20d] epoch 027/060 val_loss=6.99886589 best_val_loss=6.99886589 bad_epochs=0/8 epoch_time=00:00:12 eta=00:06:32
[a5_single_hourly_concat_20d] epoch 028/060 val_loss=10.61512003 best_val_loss=6.99886589 bad_epochs=1/8 epoch_time=00:00:12 eta=00:06:20
[a5_single_hourly_concat_20d] epoch 029/060 val_loss=6.04954538 best_val_loss=6.04954538 bad_epochs=0/8 epoch_time=00:00:12 eta=00:06:08
[a5_single_hourly_concat_20d] epoch 030/060 val_loss=4.22179050 best_val_loss=4.22179050 bad_epochs=0/8 epoch_time=00:00:12 eta=00:05:56
[a5_single_hourly_concat_20d] epoch 031/060 val_loss=10.58436661 best_val_loss=4.22179050 bad_epochs=1/8 epoch_time=00:00:12 eta=00:05:44
[a5_single_hourly_concat_20d] epoch 032/060 val_loss=16.81275654 best_val_loss=4.22179050 bad_epochs=2/8 epoch_time=00:00:12 eta=00:05:32
[a5_single_hourly_concat_20d] epoch 033/060 val_loss=19.01929550 best_val_loss=4.22179050 bad_epochs=3/8 epoch_time=00:00:12 eta=00:05:20
[a5_single_hourly_concat_20d] epoch 034/060 val_loss=15.68346195 best_val_loss=4.22179050 bad_epochs=4/8 epoch_time=00:00:12 eta=00:05:08
[a5_single_hourly_concat_20d] epoch 035/060 val_loss=24.40605011 best_val_loss=4.22179050 bad_epochs=5/8 epoch_time=00:00:12 eta=00:04:57
[a5_single_hourly_concat_20d] epoch 036/060 val_loss=5.01409431 best_val_loss=4.22179050 bad_epochs=6/8 epoch_time=00:00:12 eta=00:04:45
[a5_single_hourly_concat_20d] epoch 037/060 val_loss=9.20290642 best_val_loss=4.22179050 bad_epochs=7/8 epoch_time=00:00:12 eta=00:04:33
[a5_single_hourly_concat_20d] epoch 038/060 val_loss=4.23750873 best_val_loss=4.22179050 bad_epochs=8/8 epoch_time=00:00:12 eta=00:04:21
[a5_single_hourly_concat_20d] early stopping at epoch 38
[a5] done group=single_hourly horizon=20d test_mse=0.887929 test_corr=-0.1426 (overall elapsed 06:36:37)
[a5] === run 18/24: group=single_halfday freqs=['halfday'] fusion=concat horizon=20d ===
[a5_single_halfday_concat_20d] epoch 001/060 val_loss=27636.70488281 best_val_loss=27636.70488281 bad_epochs=0/8 epoch_time=00:00:11 eta=00:10:48
[a5_single_halfday_concat_20d] epoch 002/060 val_loss=17483.04042969 best_val_loss=17483.04042969 bad_epochs=0/8 epoch_time=00:00:11 eta=00:10:35
[a5_single_halfday_concat_20d] epoch 003/060 val_loss=9403.68916016 best_val_loss=9403.68916016 bad_epochs=0/8 epoch_time=00:00:11 eta=00:10:21
[a5_single_halfday_concat_20d] epoch 004/060 val_loss=1030.79565430 best_val_loss=1030.79565430 bad_epochs=0/8 epoch_time=00:00:11 eta=00:10:08
[a5_single_halfday_concat_20d] epoch 005/060 val_loss=384.26046143 best_val_loss=384.26046143 bad_epochs=0/8 epoch_time=00:00:11 eta=00:09:56
[a5_single_halfday_concat_20d] epoch 006/060 val_loss=166.99286957 best_val_loss=166.99286957 bad_epochs=0/8 epoch_time=00:00:11 eta=00:09:46
[a5_single_halfday_concat_20d] epoch 007/060 val_loss=116.92572327 best_val_loss=116.92572327 bad_epochs=0/8 epoch_time=00:00:11 eta=00:09:34
[a5_single_halfday_concat_20d] epoch 008/060 val_loss=75.97775726 best_val_loss=75.97775726 bad_epochs=0/8 epoch_time=00:00:11 eta=00:09:23
[a5_single_halfday_concat_20d] epoch 009/060 val_loss=55.57318649 best_val_loss=55.57318649 bad_epochs=0/8 epoch_time=00:00:11 eta=00:09:13
[a5_single_halfday_concat_20d] epoch 010/060 val_loss=74.16549149 best_val_loss=55.57318649 bad_epochs=1/8 epoch_time=00:00:11 eta=00:09:02
[a5_single_halfday_concat_20d] epoch 011/060 val_loss=176.01913147 best_val_loss=55.57318649 bad_epochs=2/8 epoch_time=00:00:11 eta=00:08:51
[a5_single_halfday_concat_20d] epoch 012/060 val_loss=56.09915314 best_val_loss=55.57318649 bad_epochs=3/8 epoch_time=00:00:11 eta=00:08:40
[a5_single_halfday_concat_20d] epoch 013/060 val_loss=52.25403290 best_val_loss=52.25403290 bad_epochs=0/8 epoch_time=00:00:11 eta=00:08:29
[a5_single_halfday_concat_20d] epoch 014/060 val_loss=51.46633911 best_val_loss=51.46633911 bad_epochs=0/8 epoch_time=00:00:11 eta=00:08:18
[a5_single_halfday_concat_20d] epoch 015/060 val_loss=51.27382965 best_val_loss=51.27382965 bad_epochs=0/8 epoch_time=00:00:11 eta=00:08:08
[a5_single_halfday_concat_20d] epoch 016/060 val_loss=51.41449242 best_val_loss=51.27382965 bad_epochs=1/8 epoch_time=00:00:11 eta=00:07:57
[a5_single_halfday_concat_20d] epoch 017/060 val_loss=70.24457703 best_val_loss=51.27382965 bad_epochs=2/8 epoch_time=00:00:11 eta=00:07:46
[a5_single_halfday_concat_20d] epoch 018/060 val_loss=147.07929993 best_val_loss=51.27382965 bad_epochs=3/8 epoch_time=00:00:11 eta=00:07:35
[a5_single_halfday_concat_20d] epoch 019/060 val_loss=54.40279160 best_val_loss=51.27382965 bad_epochs=4/8 epoch_time=00:00:11 eta=00:07:25
[a5_single_halfday_concat_20d] epoch 020/060 val_loss=68.40096283 best_val_loss=51.27382965 bad_epochs=5/8 epoch_time=00:00:11 eta=00:07:14
[a5_single_halfday_concat_20d] epoch 021/060 val_loss=54.06441078 best_val_loss=51.27382965 bad_epochs=6/8 epoch_time=00:00:11 eta=00:07:03
[a5_single_halfday_concat_20d] epoch 022/060 val_loss=139.05262604 best_val_loss=51.27382965 bad_epochs=7/8 epoch_time=00:00:11 eta=00:06:52
[a5_single_halfday_concat_20d] epoch 023/060 val_loss=56.89819679 best_val_loss=51.27382965 bad_epochs=8/8 epoch_time=00:00:11 eta=00:06:42
[a5_single_halfday_concat_20d] early stopping at epoch 23
[a5] done group=single_halfday horizon=20d test_mse=151.592224 test_corr=0.0321 (overall elapsed 06:40:52)
[a5] === run 19/24: group=single_daily freqs=['daily'] fusion=concat horizon=20d ===
[a5_single_daily_concat_20d] epoch 001/060 val_loss=328.31286011 best_val_loss=328.31286011 bad_epochs=0/8 epoch_time=00:00:45 eta=00:43:55
[a5_single_daily_concat_20d] epoch 002/060 val_loss=446.57367859 best_val_loss=328.31286011 bad_epochs=1/8 epoch_time=00:00:45 eta=00:43:07
[a5_single_daily_concat_20d] epoch 003/060 val_loss=135.32048340 best_val_loss=135.32048340 bad_epochs=0/8 epoch_time=00:00:44 eta=00:42:19
[a5_single_daily_concat_20d] epoch 004/060 val_loss=34.53831863 best_val_loss=34.53831863 bad_epochs=0/8 epoch_time=00:00:44 eta=00:41:30
[a5_single_daily_concat_20d] epoch 005/060 val_loss=148.08186722 best_val_loss=34.53831863 bad_epochs=1/8 epoch_time=00:00:44 eta=00:40:45
[a5_single_daily_concat_20d] epoch 006/060 val_loss=89.24482040 best_val_loss=34.53831863 bad_epochs=2/8 epoch_time=00:00:44 eta=00:39:58
[a5_single_daily_concat_20d] epoch 007/060 val_loss=154.76501007 best_val_loss=34.53831863 bad_epochs=3/8 epoch_time=00:00:45 eta=00:39:14
[a5_single_daily_concat_20d] epoch 008/060 val_loss=131.74899979 best_val_loss=34.53831863 bad_epochs=4/8 epoch_time=00:00:45 eta=00:38:31
[a5_single_daily_concat_20d] epoch 009/060 val_loss=32.43511353 best_val_loss=32.43511353 bad_epochs=0/8 epoch_time=00:00:44 eta=00:37:47
[a5_single_daily_concat_20d] epoch 010/060 val_loss=154.61597137 best_val_loss=32.43511353 bad_epochs=1/8 epoch_time=00:00:44 eta=00:37:03
[a5_single_daily_concat_20d] epoch 011/060 val_loss=181.78650208 best_val_loss=32.43511353 bad_epochs=2/8 epoch_time=00:00:45 eta=00:36:19
[a5_single_daily_concat_20d] epoch 012/060 val_loss=163.16096268 best_val_loss=32.43511353 bad_epochs=3/8 epoch_time=00:00:44 eta=00:35:34
[a5_single_daily_concat_20d] epoch 013/060 val_loss=173.33499374 best_val_loss=32.43511353 bad_epochs=4/8 epoch_time=00:00:44 eta=00:34:50
[a5_single_daily_concat_20d] epoch 014/060 val_loss=42.58235741 best_val_loss=32.43511353 bad_epochs=5/8 epoch_time=00:00:45 eta=00:34:06
[a5_single_daily_concat_20d] epoch 015/060 val_loss=90.45587921 best_val_loss=32.43511353 bad_epochs=6/8 epoch_time=00:00:45 eta=00:33:23
[a5_single_daily_concat_20d] epoch 016/060 val_loss=23.44724178 best_val_loss=23.44724178 bad_epochs=0/8 epoch_time=00:00:45 eta=00:32:39
[a5_single_daily_concat_20d] epoch 017/060 val_loss=73.88951645 best_val_loss=23.44724178 bad_epochs=1/8 epoch_time=00:00:44 eta=00:31:54
[a5_single_daily_concat_20d] epoch 018/060 val_loss=75.69941978 best_val_loss=23.44724178 bad_epochs=2/8 epoch_time=00:00:44 eta=00:31:08
[a5_single_daily_concat_20d] epoch 019/060 val_loss=64.12796440 best_val_loss=23.44724178 bad_epochs=3/8 epoch_time=00:00:44 eta=00:30:22
[a5_single_daily_concat_20d] epoch 020/060 val_loss=111.35726471 best_val_loss=23.44724178 bad_epochs=4/8 epoch_time=00:00:44 eta=00:29:37
[a5_single_daily_concat_20d] epoch 021/060 val_loss=20.44720459 best_val_loss=20.44720459 bad_epochs=0/8 epoch_time=00:00:44 eta=00:28:52
[a5_single_daily_concat_20d] epoch 022/060 val_loss=130.22932739 best_val_loss=20.44720459 bad_epochs=1/8 epoch_time=00:00:44 eta=00:28:07
[a5_single_daily_concat_20d] epoch 023/060 val_loss=79.19112320 best_val_loss=20.44720459 bad_epochs=2/8 epoch_time=00:00:44 eta=00:27:22
[a5_single_daily_concat_20d] epoch 024/060 val_loss=138.21332092 best_val_loss=20.44720459 bad_epochs=3/8 epoch_time=00:00:44 eta=00:26:37
[a5_single_daily_concat_20d] epoch 025/060 val_loss=121.40205231 best_val_loss=20.44720459 bad_epochs=4/8 epoch_time=00:00:44 eta=00:25:53
[a5_single_daily_concat_20d] epoch 026/060 val_loss=21.91491547 best_val_loss=20.44720459 bad_epochs=5/8 epoch_time=00:00:44 eta=00:25:08
[a5_single_daily_concat_20d] epoch 027/060 val_loss=168.99383469 best_val_loss=20.44720459 bad_epochs=6/8 epoch_time=00:00:44 eta=00:24:24
[a5_single_daily_concat_20d] epoch 028/060 val_loss=177.31410370 best_val_loss=20.44720459 bad_epochs=7/8 epoch_time=00:00:44 eta=00:23:39
[a5_single_daily_concat_20d] epoch 029/060 val_loss=155.93419647 best_val_loss=20.44720459 bad_epochs=8/8 epoch_time=00:00:44 eta=00:22:55
[a5_single_daily_concat_20d] early stopping at epoch 29
[a5] done group=single_daily horizon=20d test_mse=12.609250 test_corr=-0.2332 (overall elapsed 07:02:36)
[a5] === run 20/24: group=single_weekly freqs=['weekly'] fusion=concat horizon=20d ===
[a5_single_weekly_concat_20d] epoch 001/060 val_loss=287397.60625000 best_val_loss=287397.60625000 bad_epochs=0/8 epoch_time=00:00:16 eta=00:16:05
[a5_single_weekly_concat_20d] epoch 002/060 val_loss=213879.74375000 best_val_loss=213879.74375000 bad_epochs=0/8 epoch_time=00:00:16 eta=00:15:44
[a5_single_weekly_concat_20d] epoch 003/060 val_loss=123974.92812500 best_val_loss=123974.92812500 bad_epochs=0/8 epoch_time=00:00:16 eta=00:15:26
[a5_single_weekly_concat_20d] epoch 004/060 val_loss=54343.91015625 best_val_loss=54343.91015625 bad_epochs=0/8 epoch_time=00:00:16 eta=00:15:09
[a5_single_weekly_concat_20d] epoch 005/060 val_loss=5193.88505859 best_val_loss=5193.88505859 bad_epochs=0/8 epoch_time=00:00:16 eta=00:14:53
[a5_single_weekly_concat_20d] epoch 006/060 val_loss=3163.26538086 best_val_loss=3163.26538086 bad_epochs=0/8 epoch_time=00:00:16 eta=00:14:37
[a5_single_weekly_concat_20d] epoch 007/060 val_loss=609.75090332 best_val_loss=609.75090332 bad_epochs=0/8 epoch_time=00:00:16 eta=00:14:20
[a5_single_weekly_concat_20d] epoch 008/060 val_loss=42.83065739 best_val_loss=42.83065739 bad_epochs=0/8 epoch_time=00:00:16 eta=00:14:03
[a5_single_weekly_concat_20d] epoch 009/060 val_loss=53.67419395 best_val_loss=42.83065739 bad_epochs=1/8 epoch_time=00:00:16 eta=00:13:48
[a5_single_weekly_concat_20d] epoch 010/060 val_loss=156.30871735 best_val_loss=42.83065739 bad_epochs=2/8 epoch_time=00:00:16 eta=00:13:31
[a5_single_weekly_concat_20d] epoch 011/060 val_loss=812.37773438 best_val_loss=42.83065739 bad_epochs=3/8 epoch_time=00:00:16 eta=00:13:16
[a5_single_weekly_concat_20d] epoch 012/060 val_loss=247.96708069 best_val_loss=42.83065739 bad_epochs=4/8 epoch_time=00:00:16 eta=00:12:59
[a5_single_weekly_concat_20d] epoch 013/060 val_loss=305.67584839 best_val_loss=42.83065739 bad_epochs=5/8 epoch_time=00:00:16 eta=00:12:43
[a5_single_weekly_concat_20d] epoch 014/060 val_loss=292.14265137 best_val_loss=42.83065739 bad_epochs=6/8 epoch_time=00:00:16 eta=00:12:26
[a5_single_weekly_concat_20d] epoch 015/060 val_loss=363.77218018 best_val_loss=42.83065739 bad_epochs=7/8 epoch_time=00:00:16 eta=00:12:10
[a5_single_weekly_concat_20d] epoch 016/060 val_loss=734.23642578 best_val_loss=42.83065739 bad_epochs=8/8 epoch_time=00:00:16 eta=00:11:54
[a5_single_weekly_concat_20d] early stopping at epoch 16
[a5] done group=single_weekly horizon=20d test_mse=72.044777 test_corr=-0.2496 (overall elapsed 07:07:03)
[a5] === run 21/24: group=double_short freqs=['hourly', 'halfday'] fusion=concat horizon=20d ===
[a5_double_short_concat_20d] epoch 001/060 val_loss=64757.17812500 best_val_loss=64757.17812500 bad_epochs=0/8 epoch_time=00:00:22 eta=00:21:50
[a5_double_short_concat_20d] epoch 002/060 val_loss=42217.74140625 best_val_loss=42217.74140625 bad_epochs=0/8 epoch_time=00:00:22 eta=00:21:26
[a5_double_short_concat_20d] epoch 003/060 val_loss=30539.81347656 best_val_loss=30539.81347656 bad_epochs=0/8 epoch_time=00:00:22 eta=00:21:01
[a5_double_short_concat_20d] epoch 004/060 val_loss=24964.95898438 best_val_loss=24964.95898438 bad_epochs=0/8 epoch_time=00:00:22 eta=00:20:38
[a5_double_short_concat_20d] epoch 005/060 val_loss=15827.91220703 best_val_loss=15827.91220703 bad_epochs=0/8 epoch_time=00:00:22 eta=00:20:14
[a5_double_short_concat_20d] epoch 006/060 val_loss=9149.10478516 best_val_loss=9149.10478516 bad_epochs=0/8 epoch_time=00:00:22 eta=00:19:51
[a5_double_short_concat_20d] epoch 007/060 val_loss=2165.66303711 best_val_loss=2165.66303711 bad_epochs=0/8 epoch_time=00:00:22 eta=00:19:29
[a5_double_short_concat_20d] epoch 008/060 val_loss=405.86199036 best_val_loss=405.86199036 bad_epochs=0/8 epoch_time=00:00:22 eta=00:19:07
[a5_double_short_concat_20d] epoch 009/060 val_loss=16.09706774 best_val_loss=16.09706774 bad_epochs=0/8 epoch_time=00:00:22 eta=00:18:44
[a5_double_short_concat_20d] epoch 010/060 val_loss=77.60194550 best_val_loss=16.09706774 bad_epochs=1/8 epoch_time=00:00:22 eta=00:18:22
[a5_double_short_concat_20d] epoch 011/060 val_loss=67.22920685 best_val_loss=16.09706774 bad_epochs=2/8 epoch_time=00:00:22 eta=00:18:00
[a5_double_short_concat_20d] epoch 012/060 val_loss=35.05485611 best_val_loss=16.09706774 bad_epochs=3/8 epoch_time=00:00:22 eta=00:17:38
[a5_double_short_concat_20d] epoch 013/060 val_loss=90.08010864 best_val_loss=16.09706774 bad_epochs=4/8 epoch_time=00:00:22 eta=00:17:16
[a5_double_short_concat_20d] epoch 014/060 val_loss=38.00530396 best_val_loss=16.09706774 bad_epochs=5/8 epoch_time=00:00:22 eta=00:16:53
[a5_double_short_concat_20d] epoch 015/060 val_loss=30.57383194 best_val_loss=16.09706774 bad_epochs=6/8 epoch_time=00:00:22 eta=00:16:31
[a5_double_short_concat_20d] epoch 016/060 val_loss=81.79648743 best_val_loss=16.09706774 bad_epochs=7/8 epoch_time=00:00:22 eta=00:16:09
[a5_double_short_concat_20d] epoch 017/060 val_loss=39.71324844 best_val_loss=16.09706774 bad_epochs=8/8 epoch_time=00:00:22 eta=00:15:47
[a5_double_short_concat_20d] early stopping at epoch 17
[a5] done group=double_short horizon=20d test_mse=17.480099 test_corr=0.0400 (overall elapsed 07:13:26)
[a5] === run 22/24: group=double_lowfreq freqs=['daily', 'weekly'] fusion=concat horizon=20d ===
[a5_double_lowfreq_concat_20d] epoch 001/060 val_loss=100882.70546875 best_val_loss=100882.70546875 bad_epochs=0/8 epoch_time=00:01:01 eta=00:59:55
[a5_double_lowfreq_concat_20d] epoch 002/060 val_loss=57336.33671875 best_val_loss=57336.33671875 bad_epochs=0/8 epoch_time=00:01:00 eta=00:58:40
[a5_double_lowfreq_concat_20d] epoch 003/060 val_loss=39249.75312500 best_val_loss=39249.75312500 bad_epochs=0/8 epoch_time=00:01:01 eta=00:57:39
[a5_double_lowfreq_concat_20d] epoch 004/060 val_loss=24684.70644531 best_val_loss=24684.70644531 bad_epochs=0/8 epoch_time=00:01:01 eta=00:56:37
[a5_double_lowfreq_concat_20d] epoch 005/060 val_loss=21329.22597656 best_val_loss=21329.22597656 bad_epochs=0/8 epoch_time=00:01:01 eta=00:55:36
[a5_double_lowfreq_concat_20d] epoch 006/060 val_loss=13853.35419922 best_val_loss=13853.35419922 bad_epochs=0/8 epoch_time=00:01:01 eta=00:54:38
[a5_double_lowfreq_concat_20d] epoch 007/060 val_loss=12275.10195313 best_val_loss=12275.10195313 bad_epochs=0/8 epoch_time=00:01:01 eta=00:53:36
[a5_double_lowfreq_concat_20d] epoch 008/060 val_loss=9345.74365234 best_val_loss=9345.74365234 bad_epochs=0/8 epoch_time=00:01:01 eta=00:52:35
[a5_double_lowfreq_concat_20d] epoch 009/060 val_loss=5356.95322266 best_val_loss=5356.95322266 bad_epochs=0/8 epoch_time=00:01:01 eta=00:51:34
[a5_double_lowfreq_concat_20d] epoch 010/060 val_loss=4226.18415527 best_val_loss=4226.18415527 bad_epochs=0/8 epoch_time=00:01:01 eta=00:50:34
[a5_double_lowfreq_concat_20d] epoch 011/060 val_loss=1197.81787109 best_val_loss=1197.81787109 bad_epochs=0/8 epoch_time=00:01:01 eta=00:49:32
[a5_double_lowfreq_concat_20d] epoch 012/060 val_loss=3797.35468750 best_val_loss=1197.81787109 bad_epochs=1/8 epoch_time=00:01:01 eta=00:48:33
[a5_double_lowfreq_concat_20d] epoch 013/060 val_loss=3852.36328125 best_val_loss=1197.81787109 bad_epochs=2/8 epoch_time=00:01:01 eta=00:47:33
[a5_double_lowfreq_concat_20d] epoch 014/060 val_loss=2500.09711914 best_val_loss=1197.81787109 bad_epochs=3/8 epoch_time=00:01:01 eta=00:46:32
[a5_double_lowfreq_concat_20d] epoch 015/060 val_loss=1999.60822754 best_val_loss=1197.81787109 bad_epochs=4/8 epoch_time=00:01:01 eta=00:45:32
[a5_double_lowfreq_concat_20d] epoch 016/060 val_loss=1585.50610352 best_val_loss=1197.81787109 bad_epochs=5/8 epoch_time=00:01:01 eta=00:44:31
[a5_double_lowfreq_concat_20d] epoch 017/060 val_loss=389.20398560 best_val_loss=389.20398560 bad_epochs=0/8 epoch_time=00:01:01 eta=00:43:30
[a5_double_lowfreq_concat_20d] epoch 018/060 val_loss=960.04259033 best_val_loss=389.20398560 bad_epochs=1/8 epoch_time=00:01:01 eta=00:42:29
[a5_double_lowfreq_concat_20d] epoch 019/060 val_loss=2395.79248047 best_val_loss=389.20398560 bad_epochs=2/8 epoch_time=00:01:01 eta=00:41:28
[a5_double_lowfreq_concat_20d] epoch 020/060 val_loss=527.56115112 best_val_loss=389.20398560 bad_epochs=3/8 epoch_time=00:01:01 eta=00:40:27
[a5_double_lowfreq_concat_20d] epoch 021/060 val_loss=88.26685028 best_val_loss=88.26685028 bad_epochs=0/8 epoch_time=00:01:01 eta=00:39:27
[a5_double_lowfreq_concat_20d] epoch 022/060 val_loss=2434.72770996 best_val_loss=88.26685028 bad_epochs=1/8 epoch_time=00:01:01 eta=00:38:26
[a5_double_lowfreq_concat_20d] epoch 023/060 val_loss=646.63310547 best_val_loss=88.26685028 bad_epochs=2/8 epoch_time=00:01:01 eta=00:37:26
[a5_double_lowfreq_concat_20d] epoch 024/060 val_loss=728.28417969 best_val_loss=88.26685028 bad_epochs=3/8 epoch_time=00:01:01 eta=00:36:25
[a5_double_lowfreq_concat_20d] epoch 025/060 val_loss=170.21212463 best_val_loss=88.26685028 bad_epochs=4/8 epoch_time=00:01:01 eta=00:35:25
[a5_double_lowfreq_concat_20d] epoch 026/060 val_loss=357.86033936 best_val_loss=88.26685028 bad_epochs=5/8 epoch_time=00:01:01 eta=00:34:25
[a5_double_lowfreq_concat_20d] epoch 027/060 val_loss=1373.63066406 best_val_loss=88.26685028 bad_epochs=6/8 epoch_time=00:01:01 eta=00:33:24
[a5_double_lowfreq_concat_20d] epoch 028/060 val_loss=954.13930664 best_val_loss=88.26685028 bad_epochs=7/8 epoch_time=00:01:01 eta=00:32:23
[a5_double_lowfreq_concat_20d] epoch 029/060 val_loss=618.98929443 best_val_loss=88.26685028 bad_epochs=8/8 epoch_time=00:01:01 eta=00:31:23
[a5_double_lowfreq_concat_20d] early stopping at epoch 29
[a5] done group=double_lowfreq horizon=20d test_mse=170.248947 test_corr=0.1986 (overall elapsed 07:43:11)
[a5] === run 23/24: group=double_mixed freqs=['hourly', 'daily'] fusion=concat horizon=20d ===
[a5_double_mixed_concat_20d] epoch 001/060 val_loss=210919.78593750 best_val_loss=210919.78593750 bad_epochs=0/8 epoch_time=00:00:56 eta=00:55:03
[a5_double_mixed_concat_20d] epoch 002/060 val_loss=150274.34531250 best_val_loss=150274.34531250 bad_epochs=0/8 epoch_time=00:00:56 eta=00:54:08
[a5_double_mixed_concat_20d] epoch 003/060 val_loss=115739.44531250 best_val_loss=115739.44531250 bad_epochs=0/8 epoch_time=00:00:56 eta=00:53:16
[a5_double_mixed_concat_20d] epoch 004/060 val_loss=87786.14218750 best_val_loss=87786.14218750 bad_epochs=0/8 epoch_time=00:00:56 eta=00:52:19
[a5_double_mixed_concat_20d] epoch 005/060 val_loss=65139.98671875 best_val_loss=65139.98671875 bad_epochs=0/8 epoch_time=00:00:56 eta=00:51:22
[a5_double_mixed_concat_20d] epoch 006/060 val_loss=45975.44453125 best_val_loss=45975.44453125 bad_epochs=0/8 epoch_time=00:00:56 eta=00:50:24
[a5_double_mixed_concat_20d] epoch 007/060 val_loss=32418.01796875 best_val_loss=32418.01796875 bad_epochs=0/8 epoch_time=00:00:56 eta=00:49:27
[a5_double_mixed_concat_20d] epoch 008/060 val_loss=21100.25761719 best_val_loss=21100.25761719 bad_epochs=0/8 epoch_time=00:00:56 eta=00:48:32
[a5_double_mixed_concat_20d] epoch 009/060 val_loss=18326.25195312 best_val_loss=18326.25195312 bad_epochs=0/8 epoch_time=00:00:56 eta=00:47:36
[a5_double_mixed_concat_20d] epoch 010/060 val_loss=10371.04257812 best_val_loss=10371.04257812 bad_epochs=0/8 epoch_time=00:00:56 eta=00:46:40
[a5_double_mixed_concat_20d] epoch 011/060 val_loss=16125.84716797 best_val_loss=10371.04257812 bad_epochs=1/8 epoch_time=00:00:56 eta=00:45:43
[a5_double_mixed_concat_20d] epoch 012/060 val_loss=7545.93740234 best_val_loss=7545.93740234 bad_epochs=0/8 epoch_time=00:00:56 eta=00:44:47
[a5_double_mixed_concat_20d] epoch 013/060 val_loss=10137.31059570 best_val_loss=7545.93740234 bad_epochs=1/8 epoch_time=00:00:56 eta=00:43:51
[a5_double_mixed_concat_20d] epoch 014/060 val_loss=9284.51215820 best_val_loss=7545.93740234 bad_epochs=2/8 epoch_time=00:00:56 eta=00:42:56
[a5_double_mixed_concat_20d] epoch 015/060 val_loss=10380.39062500 best_val_loss=7545.93740234 bad_epochs=3/8 epoch_time=00:00:56 eta=00:42:01
[a5_double_mixed_concat_20d] epoch 016/060 val_loss=6412.78432617 best_val_loss=6412.78432617 bad_epochs=0/8 epoch_time=00:00:56 eta=00:41:05
[a5_double_mixed_concat_20d] epoch 017/060 val_loss=12079.55498047 best_val_loss=6412.78432617 bad_epochs=1/8 epoch_time=00:00:56 eta=00:40:09
[a5_double_mixed_concat_20d] epoch 018/060 val_loss=6409.08737793 best_val_loss=6409.08737793 bad_epochs=0/8 epoch_time=00:00:56 eta=00:39:13
[a5_double_mixed_concat_20d] epoch 019/060 val_loss=4399.23928223 best_val_loss=4399.23928223 bad_epochs=0/8 epoch_time=00:00:56 eta=00:38:17
[a5_double_mixed_concat_20d] epoch 020/060 val_loss=3661.14343262 best_val_loss=3661.14343262 bad_epochs=0/8 epoch_time=00:00:56 eta=00:37:20
[a5_double_mixed_concat_20d] epoch 021/060 val_loss=4584.87685547 best_val_loss=3661.14343262 bad_epochs=1/8 epoch_time=00:00:56 eta=00:36:24
[a5_double_mixed_concat_20d] epoch 022/060 val_loss=2590.21633301 best_val_loss=2590.21633301 bad_epochs=0/8 epoch_time=00:00:56 eta=00:35:28
[a5_double_mixed_concat_20d] epoch 023/060 val_loss=1714.68410645 best_val_loss=1714.68410645 bad_epochs=0/8 epoch_time=00:00:56 eta=00:34:32
[a5_double_mixed_concat_20d] epoch 024/060 val_loss=1567.04528198 best_val_loss=1567.04528198 bad_epochs=0/8 epoch_time=00:00:56 eta=00:33:36
[a5_double_mixed_concat_20d] epoch 025/060 val_loss=740.40306396 best_val_loss=740.40306396 bad_epochs=0/8 epoch_time=00:00:56 eta=00:32:40
[a5_double_mixed_concat_20d] epoch 026/060 val_loss=1084.61268311 best_val_loss=740.40306396 bad_epochs=1/8 epoch_time=00:00:56 eta=00:31:44
[a5_double_mixed_concat_20d] epoch 027/060 val_loss=142.51985474 best_val_loss=142.51985474 bad_epochs=0/8 epoch_time=00:00:56 eta=00:30:48
[a5_double_mixed_concat_20d] epoch 028/060 val_loss=301.65293579 best_val_loss=142.51985474 bad_epochs=1/8 epoch_time=00:00:56 eta=00:29:52
[a5_double_mixed_concat_20d] epoch 029/060 val_loss=123.05563965 best_val_loss=123.05563965 bad_epochs=0/8 epoch_time=00:00:56 eta=00:28:56
[a5_double_mixed_concat_20d] epoch 030/060 val_loss=596.77080078 best_val_loss=123.05563965 bad_epochs=1/8 epoch_time=00:00:56 eta=00:28:00
[a5_double_mixed_concat_20d] epoch 031/060 val_loss=197.19844666 best_val_loss=123.05563965 bad_epochs=2/8 epoch_time=00:00:56 eta=00:27:04
[a5_double_mixed_concat_20d] epoch 032/060 val_loss=145.73791351 best_val_loss=123.05563965 bad_epochs=3/8 epoch_time=00:00:56 eta=00:26:08
[a5_double_mixed_concat_20d] epoch 033/060 val_loss=490.20354614 best_val_loss=123.05563965 bad_epochs=4/8 epoch_time=00:00:56 eta=00:25:12
[a5_double_mixed_concat_20d] epoch 034/060 val_loss=213.21264038 best_val_loss=123.05563965 bad_epochs=5/8 epoch_time=00:00:56 eta=00:24:16
[a5_double_mixed_concat_20d] epoch 035/060 val_loss=177.49197998 best_val_loss=123.05563965 bad_epochs=6/8 epoch_time=00:00:58 eta=00:23:21
[a5_double_mixed_concat_20d] epoch 036/060 val_loss=357.95087280 best_val_loss=123.05563965 bad_epochs=7/8 epoch_time=00:00:56 eta=00:22:25
[a5_double_mixed_concat_20d] epoch 037/060 val_loss=284.73419189 best_val_loss=123.05563965 bad_epochs=8/8 epoch_time=00:00:56 eta=00:21:29
[a5_double_mixed_concat_20d] early stopping at epoch 37
[a5] done group=double_mixed horizon=20d test_mse=422.839264 test_corr=0.0418 (overall elapsed 08:18:08)
[a5] === run 24/24: group=full_frequency freqs=['hourly', 'halfday', 'daily', 'weekly'] fusion=concat horizon=20d ===
[a5_full_frequency_concat_20d] epoch 001/060 val_loss=44423.76289063 best_val_loss=44423.76289063 bad_epochs=0/8 epoch_time=00:01:28 eta=01:26:41
[a5_full_frequency_concat_20d] epoch 002/060 val_loss=33713.43710938 best_val_loss=33713.43710938 bad_epochs=0/8 epoch_time=00:01:27 eta=01:24:40
[a5_full_frequency_concat_20d] epoch 003/060 val_loss=20758.54179688 best_val_loss=20758.54179688 bad_epochs=0/8 epoch_time=00:01:26 eta=01:22:45
[a5_full_frequency_concat_20d] epoch 004/060 val_loss=14672.65410156 best_val_loss=14672.65410156 bad_epochs=0/8 epoch_time=00:01:26 eta=01:21:03
[a5_full_frequency_concat_20d] epoch 005/060 val_loss=9193.86054687 best_val_loss=9193.86054687 bad_epochs=0/8 epoch_time=00:01:26 eta=01:19:22
[a5_full_frequency_concat_20d] epoch 006/060 val_loss=6002.30795898 best_val_loss=6002.30795898 bad_epochs=0/8 epoch_time=00:01:25 eta=01:17:43
[a5_full_frequency_concat_20d] epoch 007/060 val_loss=3833.30346680 best_val_loss=3833.30346680 bad_epochs=0/8 epoch_time=00:01:27 eta=01:16:20
[a5_full_frequency_concat_20d] epoch 008/060 val_loss=1438.69331055 best_val_loss=1438.69331055 bad_epochs=0/8 epoch_time=00:01:25 eta=01:14:42
[a5_full_frequency_concat_20d] epoch 009/060 val_loss=956.59733276 best_val_loss=956.59733276 bad_epochs=0/8 epoch_time=00:01:26 eta=01:13:12
[a5_full_frequency_concat_20d] epoch 010/060 val_loss=1551.74560547 best_val_loss=956.59733276 bad_epochs=1/8 epoch_time=00:01:25 eta=01:11:41
[a5_full_frequency_concat_20d] epoch 011/060 val_loss=367.17766113 best_val_loss=367.17766113 bad_epochs=0/8 epoch_time=00:01:25 eta=01:10:09
[a5_full_frequency_concat_20d] epoch 012/060 val_loss=1492.28007813 best_val_loss=367.17766113 bad_epochs=1/8 epoch_time=00:01:25 eta=01:08:37
[a5_full_frequency_concat_20d] epoch 013/060 val_loss=1207.63878174 best_val_loss=367.17766113 bad_epochs=2/8 epoch_time=00:01:25 eta=01:07:08
[a5_full_frequency_concat_20d] epoch 014/060 val_loss=706.41951904 best_val_loss=367.17766113 bad_epochs=3/8 epoch_time=00:01:26 eta=01:05:44
[a5_full_frequency_concat_20d] epoch 015/060 val_loss=2516.96811523 best_val_loss=367.17766113 bad_epochs=4/8 epoch_time=00:01:26 eta=01:04:19
[a5_full_frequency_concat_20d] epoch 016/060 val_loss=3607.06420898 best_val_loss=367.17766113 bad_epochs=5/8 epoch_time=00:01:25 eta=01:02:51
[a5_full_frequency_concat_20d] epoch 017/060 val_loss=3701.68994141 best_val_loss=367.17766113 bad_epochs=6/8 epoch_time=00:01:24 eta=01:01:21
[a5_full_frequency_concat_20d] epoch 018/060 val_loss=427.30199890 best_val_loss=367.17766113 bad_epochs=7/8 epoch_time=00:01:26 eta=00:59:56
[a5_full_frequency_concat_20d] epoch 019/060 val_loss=1905.00185547 best_val_loss=367.17766113 bad_epochs=8/8 epoch_time=00:01:27 eta=00:58:33
[a5_full_frequency_concat_20d] early stopping at epoch 19
[a5] done group=full_frequency horizon=20d test_mse=6147.807617 test_corr=0.0113 (overall elapsed 08:45:53)
[a5] ALL DONE. Results at /Users/maxiyao/Desktop/金融工程项目/pathformer/experiments/expA_fslr_fullfreq/output/a5_frequency_ablation_concat_results.csv
[a5] 24 total runs (group x horizon), fusion=concat
[a5] === run 1/24: group=single_hourly freqs=['hourly'] fusion=concat horizon=5d ===
[a5_single_hourly_concat_5d] epoch 001/060 val_loss=18773.00615234 best_val_loss=18773.00615234 bad_epochs=0/8 epoch_time=00:00:12 eta=00:11:47
[a5_single_hourly_concat_5d] epoch 002/060 val_loss=12529.37226562 best_val_loss=12529.37226562 bad_epochs=0/8 epoch_time=00:00:12 eta=00:11:33
[a5_single_hourly_concat_5d] epoch 003/060 val_loss=8752.81425781 best_val_loss=8752.81425781 bad_epochs=0/8 epoch_time=00:00:12 eta=00:11:14
[a5_single_hourly_concat_5d] epoch 004/060 val_loss=5992.18457031 best_val_loss=5992.18457031 bad_epochs=0/8 epoch_time=00:00:11 eta=00:10:57
[a5_single_hourly_concat_5d] epoch 005/060 val_loss=3395.35917969 best_val_loss=3395.35917969 bad_epochs=0/8 epoch_time=00:00:12 eta=00:10:47
[a5_single_hourly_concat_5d] epoch 006/060 val_loss=1249.95433960 best_val_loss=1249.95433960 bad_epochs=0/8 epoch_time=00:00:12 eta=00:10:38
[a5_single_hourly_concat_5d] epoch 007/060 val_loss=309.16495667 best_val_loss=309.16495667 bad_epochs=0/8 epoch_time=00:00:12 eta=00:10:25
[a5_single_hourly_concat_5d] epoch 008/060 val_loss=118.38211823 best_val_loss=118.38211823 bad_epochs=0/8 epoch_time=00:00:12 eta=00:10:13
[a5_single_hourly_concat_5d] epoch 009/060 val_loss=76.50445557 best_val_loss=76.50445557 bad_epochs=0/8 epoch_time=00:00:12 eta=00:10:03
[a5_single_hourly_concat_5d] epoch 010/060 val_loss=77.87871399 best_val_loss=76.50445557 bad_epochs=1/8 epoch_time=00:00:12 eta=00:09:51
[a5_single_hourly_concat_5d] epoch 011/060 val_loss=52.94740829 best_val_loss=52.94740829 bad_epochs=0/8 epoch_time=00:00:12 eta=00:09:40
[a5_single_hourly_concat_5d] epoch 012/060 val_loss=46.40361176 best_val_loss=46.40361176 bad_epochs=0/8 epoch_time=00:00:12 eta=00:09:29
[a5_single_hourly_concat_5d] epoch 013/060 val_loss=39.95409431 best_val_loss=39.95409431 bad_epochs=0/8 epoch_time=00:00:12 eta=00:09:18
[a5_single_hourly_concat_5d] epoch 014/060 val_loss=41.00014420 best_val_loss=39.95409431 bad_epochs=1/8 epoch_time=00:00:12 eta=00:09:07
[a5_single_hourly_concat_5d] epoch 015/060 val_loss=34.63268585 best_val_loss=34.63268585 bad_epochs=0/8 epoch_time=00:00:12 eta=00:08:55
[a5_single_hourly_concat_5d] epoch 016/060 val_loss=31.75869446 best_val_loss=31.75869446 bad_epochs=0/8 epoch_time=00:00:12 eta=00:08:43
[a5_single_hourly_concat_5d] epoch 017/060 val_loss=18.45166340 best_val_loss=18.45166340 bad_epochs=0/8 epoch_time=00:00:12 eta=00:08:32
[a5_single_hourly_concat_5d] epoch 018/060 val_loss=13.83924732 best_val_loss=13.83924732 bad_epochs=0/8 epoch_time=00:00:12 eta=00:08:20
[a5_single_hourly_concat_5d] epoch 019/060 val_loss=13.72192049 best_val_loss=13.72192049 bad_epochs=0/8 epoch_time=00:00:12 eta=00:08:08
[a5_single_hourly_concat_5d] epoch 020/060 val_loss=14.08765965 best_val_loss=13.72192049 bad_epochs=1/8 epoch_time=00:00:12 eta=00:07:57
[a5_single_hourly_concat_5d] epoch 021/060 val_loss=14.57045498 best_val_loss=13.72192049 bad_epochs=2/8 epoch_time=00:00:12 eta=00:07:45
[a5_single_hourly_concat_5d] epoch 022/060 val_loss=16.89044476 best_val_loss=13.72192049 bad_epochs=3/8 epoch_time=00:00:12 eta=00:07:33
[a5_single_hourly_concat_5d] epoch 023/060 val_loss=16.95136280 best_val_loss=13.72192049 bad_epochs=4/8 epoch_time=00:00:12 eta=00:07:21
[a5_single_hourly_concat_5d] epoch 024/060 val_loss=18.71353054 best_val_loss=13.72192049 bad_epochs=5/8 epoch_time=00:00:12 eta=00:07:09
[a5_single_hourly_concat_5d] epoch 025/060 val_loss=19.55796566 best_val_loss=13.72192049 bad_epochs=6/8 epoch_time=00:00:12 eta=00:06:57
[a5_single_hourly_concat_5d] epoch 026/060 val_loss=21.24665642 best_val_loss=13.72192049 bad_epochs=7/8 epoch_time=00:00:12 eta=00:06:45
[a5_single_hourly_concat_5d] epoch 027/060 val_loss=23.13165073 best_val_loss=13.72192049 bad_epochs=8/8 epoch_time=00:00:12 eta=00:06:34
[a5_single_hourly_concat_5d] early stopping at epoch 27
[a5] done group=single_hourly horizon=5d test_mse=2.238723 test_corr=-0.0300 (overall elapsed 00:05:28)
[a5] === run 2/24: group=single_halfday freqs=['halfday'] fusion=concat horizon=5d ===
[a5_single_halfday_concat_5d] epoch 001/060 val_loss=62822.15507812 best_val_loss=62822.15507812 bad_epochs=0/8 epoch_time=00:00:11 eta=00:10:57
[a5_single_halfday_concat_5d] epoch 002/060 val_loss=42803.80195313 best_val_loss=42803.80195313 bad_epochs=0/8 epoch_time=00:00:11 eta=00:10:54
[a5_single_halfday_concat_5d] epoch 003/060 val_loss=33349.56914062 best_val_loss=33349.56914062 bad_epochs=0/8 epoch_time=00:00:12 eta=00:10:53
[a5_single_halfday_concat_5d] epoch 004/060 val_loss=24754.01640625 best_val_loss=24754.01640625 bad_epochs=0/8 epoch_time=00:00:12 eta=00:10:47
[a5_single_halfday_concat_5d] epoch 005/060 val_loss=16810.31230469 best_val_loss=16810.31230469 bad_epochs=0/8 epoch_time=00:00:11 eta=00:10:34
[a5_single_halfday_concat_5d] epoch 006/060 val_loss=8799.87519531 best_val_loss=8799.87519531 bad_epochs=0/8 epoch_time=00:00:11 eta=00:10:22
[a5_single_halfday_concat_5d] epoch 007/060 val_loss=1080.00516357 best_val_loss=1080.00516357 bad_epochs=0/8 epoch_time=00:00:11 eta=00:10:09
[a5_single_halfday_concat_5d] epoch 008/060 val_loss=267.71737671 best_val_loss=267.71737671 bad_epochs=0/8 epoch_time=00:00:11 eta=00:09:57
[a5_single_halfday_concat_5d] epoch 009/060 val_loss=72.30272980 best_val_loss=72.30272980 bad_epochs=0/8 epoch_time=00:00:11 eta=00:09:46
[a5_single_halfday_concat_5d] epoch 010/060 val_loss=142.69848480 best_val_loss=72.30272980 bad_epochs=1/8 epoch_time=00:00:11 eta=00:09:34
[a5_single_halfday_concat_5d] epoch 011/060 val_loss=66.28462410 best_val_loss=66.28462410 bad_epochs=0/8 epoch_time=00:00:11 eta=00:09:21
[a5_single_halfday_concat_5d] epoch 012/060 val_loss=136.97074280 best_val_loss=66.28462410 bad_epochs=1/8 epoch_time=00:00:12 eta=00:09:10
[a5_single_halfday_concat_5d] epoch 013/060 val_loss=62.13087349 best_val_loss=62.13087349 bad_epochs=0/8 epoch_time=00:00:11 eta=00:08:59
[a5_single_halfday_concat_5d] epoch 014/060 val_loss=131.93448944 best_val_loss=62.13087349 bad_epochs=1/8 epoch_time=00:00:12 eta=00:08:47
[a5_single_halfday_concat_5d] epoch 015/060 val_loss=58.36974411 best_val_loss=58.36974411 bad_epochs=0/8 epoch_time=00:00:11 eta=00:08:36
[a5_single_halfday_concat_5d] epoch 016/060 val_loss=127.82647247 best_val_loss=58.36974411 bad_epochs=1/8 epoch_time=00:00:11 eta=00:08:25
[a5_single_halfday_concat_5d] epoch 017/060 val_loss=55.18690567 best_val_loss=55.18690567 bad_epochs=0/8 epoch_time=00:00:11 eta=00:08:13
[a5_single_halfday_concat_5d] epoch 018/060 val_loss=123.74943542 best_val_loss=55.18690567 bad_epochs=1/8 epoch_time=00:00:12 eta=00:08:02
[a5_single_halfday_concat_5d] epoch 019/060 val_loss=52.38377151 best_val_loss=52.38377151 bad_epochs=0/8 epoch_time=00:00:12 eta=00:07:51
[a5_single_halfday_concat_5d] epoch 020/060 val_loss=120.17621460 best_val_loss=52.38377151 bad_epochs=1/8 epoch_time=00:00:11 eta=00:07:39
[a5_single_halfday_concat_5d] epoch 021/060 val_loss=50.25625114 best_val_loss=50.25625114 bad_epochs=0/8 epoch_time=00:00:11 eta=00:07:27
[a5_single_halfday_concat_5d] epoch 022/060 val_loss=116.79536438 best_val_loss=50.25625114 bad_epochs=1/8 epoch_time=00:00:11 eta=00:07:15
[a5_single_halfday_concat_5d] epoch 023/060 val_loss=48.41002998 best_val_loss=48.41002998 bad_epochs=0/8 epoch_time=00:00:11 eta=00:07:03
[a5_single_halfday_concat_5d] epoch 024/060 val_loss=113.34135132 best_val_loss=48.41002998 bad_epochs=1/8 epoch_time=00:00:11 eta=00:06:51
[a5_single_halfday_concat_5d] epoch 025/060 val_loss=47.12674866 best_val_loss=47.12674866 bad_epochs=0/8 epoch_time=00:00:11 eta=00:06:39
[a5_single_halfday_concat_5d] epoch 026/060 val_loss=110.47694702 best_val_loss=47.12674866 bad_epochs=1/8 epoch_time=00:00:11 eta=00:06:27
[a5_single_halfday_concat_5d] epoch 027/060 val_loss=45.99172478 best_val_loss=45.99172478 bad_epochs=0/8 epoch_time=00:00:11 eta=00:06:15
[a5_single_halfday_concat_5d] epoch 028/060 val_loss=107.55391388 best_val_loss=45.99172478 bad_epochs=1/8 epoch_time=00:00:11 eta=00:06:04
[a5_single_halfday_concat_5d] epoch 029/060 val_loss=45.00942307 best_val_loss=45.00942307 bad_epochs=0/8 epoch_time=00:00:11 eta=00:05:52
[a5_single_halfday_concat_5d] epoch 030/060 val_loss=104.76722260 best_val_loss=45.00942307 bad_epochs=1/8 epoch_time=00:00:11 eta=00:05:41
[a5_single_halfday_concat_5d] epoch 031/060 val_loss=44.40080948 best_val_loss=44.40080948 bad_epochs=0/8 epoch_time=00:00:11 eta=00:05:29
[a5_single_halfday_concat_5d] epoch 032/060 val_loss=102.47413177 best_val_loss=44.40080948 bad_epochs=1/8 epoch_time=00:00:11 eta=00:05:18
[a5_single_halfday_concat_5d] epoch 033/060 val_loss=43.94403763 best_val_loss=43.94403763 bad_epochs=0/8 epoch_time=00:00:11 eta=00:05:06
[a5_single_halfday_concat_5d] epoch 034/060 val_loss=100.47998199 best_val_loss=43.94403763 bad_epochs=1/8 epoch_time=00:00:11 eta=00:04:54
[a5_single_halfday_concat_5d] epoch 035/060 val_loss=43.60918427 best_val_loss=43.60918427 bad_epochs=0/8 epoch_time=00:00:11 eta=00:04:43
[a5_single_halfday_concat_5d] epoch 036/060 val_loss=98.35553970 best_val_loss=43.60918427 bad_epochs=1/8 epoch_time=00:00:11 eta=00:04:31
[a5_single_halfday_concat_5d] epoch 037/060 val_loss=43.50310745 best_val_loss=43.50310745 bad_epochs=0/8 epoch_time=00:00:11 eta=00:04:20
[a5_single_halfday_concat_5d] epoch 038/060 val_loss=96.32445908 best_val_loss=43.50310745 bad_epochs=1/8 epoch_time=00:00:11 eta=00:04:08
[a5_single_halfday_concat_5d] epoch 039/060 val_loss=43.55564156 best_val_loss=43.50310745 bad_epochs=2/8 epoch_time=00:00:12 eta=00:03:57
[a5_single_halfday_concat_5d] epoch 040/060 val_loss=94.66065292 best_val_loss=43.50310745 bad_epochs=3/8 epoch_time=00:00:11 eta=00:03:46
[a5_single_halfday_concat_5d] epoch 041/060 val_loss=43.69350319 best_val_loss=43.50310745 bad_epochs=4/8 epoch_time=00:00:11 eta=00:03:34
[a5_single_halfday_concat_5d] epoch 042/060 val_loss=92.90457382 best_val_loss=43.50310745 bad_epochs=5/8 epoch_time=00:00:11 eta=00:03:23
[a5_single_halfday_concat_5d] epoch 043/060 val_loss=44.00112305 best_val_loss=43.50310745 bad_epochs=6/8 epoch_time=00:00:11 eta=00:03:12
[a5_single_halfday_concat_5d] epoch 044/060 val_loss=91.45410614 best_val_loss=43.50310745 bad_epochs=7/8 epoch_time=00:00:12 eta=00:03:00
[a5_single_halfday_concat_5d] epoch 045/060 val_loss=44.24435997 best_val_loss=43.50310745 bad_epochs=8/8 epoch_time=00:00:11 eta=00:02:49
[a5_single_halfday_concat_5d] early stopping at epoch 45
[a5] done group=single_halfday horizon=5d test_mse=31.638910 test_corr=-0.1172 (overall elapsed 00:14:00)
[a5] === run 3/24: group=single_daily freqs=['daily'] fusion=concat horizon=5d ===
[a5_single_daily_concat_5d] epoch 001/060 val_loss=103967.87578125 best_val_loss=103967.87578125 bad_epochs=0/8 epoch_time=00:00:46 eta=00:45:42
[a5_single_daily_concat_5d] epoch 002/060 val_loss=72174.23203125 best_val_loss=72174.23203125 bad_epochs=0/8 epoch_time=00:00:45 eta=00:44:06
[a5_single_daily_concat_5d] epoch 003/060 val_loss=48269.80312500 best_val_loss=48269.80312500 bad_epochs=0/8 epoch_time=00:00:46 eta=00:43:26
[a5_single_daily_concat_5d] epoch 004/060 val_loss=24485.75507812 best_val_loss=24485.75507812 bad_epochs=0/8 epoch_time=00:00:45 eta=00:42:26
[a5_single_daily_concat_5d] epoch 005/060 val_loss=2105.58317871 best_val_loss=2105.58317871 bad_epochs=0/8 epoch_time=00:00:45 eta=00:41:36
[a5_single_daily_concat_5d] epoch 006/060 val_loss=1535.12025146 best_val_loss=1535.12025146 bad_epochs=0/8 epoch_time=00:00:45 eta=00:40:47
[a5_single_daily_concat_5d] epoch 007/060 val_loss=86.42231064 best_val_loss=86.42231064 bad_epochs=0/8 epoch_time=00:00:45 eta=00:40:01
[a5_single_daily_concat_5d] epoch 008/060 val_loss=102.85949936 best_val_loss=86.42231064 bad_epochs=1/8 epoch_time=00:00:45 eta=00:39:12
[a5_single_daily_concat_5d] epoch 009/060 val_loss=90.76412659 best_val_loss=86.42231064 bad_epochs=2/8 epoch_time=00:00:45 eta=00:38:26
[a5_single_daily_concat_5d] epoch 010/060 val_loss=67.55148849 best_val_loss=67.55148849 bad_epochs=0/8 epoch_time=00:00:47 eta=00:37:49
[a5_single_daily_concat_5d] epoch 011/060 val_loss=151.22374420 best_val_loss=67.55148849 bad_epochs=1/8 epoch_time=00:00:45 eta=00:37:02
[a5_single_daily_concat_5d] epoch 012/060 val_loss=168.24543915 best_val_loss=67.55148849 bad_epochs=2/8 epoch_time=00:00:45 eta=00:36:13
[a5_single_daily_concat_5d] epoch 013/060 val_loss=193.88185272 best_val_loss=67.55148849 bad_epochs=3/8 epoch_time=00:00:45 eta=00:35:25
[a5_single_daily_concat_5d] epoch 014/060 val_loss=207.82986450 best_val_loss=67.55148849 bad_epochs=4/8 epoch_time=00:00:45 eta=00:34:38
[a5_single_daily_concat_5d] epoch 015/060 val_loss=306.40090637 best_val_loss=67.55148849 bad_epochs=5/8 epoch_time=00:00:45 eta=00:33:51
[a5_single_daily_concat_5d] epoch 016/060 val_loss=49.52627678 best_val_loss=49.52627678 bad_epochs=0/8 epoch_time=00:00:46 eta=00:33:09
[a5_single_daily_concat_5d] epoch 017/060 val_loss=85.35580597 best_val_loss=49.52627678 bad_epochs=1/8 epoch_time=00:00:46 eta=00:32:25
[a5_single_daily_concat_5d] epoch 018/060 val_loss=72.51688614 best_val_loss=49.52627678 bad_epochs=2/8 epoch_time=00:00:51 eta=00:31:53
[a5_single_daily_concat_5d] epoch 019/060 val_loss=34.53692589 best_val_loss=34.53692589 bad_epochs=0/8 epoch_time=00:00:46 eta=00:31:09
[a5_single_daily_concat_5d] epoch 020/060 val_loss=135.36672668 best_val_loss=34.53692589 bad_epochs=1/8 epoch_time=00:00:48 eta=00:30:29
[a5_single_daily_concat_5d] epoch 021/060 val_loss=160.87173691 best_val_loss=34.53692589 bad_epochs=2/8 epoch_time=00:00:45 eta=00:29:42
[a5_single_daily_concat_5d] epoch 022/060 val_loss=186.61342926 best_val_loss=34.53692589 bad_epochs=3/8 epoch_time=00:00:45 eta=00:28:56
[a5_single_daily_concat_5d] epoch 023/060 val_loss=194.55826416 best_val_loss=34.53692589 bad_epochs=4/8 epoch_time=00:00:45 eta=00:28:09
[a5_single_daily_concat_5d] epoch 024/060 val_loss=291.11497345 best_val_loss=34.53692589 bad_epochs=5/8 epoch_time=00:00:45 eta=00:27:22
[a5_single_daily_concat_5d] epoch 025/060 val_loss=36.20875883 best_val_loss=34.53692589 bad_epochs=6/8 epoch_time=00:00:47 eta=00:26:38
[a5_single_daily_concat_5d] epoch 026/060 val_loss=82.43415604 best_val_loss=34.53692589 bad_epochs=7/8 epoch_time=00:00:46 eta=00:25:52
[a5_single_daily_concat_5d] epoch 027/060 val_loss=65.97973251 best_val_loss=34.53692589 bad_epochs=8/8 epoch_time=00:00:46 eta=00:25:06
[a5_single_daily_concat_5d] early stopping at epoch 27
[a5] done group=single_daily horizon=5d test_mse=5.991497 test_corr=-0.0975 (overall elapsed 00:34:50)
[a5] === run 4/24: group=single_weekly freqs=['weekly'] fusion=concat horizon=5d ===
[a5_single_weekly_concat_5d] epoch 001/060 val_loss=1443555.70000000 best_val_loss=1443555.70000000 bad_epochs=0/8 epoch_time=00:00:17 eta=00:17:04
[a5_single_weekly_concat_5d] epoch 002/060 val_loss=987279.57500000 best_val_loss=987279.57500000 bad_epochs=0/8 epoch_time=00:00:17 eta=00:16:38
[a5_single_weekly_concat_5d] epoch 003/060 val_loss=834070.97500000 best_val_loss=834070.97500000 bad_epochs=0/8 epoch_time=00:00:16 eta=00:16:07
[a5_single_weekly_concat_5d] epoch 004/060 val_loss=768900.17500000 best_val_loss=768900.17500000 bad_epochs=0/8 epoch_time=00:00:16 eta=00:15:42
[a5_single_weekly_concat_5d] epoch 005/060 val_loss=753572.10000000 best_val_loss=753572.10000000 bad_epochs=0/8 epoch_time=00:00:17 eta=00:15:31
[a5_single_weekly_concat_5d] epoch 006/060 val_loss=645371.23750000 best_val_loss=645371.23750000 bad_epochs=0/8 epoch_time=00:00:17 eta=00:15:18
[a5_single_weekly_concat_5d] epoch 007/060 val_loss=541848.45000000 best_val_loss=541848.45000000 bad_epochs=0/8 epoch_time=00:00:17 eta=00:14:58
[a5_single_weekly_concat_5d] epoch 008/060 val_loss=534915.97500000 best_val_loss=534915.97500000 bad_epochs=0/8 epoch_time=00:00:16 eta=00:14:37
[a5_single_weekly_concat_5d] epoch 009/060 val_loss=390182.18750000 best_val_loss=390182.18750000 bad_epochs=0/8 epoch_time=00:00:16 eta=00:14:18
[a5_single_weekly_concat_5d] epoch 010/060 val_loss=361039.13125000 best_val_loss=361039.13125000 bad_epochs=0/8 epoch_time=00:00:17 eta=00:14:00
[a5_single_weekly_concat_5d] epoch 011/060 val_loss=273123.78437500 best_val_loss=273123.78437500 bad_epochs=0/8 epoch_time=00:00:16 eta=00:13:42
[a5_single_weekly_concat_5d] epoch 012/060 val_loss=251306.28125000 best_val_loss=251306.28125000 bad_epochs=0/8 epoch_time=00:00:17 eta=00:13:27
[a5_single_weekly_concat_5d] epoch 013/060 val_loss=169079.29218750 best_val_loss=169079.29218750 bad_epochs=0/8 epoch_time=00:00:18 eta=00:13:12
[a5_single_weekly_concat_5d] epoch 014/060 val_loss=108610.04062500 best_val_loss=108610.04062500 bad_epochs=0/8 epoch_time=00:00:17 eta=00:12:57
[a5_single_weekly_concat_5d] epoch 015/060 val_loss=21695.81171875 best_val_loss=21695.81171875 bad_epochs=0/8 epoch_time=00:00:17 eta=00:12:40
[a5_single_weekly_concat_5d] epoch 016/060 val_loss=2982.29018555 best_val_loss=2982.29018555 bad_epochs=0/8 epoch_time=00:00:17 eta=00:12:24
